{
"type": "FeatureCollection",
"name": "churches",
"version": "2.1.0",
"crs": { "type": "name", "properties": { "name": "urn:ogc:def:crs:OGC:1.3:CRS84" } },
"features": [
{ "type": "Feature", "properties": { "Contact ID": 2453, "Sort Name": "Abram St John Wigan", "Contact Subtype": null, "Church/Organisation Profile: Church Postcode": "WN2 5RQ", "Long": -2.594037, "Lat": 53.510313, "Church/Organisation Profile: Approved by IC": null, "Organisation Details: Date Trustees Approval": null, "Organisation Details: Welcome Email Date": null, "Denom": null, "Organisation Details: Denomination": null, "Church/Organisation Profile: Church Denomination": null, "field_13": "2304" }, "geometry": { "type": "Point", "coordinates": [ -2.594037, 53.510313 ] } },
{ "type": "Feature", "properties": { "Contact ID": 7333, "Sort Name": "Alcester Baptist Church", "Contact Subtype": null, "Church/Organisation Profile: Church Postcode": "B49 5AJ", "Long": -1.86816, "Lat": 52.215546, "Church/Organisation Profile: Approved by IC": null, "Organisation Details: Date Trustees Approval": null, "Organisation Details: Welcome Email Date": null, "Denom": "Baptist", "Organisation Details: Denomination": null, "Church/Organisation Profile: Church Denomination": null, "field_13": "8912" }, "geometry": { "type": "Point", "coordinates": [ -1.86816, 52.215546 ] } },
{ "type": "Feature", "properties": { "Contact ID": 2613, "Sort Name": "All Hallows by the Tower", "Contact Subtype": null, "Church/Organisation Profile: Church Postcode": "EC3R 5B", "Long": 0.0, "Lat": 0.0, "Church/Organisation Profile: Approved by IC": null, "Organisation Details: Date Trustees Approval": null, "Organisation Details: Welcome Email Date": null, "Denom": null, "Organisation Details: Denomination": null, "Church/Organisation Profile: Church Denomination": null, "field_13": "5555" }, "geometry": { "type": "Point", "coordinates": [ 0.0, 0.0 ] } },
{ "type": "Feature", "properties": { "Contact ID": 2596, "Sort Name": "All Hallows Ordsall", "Contact Subtype": null, "Church/Organisation Profile: Church Postcode": "DN22 7TP", "Long": -0.94402, "Lat": 53.309907, "Church/Organisation Profile: Approved by IC": null, "Organisation Details: Date Trustees Approval": null, "Organisation Details: Welcome Email Date": null, "Denom": "Church of England", "Organisation Details: Denomination": null, "Church/Organisation Profile: Church Denomination": null, "field_13": "5812" }, "geometry": { "type": "Point", "coordinates": [ -0.94402, 53.309907 ] } },
{ "type": "Feature", "properties": { "Contact ID": 235667, "Sort Name": "All Hallows, Bardsey & St Mary Magdalene, East Keswick", "Contact Subtype": null, "Church/Organisation Profile: Church Postcode": "LS17 9DH", "Long": -1.442982, "Lat": 53.883534, "Church/Organisation Profile: Approved by IC": null, "Organisation Details: Date Trustees Approval": null, "Organisation Details: Welcome Email Date": null, "Denom": null, "Organisation Details: Denomination": null, "Church/Organisation Profile: Church Denomination": null, "field_13": "7544" }, "geometry": { "type": "Point", "coordinates": [ -1.442982, 53.883534 ] } },
{ "type": "Feature", "properties": { "Contact ID": 5544, "Sort Name": "All Hallows, Leeds", "Contact Subtype": null, "Church/Organisation Profile: Church Postcode": "LS6 1NP", "Long": -1.568299, "Lat": 53.808667, "Church/Organisation Profile: Approved by IC": null, "Organisation Details: Date Trustees Approval": null, "Organisation Details: Welcome Email Date": null, "Denom": "Church of England", "Organisation Details: Denomination": null, "Church/Organisation Profile: Church Denomination": null, "field_13": "4318" }, "geometry": { "type": "Point", "coordinates": [ -1.568299, 53.808667 ] } },
{ "type": "Feature", "properties": { "Contact ID": 181893, "Sort Name": "All Nations Church Keighley", "Contact Subtype": null, "Church/Organisation Profile: Church Postcode": "BD21 3AF", "Long": -1.909329, "Lat": 53.869509, "Church/Organisation Profile: Approved by IC": null, "Organisation Details: Date Trustees Approval": null, "Organisation Details: Welcome Email Date": null, "Denom": null, "Organisation Details: Denomination": null, "Church/Organisation Profile: Church Denomination": null, "field_13": "10051" }, "geometry": { "type": "Point", "coordinates": [ -1.909329, 53.869509 ] } },
{ "type": "Feature", "properties": { "Contact ID": 6503, "Sort Name": "All Saints (Leamington Parish Church)", "Contact Subtype": null, "Church/Organisation Profile: Church Postcode": "CV31 3AE", "Long": -1.532941, "Lat": 52.284904, "Church/Organisation Profile: Approved by IC": null, "Organisation Details: Date Trustees Approval": null, "Organisation Details: Welcome Email Date": null, "Denom": "Church of England", "Organisation Details: Denomination": null, "Church/Organisation Profile: Church Denomination": null, "field_13": "7134" }, "geometry": { "type": "Point", "coordinates": [ -1.532941, 52.284904 ] } },
{ "type": "Feature", "properties": { "Contact ID": 235312, "Sort Name": "All Saints Agassiz, BC", "Contact Subtype": null, "Church/Organisation Profile: Church Postcode": "V0M 1K0", "Long": 0.0, "Lat": 0.0, "Church/Organisation Profile: Approved by IC": null, "Organisation Details: Date Trustees Approval": null, "Organisation Details: Welcome Email Date": null, "Denom": "ACA", "Organisation Details: Denomination": null, "Church/Organisation Profile: Church Denomination": null, "field_13": "2383" }, "geometry": { "type": "Point", "coordinates": [ 0.0, 0.0 ] } },
{ "type": "Feature", "properties": { "Contact ID": 2353, "Sort Name": "All Saints Alrewas", "Contact Subtype": null, "Church/Organisation Profile: Church Postcode": "DE13 7BT", "Long": -1.75218, "Lat": 52.735309, "Church/Organisation Profile: Approved by IC": null, "Organisation Details: Date Trustees Approval": null, "Organisation Details: Welcome Email Date": null, "Denom": null, "Organisation Details: Denomination": null, "Church/Organisation Profile: Church Denomination": null, "field_13": "2190" }, "geometry": { "type": "Point", "coordinates": [ -1.75218, 52.735309 ] } },
{ "type": "Feature", "properties": { "Contact ID": 2438, "Sort Name": "All Saints and St Frideswyde, Great Crosby (Mersey)", "Contact Subtype": null, "Church/Organisation Profile: Church Postcode": "L23 9TJ", "Long": -3.011445, "Lat": 53.491358, "Church/Organisation Profile: Approved by IC": null, "Organisation Details: Date Trustees Approval": null, "Organisation Details: Welcome Email Date": null, "Denom": null, "Organisation Details: Denomination": null, "Church/Organisation Profile: Church Denomination": null, "field_13": "2289" }, "geometry": { "type": "Point", "coordinates": [ -3.011445, 53.491358 ] } },
{ "type": "Feature", "properties": { "Contact ID": 2544, "Sort Name": "All Saints Basingstoke", "Contact Subtype": null, "Church/Organisation Profile: Church Postcode": "RG21 3DQ", "Long": -1.08609, "Lat": 51.260145, "Church/Organisation Profile: Approved by IC": null, "Organisation Details: Date Trustees Approval": null, "Organisation Details: Welcome Email Date": null, "Denom": "Church of England", "Organisation Details: Denomination": null, "Church/Organisation Profile: Church Denomination": null, "field_13": "6118" }, "geometry": { "type": "Point", "coordinates": [ -1.08609, 51.260145 ] } },
{ "type": "Feature", "properties": { "Contact ID": 2495, "Sort Name": "All Saints Church Blyford (Blyth Valley)", "Contact Subtype": null, "Church/Organisation Profile: Church Postcode": "IP19 9JY", "Long": 1.555079, "Lat": 52.336095, "Church/Organisation Profile: Approved by IC": null, "Organisation Details: Date Trustees Approval": null, "Organisation Details: Welcome Email Date": null, "Denom": null, "Organisation Details: Denomination": null, "Church/Organisation Profile: Church Denomination": null, "field_13": "2352" }, "geometry": { "type": "Point", "coordinates": [ 1.555079, 52.336095 ] } },
{ "type": "Feature", "properties": { "Contact ID": 2273, "Sort Name": "All Saints Church Oxhey", "Contact Subtype": null, "Church/Organisation Profile: Church Postcode": "WD19 7AX", "Long": -0.392612, "Lat": 51.627798, "Church/Organisation Profile: Approved by IC": null, "Organisation Details: Date Trustees Approval": null, "Organisation Details: Welcome Email Date": null, "Denom": null, "Organisation Details: Denomination": null, "Church/Organisation Profile: Church Denomination": null, "field_13": "2103" }, "geometry": { "type": "Point", "coordinates": [ -0.392612, 51.627798 ] } },
{ "type": "Feature", "properties": { "Contact ID": 235739, "Sort Name": "All Saints Church, Canterbury", "Contact Subtype": null, "Church/Organisation Profile: Church Postcode": "CT1 1PA", "Long": 1.093352, "Lat": 51.284552, "Church/Organisation Profile: Approved by IC": null, "Organisation Details: Date Trustees Approval": null, "Organisation Details: Welcome Email Date": null, "Denom": "Church of England", "Organisation Details: Denomination": null, "Church/Organisation Profile: Church Denomination": null, "field_13": "20456" }, "geometry": { "type": "Point", "coordinates": [ 1.093352, 51.284552 ] } },
{ "type": "Feature", "properties": { "Contact ID": 2578, "Sort Name": "All Saints Church, Kings Heath", "Contact Subtype": null, "Church/Organisation Profile: Church Postcode": "B14 7RA", "Long": -1.895066, "Lat": 52.432166, "Church/Organisation Profile: Approved by IC": null, "Organisation Details: Date Trustees Approval": null, "Organisation Details: Welcome Email Date": null, "Denom": null, "Organisation Details: Denomination": null, "Church/Organisation Profile: Church Denomination": null, "field_13": "2435" }, "geometry": { "type": "Point", "coordinates": [ -1.895066, 52.432166 ] } },
{ "type": "Feature", "properties": { "Contact ID": 235688, "Sort Name": "All Saints Church, Nether Silton", "Contact Subtype": null, "Church/Organisation Profile: Church Postcode": "YO7 2JZ", "Long": -1.299896, "Lat": 54.32477, "Church/Organisation Profile: Approved by IC": null, "Organisation Details: Date Trustees Approval": null, "Organisation Details: Welcome Email Date": null, "Denom": "Church of England", "Organisation Details: Denomination": null, "Church/Organisation Profile: Church Denomination": null, "field_13": "19629" }, "geometry": { "type": "Point", "coordinates": [ -1.299896, 54.32477 ] } },
{ "type": "Feature", "properties": { "Contact ID": 235694, "Sort Name": "All Saints Church, North Baddesley", "Contact Subtype": null, "Church/Organisation Profile: Church Postcode": "SO52 9EQ", "Long": -1.439398, "Lat": 50.976349, "Church/Organisation Profile: Approved by IC": null, "Organisation Details: Date Trustees Approval": null, "Organisation Details: Welcome Email Date": null, "Denom": "Church of England", "Organisation Details: Denomination": null, "Church/Organisation Profile: Church Denomination": null, "field_13": "9280" }, "geometry": { "type": "Point", "coordinates": [ -1.439398, 50.976349 ] } },
{ "type": "Feature", "properties": { "Contact ID": 265196, "Sort Name": "All Saints Church, Penarth", "Contact Subtype": null, "Church/Organisation Profile: Church Postcode": "CF64 3EH", "Long": -3.177948, "Lat": 51.43543, "Church/Organisation Profile: Approved by IC": null, "Organisation Details: Date Trustees Approval": null, "Organisation Details: Welcome Email Date": null, "Denom": "Church in Wales", "Organisation Details: Denomination": null, "Church/Organisation Profile: Church Denomination": null, "field_13": "21042" }, "geometry": { "type": "Point", "coordinates": [ -3.177948, 51.43543 ] } },
{ "type": "Feature", "properties": { "Contact ID": 3986, "Sort Name": "All Saints Church, Spelsbury", "Contact Subtype": null, "Church/Organisation Profile: Church Postcode": "OX7 3JR", "Long": -1.492651, "Lat": 51.892263, "Church/Organisation Profile: Approved by IC": null, "Organisation Details: Date Trustees Approval": null, "Organisation Details: Welcome Email Date": null, "Denom": "Church of England", "Organisation Details: Denomination": null, "Church/Organisation Profile: Church Denomination": null, "field_13": "2363" }, "geometry": { "type": "Point", "coordinates": [ -1.492651, 51.892263 ] } },
{ "type": "Feature", "properties": { "Contact ID": 2281, "Sort Name": "All Saints Cottenham with Rampton", "Contact Subtype": null, "Church/Organisation Profile: Church Postcode": "CB24 8SA", "Long": 0.130511, "Lat": 52.295122, "Church/Organisation Profile: Approved by IC": null, "Organisation Details: Date Trustees Approval": null, "Organisation Details: Welcome Email Date": null, "Denom": null, "Organisation Details: Denomination": null, "Church/Organisation Profile: Church Denomination": null, "field_13": "2111" }, "geometry": { "type": "Point", "coordinates": [ 0.130511, 52.295122 ] } },
{ "type": "Feature", "properties": { "Contact ID": 2278, "Sort Name": "All Saints Elsham", "Contact Subtype": null, "Church/Organisation Profile: Church Postcode": "DN20 0RG", "Long": -0.436974, "Lat": 53.598962, "Church/Organisation Profile: Approved by IC": null, "Organisation Details: Date Trustees Approval": null, "Organisation Details: Welcome Email Date": null, "Denom": null, "Organisation Details: Denomination": null, "Church/Organisation Profile: Church Denomination": null, "field_13": "2108" }, "geometry": { "type": "Point", "coordinates": [ -0.436974, 53.598962 ] } },
{ "type": "Feature", "properties": { "Contact ID": 2370, "Sort Name": "All Saints Farmborough", "Contact Subtype": null, "Church/Organisation Profile: Church Postcode": "BA2 0AN", "Long": -2.488135, "Lat": 51.343515, "Church/Organisation Profile: Approved by IC": null, "Organisation Details: Date Trustees Approval": null, "Organisation Details: Welcome Email Date": null, "Denom": null, "Organisation Details: Denomination": null, "Church/Organisation Profile: Church Denomination": null, "field_13": "C2219" }, "geometry": { "type": "Point", "coordinates": [ -2.488135, 51.343515 ] } },
{ "type": "Feature", "properties": { "Contact ID": 235141, "Sort Name": "All Saints Farnborough (Berks.)", "Contact Subtype": null, "Church/Organisation Profile: Church Postcode": "OX12", "Long": 0.0, "Lat": 0.0, "Church/Organisation Profile: Approved by IC": null, "Organisation Details: Date Trustees Approval": null, "Organisation Details: Welcome Email Date": null, "Denom": null, "Organisation Details: Denomination": null, "Church/Organisation Profile: Church Denomination": null, "field_13": "2219" }, "geometry": { "type": "Point", "coordinates": [ 0.0, 0.0 ] } },
{ "type": "Feature", "properties": { "Contact ID": 6042, "Sort Name": "All Saints Hale Barns with Ringway, Altrincham", "Contact Subtype": null, "Church/Organisation Profile: Church Postcode": "WA15 8SP", "Long": -2.314574, "Lat": 53.369134, "Church/Organisation Profile: Approved by IC": null, "Organisation Details: Date Trustees Approval": null, "Organisation Details: Welcome Email Date": null, "Denom": "Church of England", "Organisation Details: Denomination": null, "Church/Organisation Profile: Church Denomination": null, "field_13": "5680" }, "geometry": { "type": "Point", "coordinates": [ -2.314574, 53.369134 ] } },
{ "type": "Feature", "properties": { "Contact ID": 2234, "Sort Name": "All Saints Hampton", "Contact Subtype": null, "Church/Organisation Profile: Church Postcode": "TW12 3RG", "Long": -0.376605, "Lat": 51.424277, "Church/Organisation Profile: Approved by IC": null, "Organisation Details: Date Trustees Approval": null, "Organisation Details: Welcome Email Date": null, "Denom": null, "Organisation Details: Denomination": null, "Church/Organisation Profile: Church Denomination": null, "field_13": "2059" }, "geometry": { "type": "Point", "coordinates": [ -0.376605, 51.424277 ] } },
{ "type": "Feature", "properties": { "Contact ID": 3937, "Sort Name": "All Saints Harworth and Bircotes", "Contact Subtype": null, "Church/Organisation Profile: Church Postcode": "DN11 8LH", "Long": -1.078181, "Lat": 53.418004, "Church/Organisation Profile: Approved by IC": null, "Organisation Details: Date Trustees Approval": null, "Organisation Details: Welcome Email Date": null, "Denom": null, "Organisation Details: Denomination": null, "Church/Organisation Profile: Church Denomination": null, "field_13": "3494" }, "geometry": { "type": "Point", "coordinates": [ -1.078181, 53.418004 ] } },
{ "type": "Feature", "properties": { "Contact ID": 2385, "Sort Name": "All Saints High Wycombe", "Contact Subtype": null, "Church/Organisation Profile: Church Postcode": "HP11 2BN", "Long": -0.75084, "Lat": 51.629502, "Church/Organisation Profile: Approved by IC": null, "Organisation Details: Date Trustees Approval": null, "Organisation Details: Welcome Email Date": null, "Denom": null, "Organisation Details: Denomination": null, "Church/Organisation Profile: Church Denomination": null, "field_13": "2236" }, "geometry": { "type": "Point", "coordinates": [ -0.75084, 51.629502 ] } },
{ "type": "Feature", "properties": { "Contact ID": 3945, "Sort Name": "All Saints Holbeach", "Contact Subtype": null, "Church/Organisation Profile: Church Postcode": "PE12 7LL", "Long": 0.0134, "Lat": 52.802736, "Church/Organisation Profile: Approved by IC": null, "Organisation Details: Date Trustees Approval": null, "Organisation Details: Welcome Email Date": null, "Denom": null, "Organisation Details: Denomination": null, "Church/Organisation Profile: Church Denomination": null, "field_13": "3502" }, "geometry": { "type": "Point", "coordinates": [ 0.0134, 52.802736 ] } },
{ "type": "Feature", "properties": { "Contact ID": 2339, "Sort Name": "All Saints Hove", "Contact Subtype": null, "Church/Organisation Profile: Church Postcode": "BN3 3QE", "Long": -0.167113, "Lat": 50.830395, "Church/Organisation Profile: Approved by IC": null, "Organisation Details: Date Trustees Approval": null, "Organisation Details: Welcome Email Date": null, "Denom": null, "Organisation Details: Denomination": null, "Church/Organisation Profile: Church Denomination": null, "field_13": "2176" }, "geometry": { "type": "Point", "coordinates": [ -0.167113, 50.830395 ] } },
{ "type": "Feature", "properties": { "Contact ID": 2531, "Sort Name": "All Saints Keighley", "Contact Subtype": null, "Church/Organisation Profile: Church Postcode": "BD21 2DW", "Long": -1.912797, "Lat": 53.868964, "Church/Organisation Profile: Approved by IC": null, "Organisation Details: Date Trustees Approval": null, "Organisation Details: Welcome Email Date": null, "Denom": null, "Organisation Details: Denomination": null, "Church/Organisation Profile: Church Denomination": null, "field_13": "2388" }, "geometry": { "type": "Point", "coordinates": [ -1.912797, 53.868964 ] } },
{ "type": "Feature", "properties": { "Contact ID": 235519, "Sort Name": "All Saints Kesgrave", "Contact Subtype": null, "Church/Organisation Profile: Church Postcode": "IP5 1JQ", "Long": 1.234804, "Lat": 52.063582, "Church/Organisation Profile: Approved by IC": null, "Organisation Details: Date Trustees Approval": null, "Organisation Details: Welcome Email Date": null, "Denom": "Church of England", "Organisation Details: Denomination": null, "Church/Organisation Profile: Church Denomination": null, "field_13": "12608" }, "geometry": { "type": "Point", "coordinates": [ 1.234804, 52.063582 ] } },
{ "type": "Feature", "properties": { "Contact ID": 2235, "Sort Name": "All Saints Leavesden", "Contact Subtype": null, "Church/Organisation Profile: Church Postcode": "WD25 0LU", "Long": -0.387353, "Lat": 51.695356, "Church/Organisation Profile: Approved by IC": null, "Organisation Details: Date Trustees Approval": null, "Organisation Details: Welcome Email Date": null, "Denom": null, "Organisation Details: Denomination": null, "Church/Organisation Profile: Church Denomination": null, "field_13": "2060" }, "geometry": { "type": "Point", "coordinates": [ -0.387353, 51.695356 ] } },
{ "type": "Feature", "properties": { "Contact ID": 2394, "Sort Name": "All Saints Loughborough", "Contact Subtype": null, "Church/Organisation Profile: Church Postcode": "LE11 1UX", "Long": -1.205141, "Lat": 52.775026, "Church/Organisation Profile: Approved by IC": null, "Organisation Details: Date Trustees Approval": null, "Organisation Details: Welcome Email Date": null, "Denom": null, "Organisation Details: Denomination": null, "Church/Organisation Profile: Church Denomination": null, "field_13": "2245" }, "geometry": { "type": "Point", "coordinates": [ -1.205141, 52.775026 ] } },
{ "type": "Feature", "properties": { "Contact ID": 2389, "Sort Name": "All Saints Luton", "Contact Subtype": null, "Church/Organisation Profile: Church Postcode": "LU4 8AH", "Long": -0.436334, "Lat": 51.886468, "Church/Organisation Profile: Approved by IC": null, "Organisation Details: Date Trustees Approval": null, "Organisation Details: Welcome Email Date": null, "Denom": null, "Organisation Details: Denomination": null, "Church/Organisation Profile: Church Denomination": null, "field_13": "2240" }, "geometry": { "type": "Point", "coordinates": [ -0.436334, 51.886468 ] } },
{ "type": "Feature", "properties": { "Contact ID": 2398, "Sort Name": "All Saints Nazeing", "Contact Subtype": null, "Church/Organisation Profile: Church Postcode": "EN9 2DB", "Long": 0.047673, "Lat": 51.742848, "Church/Organisation Profile: Approved by IC": null, "Organisation Details: Date Trustees Approval": null, "Organisation Details: Welcome Email Date": null, "Denom": null, "Organisation Details: Denomination": null, "Church/Organisation Profile: Church Denomination": null, "field_13": "2250" }, "geometry": { "type": "Point", "coordinates": [ 0.047673, 51.742848 ] } },
{ "type": "Feature", "properties": { "Contact ID": 3980, "Sort Name": "All Saints Northallerton", "Contact Subtype": null, "Church/Organisation Profile: Church Postcode": "DL7 8DJ", "Long": -1.437326, "Lat": 54.34126, "Church/Organisation Profile: Approved by IC": null, "Organisation Details: Date Trustees Approval": null, "Organisation Details: Welcome Email Date": null, "Denom": null, "Organisation Details: Denomination": null, "Church/Organisation Profile: Church Denomination": null, "field_13": "3775" }, "geometry": { "type": "Point", "coordinates": [ -1.437326, 54.34126 ] } },
{ "type": "Feature", "properties": { "Contact ID": 265296, "Sort Name": "All Saints Squirrels Heath (Ardleigh Green)", "Contact Subtype": null, "Church/Organisation Profile: Church Postcode": "RM11 2LU", "Long": 0.220778, "Lat": 51.582929, "Church/Organisation Profile: Approved by IC": null, "Organisation Details: Date Trustees Approval": null, "Organisation Details: Welcome Email Date": null, "Denom": "Church of England", "Organisation Details: Denomination": null, "Church/Organisation Profile: Church Denomination": null, "field_13": "21438" }, "geometry": { "type": "Point", "coordinates": [ 0.220778, 51.582929 ] } },
{ "type": "Feature", "properties": { "Contact ID": 2752, "Sort Name": "All Saints Staplehurst", "Contact Subtype": null, "Church/Organisation Profile: Church Postcode": "TN12 0BJ", "Long": 0.554003, "Lat": 51.162942, "Church/Organisation Profile: Approved by IC": null, "Organisation Details: Date Trustees Approval": null, "Organisation Details: Welcome Email Date": null, "Denom": null, "Organisation Details: Denomination": null, "Church/Organisation Profile: Church Denomination": null, "field_13": "2609" }, "geometry": { "type": "Point", "coordinates": [ 0.554003, 51.162942 ] } },
{ "type": "Feature", "properties": { "Contact ID": 235491, "Sort Name": "All Saints Tooting", "Contact Subtype": null, "Church/Organisation Profile: Church Postcode": "SW17 8DQ", "Long": -0.157699, "Lat": 51.429872, "Church/Organisation Profile: Approved by IC": null, "Organisation Details: Date Trustees Approval": null, "Organisation Details: Welcome Email Date": null, "Denom": "Church of England", "Organisation Details: Denomination": null, "Church/Organisation Profile: Church Denomination": null, "field_13": "20487" }, "geometry": { "type": "Point", "coordinates": [ -0.157699, 51.429872 ] } },
{ "type": "Feature", "properties": { "Contact ID": 265435, "Sort Name": "All Saints West Bromwich (with Saint Mary Magdalene)", "Contact Subtype": null, "Church/Organisation Profile: Church Postcode": "B71 1RU", "Long": -1.985622, "Lat": 52.533566, "Church/Organisation Profile: Approved by IC": null, "Organisation Details: Date Trustees Approval": null, "Organisation Details: Welcome Email Date": null, "Denom": "Church of England", "Organisation Details: Denomination": null, "Church/Organisation Profile: Church Denomination": null, "field_13": "22243" }, "geometry": { "type": "Point", "coordinates": [ -1.985622, 52.533566 ] } },
{ "type": "Feature", "properties": { "Contact ID": 2614, "Sort Name": "All Saints West Dulwich", "Contact Subtype": null, "Church/Organisation Profile: Church Postcode": "SE21 8JY", "Long": -0.098083, "Lat": 51.440997, "Church/Organisation Profile: Approved by IC": null, "Organisation Details: Date Trustees Approval": null, "Organisation Details: Welcome Email Date": null, "Denom": null, "Organisation Details: Denomination": null, "Church/Organisation Profile: Church Denomination": null, "field_13": "2471" }, "geometry": { "type": "Point", "coordinates": [ -0.098083, 51.440997 ] } },
{ "type": "Feature", "properties": { "Contact ID": 6417, "Sort Name": "All Saints Wokingham", "Contact Subtype": null, "Church/Organisation Profile: Church Postcode": "RG40 1TN", "Long": -0.82984, "Lat": 51.412458, "Church/Organisation Profile: Approved by IC": null, "Organisation Details: Date Trustees Approval": null, "Organisation Details: Welcome Email Date": null, "Denom": "Church of England", "Organisation Details: Denomination": null, "Church/Organisation Profile: Church Denomination": null, "field_13": "6879" }, "geometry": { "type": "Point", "coordinates": [ -0.82984, 51.412458 ] } },
{ "type": "Feature", "properties": { "Contact ID": 6048, "Sort Name": "All Saints Woodchurch, Ashford", "Contact Subtype": null, "Church/Organisation Profile: Church Postcode": "TN26 3QJ", "Long": 0.77075, "Lat": 51.081401, "Church/Organisation Profile: Approved by IC": null, "Organisation Details: Date Trustees Approval": null, "Organisation Details: Welcome Email Date": null, "Denom": "Church of England", "Organisation Details: Denomination": null, "Church/Organisation Profile: Church Denomination": null, "field_13": "7989" }, "geometry": { "type": "Point", "coordinates": [ 0.77075, 51.081401 ] } },
{ "type": "Feature", "properties": { "Contact ID": 2593, "Sort Name": "All Saints Woodham", "Contact Subtype": null, "Church/Organisation Profile: Church Postcode": "GU21 5SU", "Long": -0.530858, "Lat": 51.329913, "Church/Organisation Profile: Approved by IC": null, "Organisation Details: Date Trustees Approval": null, "Organisation Details: Welcome Email Date": null, "Denom": null, "Organisation Details: Denomination": null, "Church/Organisation Profile: Church Denomination": null, "field_13": "2450" }, "geometry": { "type": "Point", "coordinates": [ -0.530858, 51.329913 ] } },
{ "type": "Feature", "properties": { "Contact ID": 2360, "Sort Name": "All Saints Wrington (with Redhill)", "Contact Subtype": null, "Church/Organisation Profile: Church Postcode": "BS40 5LG", "Long": -2.764893, "Lat": 51.360963, "Church/Organisation Profile: Approved by IC": null, "Organisation Details: Date Trustees Approval": null, "Organisation Details: Welcome Email Date": null, "Denom": "Church of England", "Organisation Details: Denomination": null, "Church/Organisation Profile: Church Denomination": null, "field_13": "2206" }, "geometry": { "type": "Point", "coordinates": [ -2.764893, 51.360963 ] } },
{ "type": "Feature", "properties": { "Contact ID": 2221, "Sort Name": "All Saints, Banstead (Surrey)", "Contact Subtype": null, "Church/Organisation Profile: Church Postcode": "SM7 2NN", "Long": -0.199695, "Lat": 51.322827, "Church/Organisation Profile: Approved by IC": null, "Organisation Details: Date Trustees Approval": null, "Organisation Details: Welcome Email Date": null, "Denom": "Church of England", "Organisation Details: Denomination": null, "Church/Organisation Profile: Church Denomination": null, "field_13": "5313" }, "geometry": { "type": "Point", "coordinates": [ -0.199695, 51.322827 ] } },
{ "type": "Feature", "properties": { "Contact ID": 265172, "Sort Name": "All Saints, Brocton", "Contact Subtype": null, "Church/Organisation Profile: Church Postcode": "ST17 0TP", "Long": -2.049016, "Lat": 52.772485, "Church/Organisation Profile: Approved by IC": null, "Organisation Details: Date Trustees Approval": null, "Organisation Details: Welcome Email Date": null, "Denom": "Church of England", "Organisation Details: Denomination": null, "Church/Organisation Profile: Church Denomination": null, "field_13": "21043" }, "geometry": { "type": "Point", "coordinates": [ -2.049016, 52.772485 ] } },
{ "type": "Feature", "properties": { "Contact ID": 2473, "Sort Name": "All Saints, Claverley", "Contact Subtype": null, "Church/Organisation Profile: Church Postcode": "Wv5 7DS", "Long": -2.305726, "Lat": 52.539077, "Church/Organisation Profile: Approved by IC": null, "Organisation Details: Date Trustees Approval": null, "Organisation Details: Welcome Email Date": null, "Denom": null, "Organisation Details: Denomination": null, "Church/Organisation Profile: Church Denomination": null, "field_13": "2327" }, "geometry": { "type": "Point", "coordinates": [ -2.305726, 52.539077 ] } },
{ "type": "Feature", "properties": { "Contact ID": 2238, "Sort Name": "All Saints, Clifton (Bristol)", "Contact Subtype": null, "Church/Organisation Profile: Church Postcode": "BS8 3ED", "Long": -2.616295, "Lat": 51.462602, "Church/Organisation Profile: Approved by IC": null, "Organisation Details: Date Trustees Approval": null, "Organisation Details: Welcome Email Date": null, "Denom": null, "Organisation Details: Denomination": null, "Church/Organisation Profile: Church Denomination": null, "field_13": "2063" }, "geometry": { "type": "Point", "coordinates": [ -2.616295, 51.462602 ] } },
{ "type": "Feature", "properties": { "Contact ID": 2582, "Sort Name": "All Saints, Epping Upland", "Contact Subtype": null, "Church/Organisation Profile: Church Postcode": "CM16 6PH", "Long": 0.088877, "Lat": 51.721341, "Church/Organisation Profile: Approved by IC": null, "Organisation Details: Date Trustees Approval": null, "Organisation Details: Welcome Email Date": null, "Denom": null, "Organisation Details: Denomination": null, "Church/Organisation Profile: Church Denomination": null, "field_13": "2439" }, "geometry": { "type": "Point", "coordinates": [ 0.088877, 51.721341 ] } },
{ "type": "Feature", "properties": { "Contact ID": 234583, "Sort Name": "All Saints, Little Bookham (with Effingham)", "Contact Subtype": null, "Church/Organisation Profile: Church Postcode": "KT23 4ES", "Long": -0.389782, "Lat": 51.274264, "Church/Organisation Profile: Approved by IC": null, "Organisation Details: Date Trustees Approval": null, "Organisation Details: Welcome Email Date": null, "Denom": "Church of England", "Organisation Details: Denomination": null, "Church/Organisation Profile: Church Denomination": null, "field_13": "8666" }, "geometry": { "type": "Point", "coordinates": [ -0.389782, 51.274264 ] } },
{ "type": "Feature", "properties": { "Contact ID": 6669, "Sort Name": "All Saints, Normanton, Wakefield", "Contact Subtype": null, "Church/Organisation Profile: Church Postcode": "WF6 1NT", "Long": -1.412191, "Lat": 53.697586, "Church/Organisation Profile: Approved by IC": null, "Organisation Details: Date Trustees Approval": null, "Organisation Details: Welcome Email Date": null, "Denom": "Church of England", "Organisation Details: Denomination": null, "Church/Organisation Profile: Church Denomination": null, "field_13": "7649" }, "geometry": { "type": "Point", "coordinates": [ -1.412191, 53.697586 ] } },
{ "type": "Feature", "properties": { "Contact ID": 5689, "Sort Name": "All Saints, Putney Common", "Contact Subtype": null, "Church/Organisation Profile: Church Postcode": "SW15 1HL", "Long": -0.227741, "Lat": 51.467884, "Church/Organisation Profile: Approved by IC": null, "Organisation Details: Date Trustees Approval": null, "Organisation Details: Welcome Email Date": null, "Denom": "Church of England", "Organisation Details: Denomination": null, "Church/Organisation Profile: Church Denomination": null, "field_13": "5970" }, "geometry": { "type": "Point", "coordinates": [ -0.227741, 51.467884 ] } },
{ "type": "Feature", "properties": { "Contact ID": 234304, "Sort Name": "All Saints?, Kenley (with Purley)y", "Contact Subtype": null, "Church/Organisation Profile: Church Postcode": "CR8 5DU", "Long": -0.099789, "Lat": 51.322454, "Church/Organisation Profile: Approved by IC": null, "Organisation Details: Date Trustees Approval": null, "Organisation Details: Welcome Email Date": null, "Denom": "Church of England", "Organisation Details: Denomination": null, "Church/Organisation Profile: Church Denomination": null, "field_13": "10741" }, "geometry": { "type": "Point", "coordinates": [ -0.099789, 51.322454 ] } },
{ "type": "Feature", "properties": { "Contact ID": 235672, "Sort Name": "All Saints' Parish Church, Windsor", "Contact Subtype": null, "Church/Organisation Profile: Church Postcode": "SL4 1HU", "Long": -0.611345, "Lat": 51.476095, "Church/Organisation Profile: Approved by IC": null, "Organisation Details: Date Trustees Approval": null, "Organisation Details: Welcome Email Date": null, "Denom": "Church of England", "Organisation Details: Denomination": null, "Church/Organisation Profile: Church Denomination": null, "field_13": "19760" }, "geometry": { "type": "Point", "coordinates": [ -0.611345, 51.476095 ] } },
{ "type": "Feature", "properties": { "Contact ID": 6780, "Sort Name": "All Saints' Wytham", "Contact Subtype": null, "Church/Organisation Profile: Church Postcode": "OX2 8QA", "Long": -1.311559, "Lat": 51.774151, "Church/Organisation Profile: Approved by IC": null, "Organisation Details: Date Trustees Approval": null, "Organisation Details: Welcome Email Date": null, "Denom": "Church of England", "Organisation Details: Denomination": null, "Church/Organisation Profile: Church Denomination": null, "field_13": "8061" }, "geometry": { "type": "Point", "coordinates": [ -1.311559, 51.774151 ] } },
{ "type": "Feature", "properties": { "Contact ID": 5664, "Sort Name": "All Saints', Easton-on-the Hill", "Contact Subtype": null, "Church/Organisation Profile: Church Postcode": "PE9 2AG", "Long": -0.480473, "Lat": 52.652574, "Church/Organisation Profile: Approved by IC": null, "Organisation Details: Date Trustees Approval": null, "Organisation Details: Welcome Email Date": null, "Denom": "Church of England", "Organisation Details: Denomination": null, "Church/Organisation Profile: Church Denomination": null, "field_13": "4665" }, "geometry": { "type": "Point", "coordinates": [ -0.480473, 52.652574 ] } },
{ "type": "Feature", "properties": { "Contact ID": 235630, "Sort Name": "All Saints', Goxhill", "Contact Subtype": null, "Church/Organisation Profile: Church Postcode": "DN19 7HX", "Long": -0.334118, "Lat": 53.676618, "Church/Organisation Profile: Approved by IC": null, "Organisation Details: Date Trustees Approval": null, "Organisation Details: Welcome Email Date": null, "Denom": "Church of England", "Organisation Details: Denomination": null, "Church/Organisation Profile: Church Denomination": null, "field_13": "20411" }, "geometry": { "type": "Point", "coordinates": [ -0.334118, 53.676618 ] } },
{ "type": "Feature", "properties": { "Contact ID": 85722, "Sort Name": "All Souls Church, Cheriton", "Contact Subtype": null, "Church/Organisation Profile: Church Postcode": "CT19 4PX", "Long": 1.144139, "Lat": 51.088387, "Church/Organisation Profile: Approved by IC": null, "Organisation Details: Date Trustees Approval": null, "Organisation Details: Welcome Email Date": null, "Denom": "Anglican", "Organisation Details: Denomination": null, "Church/Organisation Profile: Church Denomination": null, "field_13": "9359" }, "geometry": { "type": "Point", "coordinates": [ 1.144139, 51.088387 ] } },
{ "type": "Feature", "properties": { "Contact ID": 2751, "Sort Name": "All Souls Harlseden", "Contact Subtype": null, "Church/Organisation Profile: Church Postcode": "NW10 4UJ", "Long": -0.247731, "Lat": 51.534595, "Church/Organisation Profile: Approved by IC": null, "Organisation Details: Date Trustees Approval": null, "Organisation Details: Welcome Email Date": null, "Denom": null, "Organisation Details: Denomination": null, "Church/Organisation Profile: Church Denomination": null, "field_13": "2608" }, "geometry": { "type": "Point", "coordinates": [ -0.247731, 51.534595 ] } },
{ "type": "Feature", "properties": { "Contact ID": 235634, "Sort Name": "Altrincham Baptist Church", "Contact Subtype": null, "Church/Organisation Profile: Church Postcode": "WA14 2EW", "Long": -2.349769, "Lat": 53.381593, "Church/Organisation Profile: Approved by IC": null, "Organisation Details: Date Trustees Approval": null, "Organisation Details: Welcome Email Date": null, "Denom": "Baptist Union", "Organisation Details: Denomination": null, "Church/Organisation Profile: Church Denomination": null, "field_13": "20398" }, "geometry": { "type": "Point", "coordinates": [ -2.349769, 53.381593 ] } },
{ "type": "Feature", "properties": { "Contact ID": 6596, "Sort Name": "Amberley Chapel, Marden (Heref.)", "Contact Subtype": null, "Church/Organisation Profile: Church Postcode": "HR1 3BX", "Long": -2.672383, "Lat": 52.124999, "Church/Organisation Profile: Approved by IC": null, "Organisation Details: Date Trustees Approval": null, "Organisation Details: Welcome Email Date": null, "Denom": null, "Organisation Details: Denomination": null, "Church/Organisation Profile: Church Denomination": null, "field_13": "7403" }, "geometry": { "type": "Point", "coordinates": [ -2.672383, 52.124999 ] } },
{ "type": "Feature", "properties": { "Contact ID": 6256, "Sort Name": "American International Church, London", "Contact Subtype": null, "Church/Organisation Profile: Church Postcode": "W1T 4TD", "Long": -0.135629, "Lat": 51.52106, "Church/Organisation Profile: Approved by IC": null, "Organisation Details: Date Trustees Approval": null, "Organisation Details: Welcome Email Date": null, "Denom": "United Reformed Church", "Organisation Details: Denomination": null, "Church/Organisation Profile: Church Denomination": null, "field_13": "6468" }, "geometry": { "type": "Point", "coordinates": [ -0.135629, 51.52106 ] } },
{ "type": "Feature", "properties": { "Contact ID": 2518, "Sort Name": "Ascension Malvern Link (with Cowleigh)", "Contact Subtype": null, "Church/Organisation Profile: Church Postcode": "WR14 1XA", "Long": -2.330349, "Lat": 52.127875, "Church/Organisation Profile: Approved by IC": null, "Organisation Details: Date Trustees Approval": null, "Organisation Details: Welcome Email Date": null, "Denom": "Church of England", "Organisation Details: Denomination": null, "Church/Organisation Profile: Church Denomination": null, "field_13": "2375" }, "geometry": { "type": "Point", "coordinates": [ -2.330349, 52.127875 ] } },
{ "type": "Feature", "properties": { "Contact ID": 2475, "Sort Name": "Ascension with All Saints, Chelmsford", "Contact Subtype": null, "Church/Organisation Profile: Church Postcode": "CM1 2PB", "Long": 0.461338, "Lat": 51.741107, "Church/Organisation Profile: Approved by IC": null, "Organisation Details: Date Trustees Approval": null, "Organisation Details: Welcome Email Date": null, "Denom": "Church of England", "Organisation Details: Denomination": null, "Church/Organisation Profile: Church Denomination": null, "field_13": "2329" }, "geometry": { "type": "Point", "coordinates": [ 0.461338, 51.741107 ] } },
{ "type": "Feature", "properties": { "Contact ID": 2503, "Sort Name": "Augustine United Church, Edinburgh", "Contact Subtype": null, "Church/Organisation Profile: Church Postcode": "EH1 1EL", "Long": -3.191218, "Lat": 55.947515, "Church/Organisation Profile: Approved by IC": null, "Organisation Details: Date Trustees Approval": null, "Organisation Details: Welcome Email Date": null, "Denom": null, "Organisation Details: Denomination": null, "Church/Organisation Profile: Church Denomination": null, "field_13": "2360" }, "geometry": { "type": "Point", "coordinates": [ -3.191218, 55.947515 ] } },
{ "type": "Feature", "properties": { "Contact ID": 167091, "Sort Name": "Bardsey with East Keswick", "Contact Subtype": null, "Church/Organisation Profile: Church Postcode": "LS17 8DH", "Long": -1.527186, "Lat": 53.849785, "Church/Organisation Profile: Approved by IC": null, "Organisation Details: Date Trustees Approval": null, "Organisation Details: Welcome Email Date": null, "Denom": "Church of England", "Organisation Details: Denomination": null, "Church/Organisation Profile: Church Denomination": null, "field_13": "9793" }, "geometry": { "type": "Point", "coordinates": [ -1.527186, 53.849785 ] } },
{ "type": "Feature", "properties": { "Contact ID": 89046, "Sort Name": "Barnet Church - St. John the Baptist, Barnet", "Contact Subtype": null, "Church/Organisation Profile: Church Postcode": "EN5 4BW", "Long": -0.204831, "Lat": 51.653312, "Church/Organisation Profile: Approved by IC": null, "Organisation Details: Date Trustees Approval": null, "Organisation Details: Welcome Email Date": null, "Denom": "Church of England", "Organisation Details: Denomination": null, "Church/Organisation Profile: Church Denomination": null, "field_13": "9528" }, "geometry": { "type": "Point", "coordinates": [ -0.204831, 51.653312 ] } },
{ "type": "Feature", "properties": { "Contact ID": 4318, "Sort Name": "Beeston Methodist Church, Notts", "Contact Subtype": null, "Church/Organisation Profile: Church Postcode": "NG9 1EH", "Long": -1.218396, "Lat": 52.923882, "Church/Organisation Profile: Approved by IC": null, "Organisation Details: Date Trustees Approval": null, "Organisation Details: Welcome Email Date": null, "Denom": "Methodist", "Organisation Details: Denomination": null, "Church/Organisation Profile: Church Denomination": null, "field_13": "9301" }, "geometry": { "type": "Point", "coordinates": [ -1.218396, 52.923882 ] } },
{ "type": "Feature", "properties": { "Contact ID": 2298, "Sort Name": "Beeston Parish Church (St John the Baptist)", "Contact Subtype": null, "Church/Organisation Profile: Church Postcode": "NG9 2EJ", "Long": -1.207274, "Lat": 52.928564, "Church/Organisation Profile: Approved by IC": null, "Organisation Details: Date Trustees Approval": null, "Organisation Details: Welcome Email Date": null, "Denom": null, "Organisation Details: Denomination": null, "Church/Organisation Profile: Church Denomination": null, "field_13": "2129" }, "geometry": { "type": "Point", "coordinates": [ -1.207274, 52.928564 ] } },
{ "type": "Feature", "properties": { "Contact ID": 2357, "Sort Name": "Bemerton Parish: St Andrew's, St John's and St Michael's", "Contact Subtype": null, "Church/Organisation Profile: Church Postcode": "SP2 9LE", "Long": -1.823356, "Lat": 51.083255, "Church/Organisation Profile: Approved by IC": null, "Organisation Details: Date Trustees Approval": null, "Organisation Details: Welcome Email Date": null, "Denom": null, "Organisation Details: Denomination": null, "Church/Organisation Profile: Church Denomination": null, "field_13": "2203" }, "geometry": { "type": "Point", "coordinates": [ -1.823356, 51.083255 ] } },
{ "type": "Feature", "properties": { "Contact ID": 234306, "Sort Name": "Benefice of Great Barton and Thurston", "Contact Subtype": null, "Church/Organisation Profile: Church Postcode": "IP31 2QS", "Long": 0.767369, "Lat": 52.259529, "Church/Organisation Profile: Approved by IC": null, "Organisation Details: Date Trustees Approval": null, "Organisation Details: Welcome Email Date": null, "Denom": null, "Organisation Details: Denomination": null, "Church/Organisation Profile: Church Denomination": null, "field_13": "7107" }, "geometry": { "type": "Point", "coordinates": [ 0.767369, 52.259529 ] } },
{ "type": "Feature", "properties": { "Contact ID": 2231, "Sort Name": "Benefice of St Dunstan's, St Mildred's and St Peter's, Canterbury", "Contact Subtype": null, "Church/Organisation Profile: Church Postcode": "CT1 2AT", "Long": 1.077998, "Lat": 51.28037, "Church/Organisation Profile: Approved by IC": null, "Organisation Details: Date Trustees Approval": null, "Organisation Details: Welcome Email Date": null, "Denom": "Church of England", "Organisation Details: Denomination": null, "Church/Organisation Profile: Church Denomination": null, "field_13": "2054" }, "geometry": { "type": "Point", "coordinates": [ 1.077998, 51.28037 ] } },
{ "type": "Feature", "properties": { "Contact ID": 6314, "Sort Name": "Benefice of the Guitings, Naunton and the Slaughters", "Contact Subtype": null, "Church/Organisation Profile: Church Postcode": "GL50 4JZ", "Long": -2.070983, "Lat": 51.906604, "Church/Organisation Profile: Approved by IC": null, "Organisation Details: Date Trustees Approval": null, "Organisation Details: Welcome Email Date": null, "Denom": "Church of England", "Organisation Details: Denomination": null, "Church/Organisation Profile: Church Denomination": null, "field_13": "6656" }, "geometry": { "type": "Point", "coordinates": [ -2.070983, 51.906604 ] } },
{ "type": "Feature", "properties": { "Contact ID": 2312, "Sort Name": "Bethel Church Colchester", "Contact Subtype": null, "Church/Organisation Profile: Church Postcode": "CO3 0Q3", "Long": 0.0, "Lat": 0.0, "Church/Organisation Profile: Approved by IC": null, "Organisation Details: Date Trustees Approval": null, "Organisation Details: Welcome Email Date": null, "Denom": null, "Organisation Details: Denomination": null, "Church/Organisation Profile: Church Denomination": null, "field_13": "2143" }, "geometry": { "type": "Point", "coordinates": [ 0.0, 0.0 ] } },
{ "type": "Feature", "properties": { "Contact ID": 6905, "Sort Name": "Beulah URC, Cardiff", "Contact Subtype": null, "Church/Organisation Profile: Church Postcode": "CF14 6LT", "Long": -3.210801, "Lat": 51.522687, "Church/Organisation Profile: Approved by IC": null, "Organisation Details: Date Trustees Approval": null, "Organisation Details: Welcome Email Date": null, "Denom": null, "Organisation Details: Denomination": null, "Church/Organisation Profile: Church Denomination": null, "field_13": "8623" }, "geometry": { "type": "Point", "coordinates": [ -3.210801, 51.522687 ] } },
{ "type": "Feature", "properties": { "Contact ID": 2264, "Sort Name": "Birstall Methodist", "Contact Subtype": null, "Church/Organisation Profile: Church Postcode": "LE4 4DP", "Long": -1.119165, "Lat": 52.675655, "Church/Organisation Profile: Approved by IC": null, "Organisation Details: Date Trustees Approval": null, "Organisation Details: Welcome Email Date": null, "Denom": "Methodist", "Organisation Details: Denomination": null, "Church/Organisation Profile: Church Denomination": null, "field_13": "2095" }, "geometry": { "type": "Point", "coordinates": [ -1.119165, 52.675655 ] } },
{ "type": "Feature", "properties": { "Contact ID": 6835, "Sort Name": "Blackley Baptist Church: Gathering for Peace", "Contact Subtype": null, "Church/Organisation Profile: Church Postcode": "HX5 0TD", "Long": -1.848389, "Lat": 53.675775, "Church/Organisation Profile: Approved by IC": null, "Organisation Details: Date Trustees Approval": null, "Organisation Details: Welcome Email Date": null, "Denom": "Baptist", "Organisation Details: Denomination": null, "Church/Organisation Profile: Church Denomination": null, "field_13": "8236" }, "geometry": { "type": "Point", "coordinates": [ -1.848389, 53.675775 ] } },
{ "type": "Feature", "properties": { "Contact ID": 2375, "Sort Name": "Blessed Virgin Mary & All Saints, Meare (Glastonbury)", "Contact Subtype": null, "Church/Organisation Profile: Church Postcode": "BA6 9SP", "Long": -2.78229, "Lat": 51.171276, "Church/Organisation Profile: Approved by IC": null, "Organisation Details: Date Trustees Approval": null, "Organisation Details: Welcome Email Date": null, "Denom": "Church of England", "Organisation Details: Denomination": null, "Church/Organisation Profile: Church Denomination": null, "field_13": "2225" }, "geometry": { "type": "Point", "coordinates": [ -2.78229, 51.171276 ] } },
{ "type": "Feature", "properties": { "Contact ID": 2266, "Sort Name": "Bloomsbury Central Baptist Church", "Contact Subtype": null, "Church/Organisation Profile: Church Postcode": "WC2H 8EP", "Long": -0.126794, "Lat": 51.516468, "Church/Organisation Profile: Approved by IC": null, "Organisation Details: Date Trustees Approval": null, "Organisation Details: Welcome Email Date": null, "Denom": "Baptist", "Organisation Details: Denomination": null, "Church/Organisation Profile: Church Denomination": null, "field_13": "5432" }, "geometry": { "type": "Point", "coordinates": [ -0.126794, 51.516468 ] } },
{ "type": "Feature", "properties": { "Contact ID": 2289, "Sort Name": "Bonny Downs Baptist Church (The Well Community Centre)", "Contact Subtype": null, "Church/Organisation Profile: Church Postcode": "E6 6DQ", "Long": 0.062859, "Lat": 51.527034, "Church/Organisation Profile: Approved by IC": null, "Organisation Details: Date Trustees Approval": null, "Organisation Details: Welcome Email Date": null, "Denom": "Baptist Union", "Organisation Details: Denomination": null, "Church/Organisation Profile: Church Denomination": null, "field_13": "2120" }, "geometry": { "type": "Point", "coordinates": [ 0.062859, 51.527034 ] } },
{ "type": "Feature", "properties": { "Contact ID": 6900, "Sort Name": "Burniston Methodist Church", "Contact Subtype": null, "Church/Organisation Profile: Church Postcode": "YO13 0HJ", "Long": -0.446732, "Lat": 54.323495, "Church/Organisation Profile: Approved by IC": null, "Organisation Details: Date Trustees Approval": null, "Organisation Details: Welcome Email Date": null, "Denom": "Methodist", "Organisation Details: Denomination": null, "Church/Organisation Profile: Church Denomination": null, "field_13": "8590" }, "geometry": { "type": "Point", "coordinates": [ -0.446732, 54.323495 ] } },
{ "type": "Feature", "properties": { "Contact ID": 124959, "Sort Name": "Calverley St Wilfrid's, Leeds", "Contact Subtype": null, "Church/Organisation Profile: Church Postcode": "LS28 5NF", "Long": -1.685152, "Lat": 53.829289, "Church/Organisation Profile: Approved by IC": null, "Organisation Details: Date Trustees Approval": null, "Organisation Details: Welcome Email Date": null, "Denom": "Church of England", "Organisation Details: Denomination": null, "Church/Organisation Profile: Church Denomination": null, "field_13": "9675" }, "geometry": { "type": "Point", "coordinates": [ -1.685152, 53.829289 ] } },
{ "type": "Feature", "properties": { "Contact ID": 2224, "Sort Name": "Canterbury Methodist Church", "Contact Subtype": null, "Church/Organisation Profile: Church Postcode": "CT1 2BE", "Long": 1.077589, "Lat": 51.280264, "Church/Organisation Profile: Approved by IC": null, "Organisation Details: Date Trustees Approval": null, "Organisation Details: Welcome Email Date": null, "Denom": "Methodist", "Organisation Details: Denomination": null, "Church/Organisation Profile: Church Denomination": null, "field_13": "3617" }, "geometry": { "type": "Point", "coordinates": [ 1.077589, 51.280264 ] } },
{ "type": "Feature", "properties": { "Contact ID": 2429, "Sort Name": "Carrs Lane (Birmingham)", "Contact Subtype": null, "Church/Organisation Profile: Church Postcode": "B4 7SX", "Long": -1.892967, "Lat": 52.479596, "Church/Organisation Profile: Approved by IC": null, "Organisation Details: Date Trustees Approval": null, "Organisation Details: Welcome Email Date": null, "Denom": null, "Organisation Details: Denomination": null, "Church/Organisation Profile: Church Denomination": null, "field_13": "2280" }, "geometry": { "type": "Point", "coordinates": [ -1.892967, 52.479596 ] } },
{ "type": "Feature", "properties": { "Contact ID": 2410, "Sort Name": "Carver Uniting Church", "Contact Subtype": null, "Church/Organisation Profile: Church Postcode": "LA23 2BY", "Long": -2.906664, "Lat": 54.373582, "Church/Organisation Profile: Approved by IC": null, "Organisation Details: Date Trustees Approval": null, "Organisation Details: Welcome Email Date": null, "Denom": "Meth/URC", "Organisation Details: Denomination": null, "Church/Organisation Profile: Church Denomination": null, "field_13": "2261" }, "geometry": { "type": "Point", "coordinates": [ -2.906664, 54.373582 ] } },
{ "type": "Feature", "properties": { "Contact ID": 265157, "Sort Name": "Cathays Methodist Church", "Contact Subtype": null, "Church/Organisation Profile: Church Postcode": "CF24 4NE", "Long": -3.178103, "Lat": 51.495117, "Church/Organisation Profile: Approved by IC": null, "Organisation Details: Date Trustees Approval": null, "Organisation Details: Welcome Email Date": null, "Denom": "Methodist Church", "Organisation Details: Denomination": null, "Church/Organisation Profile: Church Denomination": null, "field_13": "21044" }, "geometry": { "type": "Point", "coordinates": [ -3.178103, 51.495117 ] } },
{ "type": "Feature", "properties": { "Contact ID": 2557, "Sort Name": "Cathedral and Abbey Church of St Alban", "Contact Subtype": null, "Church/Organisation Profile: Church Postcode": "AL1 1BY", "Long": -0.341547, "Lat": 51.749867, "Church/Organisation Profile: Approved by IC": null, "Organisation Details: Date Trustees Approval": null, "Organisation Details: Welcome Email Date": null, "Denom": null, "Organisation Details: Denomination": null, "Church/Organisation Profile: Church Denomination": null, "field_13": "2414" }, "geometry": { "type": "Point", "coordinates": [ -0.341547, 51.749867 ] } },
{ "type": "Feature", "properties": { "Contact ID": 2734, "Sort Name": "Central Exeter Parish", "Contact Subtype": null, "Church/Organisation Profile: Church Postcode": "EX4 8PQ", "Long": -3.473978, "Lat": 50.741285, "Church/Organisation Profile: Approved by IC": null, "Organisation Details: Date Trustees Approval": null, "Organisation Details: Welcome Email Date": null, "Denom": null, "Organisation Details: Denomination": null, "Church/Organisation Profile: Church Denomination": null, "field_13": "2591" }, "geometry": { "type": "Point", "coordinates": [ -3.473978, 50.741285 ] } },
{ "type": "Feature", "properties": { "Contact ID": 2373, "Sort Name": "Chadwell Heath URC", "Contact Subtype": null, "Church/Organisation Profile: Church Postcode": "RM6 6RS", "Long": 0.140077, "Lat": 51.575615, "Church/Organisation Profile: Approved by IC": null, "Organisation Details: Date Trustees Approval": null, "Organisation Details: Welcome Email Date": null, "Denom": null, "Organisation Details: Denomination": null, "Church/Organisation Profile: Church Denomination": null, "field_13": "2223" }, "geometry": { "type": "Point", "coordinates": [ 0.140077, 51.575615 ] } },
{ "type": "Feature", "properties": { "Contact ID": 4322, "Sort Name": "Chapel Allerton Baptist Church", "Contact Subtype": null, "Church/Organisation Profile: Church Postcode": "LS7 2DR", "Long": -1.549306, "Lat": 53.823967, "Church/Organisation Profile: Approved by IC": null, "Organisation Details: Date Trustees Approval": null, "Organisation Details: Welcome Email Date": null, "Denom": "Baptist Union", "Organisation Details: Denomination": null, "Church/Organisation Profile: Church Denomination": null, "field_13": "5791" }, "geometry": { "type": "Point", "coordinates": [ -1.549306, 53.823967 ] } },
{ "type": "Feature", "properties": { "Contact ID": 6692, "Sort Name": "Chapel Royal, Brighton", "Contact Subtype": null, "Church/Organisation Profile: Church Postcode": "BN1 1EA", "Long": -0.139433, "Lat": 50.822628, "Church/Organisation Profile: Approved by IC": null, "Organisation Details: Date Trustees Approval": null, "Organisation Details: Welcome Email Date": null, "Denom": "Church of England", "Organisation Details: Denomination": null, "Church/Organisation Profile: Church Denomination": null, "field_13": "7745" }, "geometry": { "type": "Point", "coordinates": [ -0.139433, 50.822628 ] } },
{ "type": "Feature", "properties": { "Contact ID": 265332, "Sort Name": "Chelmsley Wood Baptist Church", "Contact Subtype": null, "Church/Organisation Profile: Church Postcode": "B37 7TP", "Long": -1.727227, "Lat": 52.477946, "Church/Organisation Profile: Approved by IC": null, "Organisation Details: Date Trustees Approval": null, "Organisation Details: Welcome Email Date": null, "Denom": "Baptist Union", "Organisation Details: Denomination": null, "Church/Organisation Profile: Church Denomination": null, "field_13": "21445" }, "geometry": { "type": "Point", "coordinates": [ -1.727227, 52.477946 ] } },
{ "type": "Feature", "properties": { "Contact ID": 235521, "Sort Name": "Chester Road Baptist Church", "Contact Subtype": null, "Church/Organisation Profile: Church Postcode": "B73 5HU", "Long": -1.837815, "Lat": 52.537986, "Church/Organisation Profile: Approved by IC": null, "Organisation Details: Date Trustees Approval": null, "Organisation Details: Welcome Email Date": null, "Denom": "Baptist Union", "Organisation Details: Denomination": null, "Church/Organisation Profile: Church Denomination": null, "field_13": "12567" }, "geometry": { "type": "Point", "coordinates": [ -1.837815, 52.537986 ] } },
{ "type": "Feature", "properties": { "Contact ID": 89008, "Sort Name": "Chesterton Methodist Cambridge", "Contact Subtype": null, "Church/Organisation Profile: Church Postcode": "CB4 1RW", "Long": 0.146869, "Lat": 52.221496, "Church/Organisation Profile: Approved by IC": null, "Organisation Details: Date Trustees Approval": null, "Organisation Details: Welcome Email Date": null, "Denom": "Methodist", "Organisation Details: Denomination": null, "Church/Organisation Profile: Church Denomination": null, "field_13": "9451" }, "geometry": { "type": "Point", "coordinates": [ 0.146869, 52.221496 ] } },
{ "type": "Feature", "properties": { "Contact ID": 2372, "Sort Name": "Christ Church Belper", "Contact Subtype": null, "Church/Organisation Profile: Church Postcode": "DE56 1BJ", "Long": 0.0, "Lat": 0.0, "Church/Organisation Profile: Approved by IC": null, "Organisation Details: Date Trustees Approval": null, "Organisation Details: Welcome Email Date": null, "Denom": "Church of England", "Organisation Details: Denomination": null, "Church/Organisation Profile: Church Denomination": null, "field_13": "5482" }, "geometry": { "type": "Point", "coordinates": [ 0.0, 0.0 ] } },
{ "type": "Feature", "properties": { "Contact ID": 6734, "Sort Name": "Christ Church Bexleyheath", "Contact Subtype": null, "Church/Organisation Profile: Church Postcode": "DA6 7BT", "Long": 0.140558, "Lat": 51.457367, "Church/Organisation Profile: Approved by IC": null, "Organisation Details: Date Trustees Approval": null, "Organisation Details: Welcome Email Date": null, "Denom": "Church of England", "Organisation Details: Denomination": null, "Church/Organisation Profile: Church Denomination": null, "field_13": "7877" }, "geometry": { "type": "Point", "coordinates": [ 0.140558, 51.457367 ] } },
{ "type": "Feature", "properties": { "Contact ID": 2748, "Sort Name": "Christ Church Brixton Road", "Contact Subtype": null, "Church/Organisation Profile: Church Postcode": "SW9 6BE", "Long": -0.112744, "Lat": 51.47734, "Church/Organisation Profile: Approved by IC": null, "Organisation Details: Date Trustees Approval": null, "Organisation Details: Welcome Email Date": null, "Denom": null, "Organisation Details: Denomination": null, "Church/Organisation Profile: Church Denomination": null, "field_13": "2605" }, "geometry": { "type": "Point", "coordinates": [ -0.112744, 51.47734 ] } },
{ "type": "Feature", "properties": { "Contact ID": 234441, "Sort Name": "Christ Church Chelsea", "Contact Subtype": null, "Church/Organisation Profile: Church Postcode": "SW3 4AS", "Long": -0.163522, "Lat": 51.485934, "Church/Organisation Profile: Approved by IC": null, "Organisation Details: Date Trustees Approval": null, "Organisation Details: Welcome Email Date": null, "Denom": null, "Organisation Details: Denomination": null, "Church/Organisation Profile: Church Denomination": null, "field_13": "2393" }, "geometry": { "type": "Point", "coordinates": [ -0.163522, 51.485934 ] } },
{ "type": "Feature", "properties": { "Contact ID": 2586, "Sort Name": "Christ Church East Greenwich", "Contact Subtype": null, "Church/Organisation Profile: Church Postcode": "SE10 9EQ", "Long": 0.006244, "Lat": 51.485714, "Church/Organisation Profile: Approved by IC": null, "Organisation Details: Date Trustees Approval": null, "Organisation Details: Welcome Email Date": null, "Denom": null, "Organisation Details: Denomination": null, "Church/Organisation Profile: Church Denomination": null, "field_13": "2443" }, "geometry": { "type": "Point", "coordinates": [ 0.006244, 51.485714 ] } },
{ "type": "Feature", "properties": { "Contact ID": 2612, "Sort Name": "Christ Church East Sheen", "Contact Subtype": null, "Church/Organisation Profile: Church Postcode": "SW14 7RT", "Long": -0.275596, "Lat": 51.461097, "Church/Organisation Profile: Approved by IC": null, "Organisation Details: Date Trustees Approval": null, "Organisation Details: Welcome Email Date": null, "Denom": null, "Organisation Details: Denomination": null, "Church/Organisation Profile: Church Denomination": null, "field_13": "2469" }, "geometry": { "type": "Point", "coordinates": [ -0.275596, 51.461097 ] } },
{ "type": "Feature", "properties": { "Contact ID": 181994, "Sort Name": "Christ Church Freemantle with Millbrook", "Contact Subtype": null, "Church/Organisation Profile: Church Postcode": "SO15 3BS", "Long": -1.426497, "Lat": 50.911279, "Church/Organisation Profile: Approved by IC": null, "Organisation Details: Date Trustees Approval": null, "Organisation Details: Welcome Email Date": null, "Denom": null, "Organisation Details: Denomination": null, "Church/Organisation Profile: Church Denomination": null, "field_13": "10879" }, "geometry": { "type": "Point", "coordinates": [ -1.426497, 50.911279 ] } },
{ "type": "Feature", "properties": { "Contact ID": 2391, "Sort Name": "Christ Church Friezland, Manchester", "Contact Subtype": null, "Church/Organisation Profile: Church Postcode": "OL3 7LE", "Long": -2.02069, "Lat": 53.536257, "Church/Organisation Profile: Approved by IC": null, "Organisation Details: Date Trustees Approval": null, "Organisation Details: Welcome Email Date": null, "Denom": null, "Organisation Details: Denomination": null, "Church/Organisation Profile: Church Denomination": null, "field_13": "2242" }, "geometry": { "type": "Point", "coordinates": [ -2.02069, 53.536257 ] } },
{ "type": "Feature", "properties": { "Contact ID": 2623, "Sort Name": "Christ Church Gravesend", "Contact Subtype": null, "Church/Organisation Profile: Church Postcode": "DA12 1NR", "Long": 0.377516, "Lat": 51.431522, "Church/Organisation Profile: Approved by IC": null, "Organisation Details: Date Trustees Approval": null, "Organisation Details: Welcome Email Date": null, "Denom": null, "Organisation Details: Denomination": null, "Church/Organisation Profile: Church Denomination": null, "field_13": "2480" }, "geometry": { "type": "Point", "coordinates": [ 0.377516, 51.431522 ] } },
{ "type": "Feature", "properties": { "Contact ID": 2244, "Sort Name": "Christ Church Lancaster", "Contact Subtype": null, "Church/Organisation Profile: Church Postcode": "LA1 3EA", "Long": -2.788574, "Lat": 54.046222, "Church/Organisation Profile: Approved by IC": null, "Organisation Details: Date Trustees Approval": null, "Organisation Details: Welcome Email Date": null, "Denom": "Church of England", "Organisation Details: Denomination": null, "Church/Organisation Profile: Church Denomination": null, "field_13": "2070" }, "geometry": { "type": "Point", "coordinates": [ -2.788574, 54.046222 ] } },
{ "type": "Feature", "properties": { "Contact ID": 235748, "Sort Name": "Christ Church Lewes Methodist Church and United Reformed Church Local Ecumenical Partnership", "Contact Subtype": null, "Church/Organisation Profile: Church Postcode": "BN7 1BL", "Long": -0.000966, "Lat": 50.875909, "Church/Organisation Profile: Approved by IC": null, "Organisation Details: Date Trustees Approval": null, "Organisation Details: Welcome Email Date": null, "Denom": "LEP", "Organisation Details: Denomination": null, "Church/Organisation Profile: Church Denomination": null, "field_13": "12762" }, "geometry": { "type": "Point", "coordinates": [ -0.000966, 50.875909 ] } },
{ "type": "Feature", "properties": { "Contact ID": 6289, "Sort Name": "Christ Church Nailsworth", "Contact Subtype": null, "Church/Organisation Profile: Church Postcode": "GL6 0DQ", "Long": -2.224934, "Lat": 51.693804, "Church/Organisation Profile: Approved by IC": null, "Organisation Details: Date Trustees Approval": null, "Organisation Details: Welcome Email Date": null, "Denom": "LEP (Baptist, Methodist, & United Reformed Church)", "Organisation Details: Denomination": null, "Church/Organisation Profile: Church Denomination": null, "field_13": "6581" }, "geometry": { "type": "Point", "coordinates": [ -2.224934, 51.693804 ] } },
{ "type": "Feature", "properties": { "Contact ID": 234658, "Sort Name": "Christ Church Pitsmoor, Sheffieldy", "Contact Subtype": null, "Church/Organisation Profile: Church Postcode": "S3 9AW", "Long": -1.467804, "Lat": 53.396661, "Church/Organisation Profile: Approved by IC": null, "Organisation Details: Date Trustees Approval": null, "Organisation Details: Welcome Email Date": null, "Denom": null, "Organisation Details: Denomination": null, "Church/Organisation Profile: Church Denomination": null, "field_13": "7549" }, "geometry": { "type": "Point", "coordinates": [ -1.467804, 53.396661 ] } },
{ "type": "Feature", "properties": { "Contact ID": 85743, "Sort Name": "Christ Church Quarry Bank", "Contact Subtype": null, "Church/Organisation Profile: Church Postcode": "DY5 2JP", "Long": -2.10493, "Lat": 52.472495, "Church/Organisation Profile: Approved by IC": null, "Organisation Details: Date Trustees Approval": null, "Organisation Details: Welcome Email Date": null, "Denom": "Church of England", "Organisation Details: Denomination": null, "Church/Organisation Profile: Church Denomination": null, "field_13": "9431" }, "geometry": { "type": "Point", "coordinates": [ -2.10493, 52.472495 ] } },
{ "type": "Feature", "properties": { "Contact ID": 2367, "Sort Name": "Christ Church Reading", "Contact Subtype": null, "Church/Organisation Profile: Church Postcode": "RG2 7AR", "Long": -0.961117, "Lat": 51.443702, "Church/Organisation Profile: Approved by IC": null, "Organisation Details: Date Trustees Approval": null, "Organisation Details: Welcome Email Date": null, "Denom": null, "Organisation Details: Denomination": null, "Church/Organisation Profile: Church Denomination": null, "field_13": "2216" }, "geometry": { "type": "Point", "coordinates": [ -0.961117, 51.443702 ] } },
{ "type": "Feature", "properties": { "Contact ID": 2361, "Sort Name": "Christ Church Redhill (with Wrington)", "Contact Subtype": null, "Church/Organisation Profile: Church Postcode": "BS40 5SG", "Long": -2.723914, "Lat": 51.365459, "Church/Organisation Profile: Approved by IC": null, "Organisation Details: Date Trustees Approval": null, "Organisation Details: Welcome Email Date": null, "Denom": "Church of England", "Organisation Details: Denomination": null, "Church/Organisation Profile: Church Denomination": null, "field_13": "2145" }, "geometry": { "type": "Point", "coordinates": [ -2.723914, 51.365459 ] } },
{ "type": "Feature", "properties": { "Contact ID": 6081, "Sort Name": "Christ Church Shaw", "Contact Subtype": null, "Church/Organisation Profile: Church Postcode": "SN12", "Long": 0.0, "Lat": 0.0, "Church/Organisation Profile: Approved by IC": null, "Organisation Details: Date Trustees Approval": null, "Organisation Details: Welcome Email Date": null, "Denom": "Church of England", "Organisation Details: Denomination": null, "Church/Organisation Profile: Church Denomination": null, "field_13": "5777" }, "geometry": { "type": "Point", "coordinates": [ 0.0, 0.0 ] } },
{ "type": "Feature", "properties": { "Contact ID": 2580, "Sort Name": "Christ Church Shooters Hill", "Contact Subtype": null, "Church/Organisation Profile: Church Postcode": "SE18 3RS", "Long": 0.060897, "Lat": 51.469838, "Church/Organisation Profile: Approved by IC": null, "Organisation Details: Date Trustees Approval": null, "Organisation Details: Welcome Email Date": null, "Denom": null, "Organisation Details: Denomination": null, "Church/Organisation Profile: Church Denomination": null, "field_13": "2437" }, "geometry": { "type": "Point", "coordinates": [ 0.060897, 51.469838 ] } },
{ "type": "Feature", "properties": { "Contact ID": 2547, "Sort Name": "Christ Church Southgate", "Contact Subtype": null, "Church/Organisation Profile: Church Postcode": "N14 7EG", "Long": -0.126704, "Lat": 51.625024, "Church/Organisation Profile: Approved by IC": null, "Organisation Details: Date Trustees Approval": null, "Organisation Details: Welcome Email Date": null, "Denom": null, "Organisation Details: Denomination": null, "Church/Organisation Profile: Church Denomination": null, "field_13": "2404" }, "geometry": { "type": "Point", "coordinates": [ -0.126704, 51.625024 ] } },
{ "type": "Feature", "properties": { "Contact ID": 5671, "Sort Name": "Christ Church URC Petts Wood", "Contact Subtype": null, "Church/Organisation Profile: Church Postcode": "BR5 1LH", "Long": 0.078424, "Lat": 51.388791, "Church/Organisation Profile: Approved by IC": null, "Organisation Details: Date Trustees Approval": null, "Organisation Details: Welcome Email Date": null, "Denom": "URC", "Organisation Details: Denomination": null, "Church/Organisation Profile: Church Denomination": null, "field_13": "4690" }, "geometry": { "type": "Point", "coordinates": [ 0.078424, 51.388791 ] } },
{ "type": "Feature", "properties": { "Contact ID": 3947, "Sort Name": "Christ Church URC Rayleigh", "Contact Subtype": null, "Church/Organisation Profile: Church Postcode": "SS6 7HA", "Long": 0.604192, "Lat": 51.586686, "Church/Organisation Profile: Approved by IC": null, "Organisation Details: Date Trustees Approval": null, "Organisation Details: Welcome Email Date": null, "Denom": "United Reformed Church", "Organisation Details: Denomination": null, "Church/Organisation Profile: Church Denomination": null, "field_13": "3504" }, "geometry": { "type": "Point", "coordinates": [ 0.604192, 51.586686 ] } },
{ "type": "Feature", "properties": { "Contact ID": 2441, "Sort Name": "Christ Church Uxbridge", "Contact Subtype": null, "Church/Organisation Profile: Church Postcode": "UB8 1SZ", "Long": -0.479525, "Lat": 51.547971, "Church/Organisation Profile: Approved by IC": null, "Organisation Details: Date Trustees Approval": null, "Organisation Details: Welcome Email Date": null, "Denom": "LEP (Methodist & United Reformed Church)", "Organisation Details: Denomination": null, "Church/Organisation Profile: Church Denomination": null, "field_13": "2292" }, "geometry": { "type": "Point", "coordinates": [ -0.479525, 51.547971 ] } },
{ "type": "Feature", "properties": { "Contact ID": 3935, "Sort Name": "Christ Church Wanstead", "Contact Subtype": null, "Church/Organisation Profile: Church Postcode": "E11 2SW", "Long": 0.023214, "Lat": 51.578102, "Church/Organisation Profile: Approved by IC": null, "Organisation Details: Date Trustees Approval": null, "Organisation Details: Welcome Email Date": null, "Denom": "Church of England", "Organisation Details: Denomination": null, "Church/Organisation Profile: Church Denomination": null, "field_13": "C3033" }, "geometry": { "type": "Point", "coordinates": [ 0.023214, 51.578102 ] } },
{ "type": "Feature", "properties": { "Contact ID": 2779, "Sort Name": "Christ Church West Didsbury", "Contact Subtype": null, "Church/Organisation Profile: Church Postcode": "M20 2ZD", "Long": -2.255864, "Lat": 53.422746, "Church/Organisation Profile: Approved by IC": null, "Organisation Details: Date Trustees Approval": null, "Organisation Details: Welcome Email Date": null, "Denom": null, "Organisation Details: Denomination": null, "Church/Organisation Profile: Church Denomination": null, "field_13": "2195" }, "geometry": { "type": "Point", "coordinates": [ -2.255864, 53.422746 ] } },
{ "type": "Feature", "properties": { "Contact ID": 2660, "Sort Name": "Christ Church Woodhouse (Huddersfield)", "Contact Subtype": null, "Church/Organisation Profile: Church Postcode": "HD2 1DX", "Long": -1.776813, "Lat": 53.66797, "Church/Organisation Profile: Approved by IC": null, "Organisation Details: Date Trustees Approval": null, "Organisation Details: Welcome Email Date": null, "Denom": null, "Organisation Details: Denomination": null, "Church/Organisation Profile: Church Denomination": null, "field_13": "2517" }, "geometry": { "type": "Point", "coordinates": [ -1.776813, 53.66797 ] } },
{ "type": "Feature", "properties": { "Contact ID": 265156, "Sort Name": "Christ Church, Bath", "Contact Subtype": null, "Church/Organisation Profile: Church Postcode": "BA1 2RH", "Long": -2.362385, "Lat": 51.387915, "Church/Organisation Profile: Approved by IC": null, "Organisation Details: Date Trustees Approval": null, "Organisation Details: Welcome Email Date": null, "Denom": "Church of England", "Organisation Details: Denomination": null, "Church/Organisation Profile: Church Denomination": null, "field_13": "21045" }, "geometry": { "type": "Point", "coordinates": [ -2.362385, 51.387915 ] } },
{ "type": "Feature", "properties": { "Contact ID": 2402, "Sort Name": "Christ Church, Colliers Wood", "Contact Subtype": null, "Church/Organisation Profile: Church Postcode": "SW19 2NY", "Long": -0.177707, "Lat": 51.416578, "Church/Organisation Profile: Approved by IC": null, "Organisation Details: Date Trustees Approval": null, "Organisation Details: Welcome Email Date": null, "Denom": null, "Organisation Details: Denomination": null, "Church/Organisation Profile: Church Denomination": null, "field_13": "2253" }, "geometry": { "type": "Point", "coordinates": [ -0.177707, 51.416578 ] } },
{ "type": "Feature", "properties": { "Contact ID": 2746, "Sort Name": "Christ Church, Streatham", "Contact Subtype": null, "Church/Organisation Profile: Church Postcode": "SW2", "Long": 0.0, "Lat": 0.0, "Church/Organisation Profile: Approved by IC": null, "Organisation Details: Date Trustees Approval": null, "Organisation Details: Welcome Email Date": null, "Denom": null, "Organisation Details: Denomination": null, "Church/Organisation Profile: Church Denomination": null, "field_13": "2603" }, "geometry": { "type": "Point", "coordinates": [ 0.0, 0.0 ] } },
{ "type": "Feature", "properties": { "Contact ID": 2227, "Sort Name": "Christ the King, Aldersley (Tettenhall Regis)", "Contact Subtype": null, "Church/Organisation Profile: Church Postcode": "WV6 9EJ", "Long": -2.160761, "Lat": 52.611183, "Church/Organisation Profile: Approved by IC": null, "Organisation Details: Date Trustees Approval": null, "Organisation Details: Welcome Email Date": null, "Denom": "Church of England", "Organisation Details: Denomination": null, "Church/Organisation Profile: Church Denomination": null, "field_13": "2049" }, "geometry": { "type": "Point", "coordinates": [ -2.160761, 52.611183 ] } },
{ "type": "Feature", "properties": { "Contact ID": 234364, "Sort Name": "Christ the King, Beaumont Leys", "Contact Subtype": null, "Church/Organisation Profile: Church Postcode": "LE4 1DS", "Long": -1.166571, "Lat": 52.666981, "Church/Organisation Profile: Approved by IC": null, "Organisation Details: Date Trustees Approval": null, "Organisation Details: Welcome Email Date": null, "Denom": "Church of England", "Organisation Details: Denomination": null, "Church/Organisation Profile: Church Denomination": null, "field_13": "6356" }, "geometry": { "type": "Point", "coordinates": [ -1.166571, 52.666981 ] } },
{ "type": "Feature", "properties": { "Contact ID": 4319, "Sort Name": "Church from Scratch, Southend-on-Sea", "Contact Subtype": null, "Church/Organisation Profile: Church Postcode": "SS0 8AL", "Long": 0.691443, "Lat": 51.542328, "Church/Organisation Profile: Approved by IC": null, "Organisation Details: Date Trustees Approval": null, "Organisation Details: Welcome Email Date": null, "Denom": "Baptist", "Organisation Details: Denomination": null, "Church/Organisation Profile: Church Denomination": null, "field_13": "3854" }, "geometry": { "type": "Point", "coordinates": [ 0.691443, 51.542328 ] } },
{ "type": "Feature", "properties": { "Contact ID": 167102, "Sort Name": "Church of St Thomas of Canterbury, East Clandon", "Contact Subtype": null, "Church/Organisation Profile: Church Postcode": "GU1 2SX", "Long": -0.541772, "Lat": 51.244143, "Church/Organisation Profile: Approved by IC": null, "Organisation Details: Date Trustees Approval": null, "Organisation Details: Welcome Email Date": null, "Denom": null, "Organisation Details: Denomination": null, "Church/Organisation Profile: Church Denomination": null, "field_13": "9810" }, "geometry": { "type": "Point", "coordinates": [ -0.541772, 51.244143 ] } },
{ "type": "Feature", "properties": { "Contact ID": 181944, "Sort Name": "Church of St. Catherine", "Contact Subtype": null, "Church/Organisation Profile: Church Postcode": "ME13 8TB", "Long": 0.878707, "Lat": 51.309915, "Church/Organisation Profile: Approved by IC": null, "Organisation Details: Date Trustees Approval": null, "Organisation Details: Welcome Email Date": null, "Denom": "50", "Organisation Details: Denomination": null, "Church/Organisation Profile: Church Denomination": null, "field_13": "10192" }, "geometry": { "type": "Point", "coordinates": [ 0.878707, 51.309915 ] } },
{ "type": "Feature", "properties": { "Contact ID": 6040, "Sort Name": "Church of the Ascension Wall Heath", "Contact Subtype": null, "Church/Organisation Profile: Church Postcode": "DY6 9AH", "Long": -2.177342, "Lat": 52.504422, "Church/Organisation Profile: Approved by IC": null, "Organisation Details: Date Trustees Approval": null, "Organisation Details: Welcome Email Date": null, "Denom": "Church of England", "Organisation Details: Denomination": null, "Church/Organisation Profile: Church Denomination": null, "field_13": "5667" }, "geometry": { "type": "Point", "coordinates": [ -2.177342, 52.504422 ] } },
{ "type": "Feature", "properties": { "Contact ID": 235440, "Sort Name": "Church of The Ascension, Whitton", "Contact Subtype": null, "Church/Organisation Profile: Church Postcode": "IP1 6AN", "Long": 1.144598, "Lat": 52.077115, "Church/Organisation Profile: Approved by IC": null, "Organisation Details: Date Trustees Approval": null, "Organisation Details: Welcome Email Date": null, "Denom": null, "Organisation Details: Denomination": null, "Church/Organisation Profile: Church Denomination": null, "field_13": "2458" }, "geometry": { "type": "Point", "coordinates": [ 1.144598, 52.077115 ] } },
{ "type": "Feature", "properties": { "Contact ID": 167108, "Sort Name": "Church of the Good Shepherd", "Contact Subtype": null, "Church/Organisation Profile: Church Postcode": "TN15 8RF", "Long": 0.304682, "Lat": 51.290963, "Church/Organisation Profile: Approved by IC": null, "Organisation Details: Date Trustees Approval": null, "Organisation Details: Welcome Email Date": null, "Denom": "Church of England", "Organisation Details: Denomination": null, "Church/Organisation Profile: Church Denomination": null, "field_13": "9838" }, "geometry": { "type": "Point", "coordinates": [ 0.304682, 51.290963 ] } },
{ "type": "Feature", "properties": { "Contact ID": 2476, "Sort Name": "Church of the Good Shepherd with St. Peter", "Contact Subtype": null, "Church/Organisation Profile: Church Postcode": "SE12 8NR", "Long": 0.006788, "Lat": 51.453142, "Church/Organisation Profile: Approved by IC": null, "Organisation Details: Date Trustees Approval": null, "Organisation Details: Welcome Email Date": null, "Denom": "Church of England", "Organisation Details: Denomination": null, "Church/Organisation Profile: Church Denomination": null, "field_13": "6060" }, "geometry": { "type": "Point", "coordinates": [ 0.006788, 51.453142 ] } },
{ "type": "Feature", "properties": { "Contact ID": 3959, "Sort Name": "Church of the Good Shepherd, Cox Green", "Contact Subtype": null, "Church/Organisation Profile: Church Postcode": "SL6 3AX", "Long": -0.755393, "Lat": 51.508438, "Church/Organisation Profile: Approved by IC": null, "Organisation Details: Date Trustees Approval": null, "Organisation Details: Welcome Email Date": null, "Denom": "Church of England", "Organisation Details: Denomination": null, "Church/Organisation Profile: Church Denomination": null, "field_13": "5987" }, "geometry": { "type": "Point", "coordinates": [ -0.755393, 51.508438 ] } },
{ "type": "Feature", "properties": { "Contact ID": 2510, "Sort Name": "Church of the Holy Family, Blackbird Leys", "Contact Subtype": null, "Church/Organisation Profile: Church Postcode": "OX4 6JH", "Long": -1.201069, "Lat": 51.721005, "Church/Organisation Profile: Approved by IC": null, "Organisation Details: Date Trustees Approval": null, "Organisation Details: Welcome Email Date": null, "Denom": "LEP (Anglican, United Reformed Church, Baptist, Moravian & Methodist)", "Organisation Details: Denomination": null, "Church/Organisation Profile: Church Denomination": null, "field_13": "6204" }, "geometry": { "type": "Point", "coordinates": [ -1.201069, 51.721005 ] } },
{ "type": "Feature", "properties": { "Contact ID": 235212, "Sort Name": "Church of the Holy Spirit, Clapham", "Contact Subtype": null, "Church/Organisation Profile: Church Postcode": "SW4 9JU", "Long": -0.140427, "Lat": 51.454536, "Church/Organisation Profile: Approved by IC": null, "Organisation Details: Date Trustees Approval": null, "Organisation Details: Welcome Email Date": null, "Denom": null, "Organisation Details: Denomination": null, "Church/Organisation Profile: Church Denomination": null, "field_13": "2366" }, "geometry": { "type": "Point", "coordinates": [ -0.140427, 51.454536 ] } },
{ "type": "Feature", "properties": { "Contact ID": 6680, "Sort Name": "Church of theTransfiguration Kempston", "Contact Subtype": null, "Church/Organisation Profile: Church Postcode": "MK42 8BQ", "Long": -0.490324, "Lat": 52.120549, "Church/Organisation Profile: Approved by IC": null, "Organisation Details: Date Trustees Approval": null, "Organisation Details: Welcome Email Date": null, "Denom": null, "Organisation Details: Denomination": null, "Church/Organisation Profile: Church Denomination": null, "field_13": "7685" }, "geometry": { "type": "Point", "coordinates": [ -0.490324, 52.120549 ] } },
{ "type": "Feature", "properties": { "Contact ID": 6815, "Sort Name": "Cirencester Ashcroft Church", "Contact Subtype": null, "Church/Organisation Profile: Church Postcode": "GL7 1RA", "Long": -1.967811, "Lat": 51.715074, "Church/Organisation Profile: Approved by IC": null, "Organisation Details: Date Trustees Approval": null, "Organisation Details: Welcome Email Date": null, "Denom": null, "Organisation Details: Denomination": null, "Church/Organisation Profile: Church Denomination": null, "field_13": "8174" }, "geometry": { "type": "Point", "coordinates": [ -1.967811, 51.715074 ] } },
{ "type": "Feature", "properties": { "Contact ID": 6907, "Sort Name": "City URC, Cardiff", "Contact Subtype": null, "Church/Organisation Profile: Church Postcode": "CF10 3BZ", "Long": -3.17311, "Lat": 51.484098, "Church/Organisation Profile: Approved by IC": null, "Organisation Details: Date Trustees Approval": null, "Organisation Details: Welcome Email Date": null, "Denom": "United Reformed Church", "Organisation Details: Denomination": null, "Church/Organisation Profile: Church Denomination": null, "field_13": "8620" }, "geometry": { "type": "Point", "coordinates": [ -3.17311, 51.484098 ] } },
{ "type": "Feature", "properties": { "Contact ID": 235559, "Sort Name": "Clapton Park United Reformed Church", "Contact Subtype": null, "Church/Organisation Profile: Church Postcode": "E5 0PU", "Long": -0.05109, "Lat": 51.553048, "Church/Organisation Profile: Approved by IC": null, "Organisation Details: Date Trustees Approval": null, "Organisation Details: Welcome Email Date": null, "Denom": "United Reformed Church", "Organisation Details: Denomination": null, "Church/Organisation Profile: Church Denomination": null, "field_13": "12677" }, "geometry": { "type": "Point", "coordinates": [ -0.05109, 51.553048 ] } },
{ "type": "Feature", "properties": { "Contact ID": 2230, "Sort Name": "Clare URC, Sudbury", "Contact Subtype": null, "Church/Organisation Profile: Church Postcode": "CO10 8NP", "Long": 0.579473, "Lat": 52.076671, "Church/Organisation Profile: Approved by IC": null, "Organisation Details: Date Trustees Approval": null, "Organisation Details: Welcome Email Date": null, "Denom": "URC", "Organisation Details: Denomination": null, "Church/Organisation Profile: Church Denomination": null, "field_13": "2053" }, "geometry": { "type": "Point", "coordinates": [ 0.579473, 52.076671 ] } },
{ "type": "Feature", "properties": { "Contact ID": 235640, "Sort Name": "Claremount Methodist Church, Wallasey", "Contact Subtype": null, "Church/Organisation Profile: Church Postcode": "CH45 6XG", "Long": -3.058548, "Lat": 53.429628, "Church/Organisation Profile: Approved by IC": null, "Organisation Details: Date Trustees Approval": null, "Organisation Details: Welcome Email Date": null, "Denom": "Methodist Church", "Organisation Details: Denomination": null, "Church/Organisation Profile: Church Denomination": null, "field_13": "20399" }, "geometry": { "type": "Point", "coordinates": [ -3.058548, 53.429628 ] } },
{ "type": "Feature", "properties": { "Contact ID": 3972, "Sort Name": "CLOSED Inclusive Gathering Birmingham", "Contact Subtype": null, "Church/Organisation Profile: Church Postcode": "B5 4ST", "Long": -1.896466, "Lat": 52.475572, "Church/Organisation Profile: Approved by IC": null, "Organisation Details: Date Trustees Approval": null, "Organisation Details: Welcome Email Date": null, "Denom": null, "Organisation Details: Denomination": null, "Church/Organisation Profile: Church Denomination": null, "field_13": "5472" }, "geometry": { "type": "Point", "coordinates": [ -1.896466, 52.475572 ] } },
{ "type": "Feature", "properties": { "Contact ID": 234553, "Sort Name": "CLOSED St Luke's in the High Street Walthamstow", "Contact Subtype": null, "Church/Organisation Profile: Church Postcode": "E17 7JN", "Long": -0.021034, "Lat": 51.584478, "Church/Organisation Profile: Approved by IC": null, "Organisation Details: Date Trustees Approval": null, "Organisation Details: Welcome Email Date": null, "Denom": null, "Organisation Details: Denomination": null, "Church/Organisation Profile: Church Denomination": null, "field_13": "5929" }, "geometry": { "type": "Point", "coordinates": [ -0.021034, 51.584478 ] } },
{ "type": "Feature", "properties": { "Contact ID": 5364, "Sort Name": "Connect Exminster", "Contact Subtype": null, "Church/Organisation Profile: Church Postcode": "EX6", "Long": 0.0, "Lat": 0.0, "Church/Organisation Profile: Approved by IC": null, "Organisation Details: Date Trustees Approval": null, "Organisation Details: Welcome Email Date": null, "Denom": null, "Organisation Details: Denomination": null, "Church/Organisation Profile: Church Denomination": null, "field_13": "2050" }, "geometry": { "type": "Point", "coordinates": [ 0.0, 0.0 ] } },
{ "type": "Feature", "properties": { "Contact ID": 85712, "Sort Name": "Cookham Rise Methodist Church", "Contact Subtype": null, "Church/Organisation Profile: Church Postcode": "SL6 9HF", "Long": -0.726134, "Lat": 51.55776, "Church/Organisation Profile: Approved by IC": null, "Organisation Details: Date Trustees Approval": null, "Organisation Details: Welcome Email Date": null, "Denom": "Methodist", "Organisation Details: Denomination": null, "Church/Organisation Profile: Church Denomination": null, "field_13": "9334" }, "geometry": { "type": "Point", "coordinates": [ -0.726134, 51.55776 ] } },
{ "type": "Feature", "properties": { "Contact ID": 2583, "Sort Name": "Copleston Church (St Saviour's Peckham)", "Contact Subtype": null, "Church/Organisation Profile: Church Postcode": "SE15 4AN", "Long": -0.07728, "Lat": 51.466242, "Church/Organisation Profile: Approved by IC": null, "Organisation Details: Date Trustees Approval": null, "Organisation Details: Welcome Email Date": null, "Denom": null, "Organisation Details: Denomination": null, "Church/Organisation Profile: Church Denomination": null, "field_13": "2440" }, "geometry": { "type": "Point", "coordinates": [ -0.07728, 51.466242 ] } },
{ "type": "Feature", "properties": { "Contact ID": 7335, "Sort Name": "Cornerstone Church, Uckfield", "Contact Subtype": null, "Church/Organisation Profile: Church Postcode": "TN22 5AE", "Long": 0.096625, "Lat": 50.967875, "Church/Organisation Profile: Approved by IC": null, "Organisation Details: Date Trustees Approval": null, "Organisation Details: Welcome Email Date": null, "Denom": "LEP (United Reformed Church & Methodist)", "Organisation Details: Denomination": null, "Church/Organisation Profile: Church Denomination": null, "field_13": "8916" }, "geometry": { "type": "Point", "coordinates": [ 0.096625, 50.967875 ] } },
{ "type": "Feature", "properties": { "Contact ID": 235747, "Sort Name": "Cornerstone Methodist Church", "Contact Subtype": null, "Church/Organisation Profile: Church Postcode": "RH12 1AN", "Long": -0.329187, "Lat": 51.064988, "Church/Organisation Profile: Approved by IC": null, "Organisation Details: Date Trustees Approval": null, "Organisation Details: Welcome Email Date": null, "Denom": "Methodist Church", "Organisation Details: Denomination": null, "Church/Organisation Profile: Church Denomination": null, "field_13": "20099" }, "geometry": { "type": "Point", "coordinates": [ -0.329187, 51.064988 ] } },
{ "type": "Feature", "properties": { "Contact ID": 265151, "Sort Name": "Cornerstone Methodist Church (London Road Chapel)", "Contact Subtype": null, "Church/Organisation Profile: Church Postcode": "RH12 1AN", "Long": -0.329187, "Lat": 51.064988, "Church/Organisation Profile: Approved by IC": null, "Organisation Details: Date Trustees Approval": null, "Organisation Details: Welcome Email Date": null, "Denom": "Methodist Church", "Organisation Details: Denomination": null, "Church/Organisation Profile: Church Denomination": null, "field_13": "21046" }, "geometry": { "type": "Point", "coordinates": [ -0.329187, 51.064988 ] } },
{ "type": "Feature", "properties": { "Contact ID": 265153, "Sort Name": "Cornerstone Methodist Church (Partridge Green Chapel)", "Contact Subtype": null, "Church/Organisation Profile: Church Postcode": "RH13 8HP", "Long": -0.30308, "Lat": 50.960013, "Church/Organisation Profile: Approved by IC": null, "Organisation Details: Date Trustees Approval": null, "Organisation Details: Welcome Email Date": null, "Denom": "Methodist Church", "Organisation Details: Denomination": null, "Church/Organisation Profile: Church Denomination": null, "field_13": "21047" }, "geometry": { "type": "Point", "coordinates": [ -0.30308, 50.960013 ] } },
{ "type": "Feature", "properties": { "Contact ID": 265152, "Sort Name": "Cornerstone Methodist Church (St Andrews Chapel)", "Contact Subtype": null, "Church/Organisation Profile: Church Postcode": "RH12 4DX", "Long": -0.301801, "Lat": 51.073901, "Church/Organisation Profile: Approved by IC": null, "Organisation Details: Date Trustees Approval": null, "Organisation Details: Welcome Email Date": null, "Denom": "Methodist Church", "Organisation Details: Denomination": null, "Church/Organisation Profile: Church Denomination": null, "field_13": "21048" }, "geometry": { "type": "Point", "coordinates": [ -0.301801, 51.073901 ] } },
{ "type": "Feature", "properties": { "Contact ID": 2641, "Sort Name": "Cotham Parish Church", "Contact Subtype": null, "Church/Organisation Profile: Church Postcode": "BS6 6DR", "Long": -2.600945, "Lat": 51.462224, "Church/Organisation Profile: Approved by IC": null, "Organisation Details: Date Trustees Approval": null, "Organisation Details: Welcome Email Date": null, "Denom": "Church of England", "Organisation Details: Denomination": null, "Church/Organisation Profile: Church Denomination": null, "field_13": "8496" }, "geometry": { "type": "Point", "coordinates": [ -2.600945, 51.462224 ] } },
{ "type": "Feature", "properties": { "Contact ID": 2366, "Sort Name": "Cotteridge Church, Birmingham", "Contact Subtype": null, "Church/Organisation Profile: Church Postcode": "B30 3EJ", "Long": -1.930568, "Lat": 52.415426, "Church/Organisation Profile: Approved by IC": null, "Organisation Details: Date Trustees Approval": null, "Organisation Details: Welcome Email Date": null, "Denom": "CofE/Meth/URC", "Organisation Details: Denomination": null, "Church/Organisation Profile: Church Denomination": null, "field_13": "2210" }, "geometry": { "type": "Point", "coordinates": [ -1.930568, 52.415426 ] } },
{ "type": "Feature", "properties": { "Contact ID": 3979, "Sort Name": "Cowley Road Methodist", "Contact Subtype": null, "Church/Organisation Profile: Church Postcode": "OX4 1BN", "Long": -1.239879, "Lat": 51.749585, "Church/Organisation Profile: Approved by IC": null, "Organisation Details: Date Trustees Approval": null, "Organisation Details: Welcome Email Date": null, "Denom": "Methodist", "Organisation Details: Denomination": null, "Church/Organisation Profile: Church Denomination": null, "field_13": "3774" }, "geometry": { "type": "Point", "coordinates": [ -1.239879, 51.749585 ] } },
{ "type": "Feature", "properties": { "Contact ID": 2350, "Sort Name": "Crediton Methodist Church", "Contact Subtype": null, "Church/Organisation Profile: Church Postcode": "EX17 3AW", "Long": -3.65583, "Lat": 50.790089, "Church/Organisation Profile: Approved by IC": null, "Organisation Details: Date Trustees Approval": null, "Organisation Details: Welcome Email Date": null, "Denom": null, "Organisation Details: Denomination": null, "Church/Organisation Profile: Church Denomination": null, "field_13": "2187" }, "geometry": { "type": "Point", "coordinates": [ -3.65583, 50.790089 ] } },
{ "type": "Feature", "properties": { "Contact ID": 235623, "Sort Name": "Crosslacon Parish", "Contact Subtype": null, "Church/Organisation Profile: Church Postcode": "CA22 2HZ", "Long": -3.546284, "Lat": 54.484413, "Church/Organisation Profile: Approved by IC": null, "Organisation Details: Date Trustees Approval": null, "Organisation Details: Welcome Email Date": null, "Denom": null, "Organisation Details: Denomination": null, "Church/Organisation Profile: Church Denomination": null, "field_13": "12678" }, "geometry": { "type": "Point", "coordinates": [ -3.546284, 54.484413 ] } },
{ "type": "Feature", "properties": { "Contact ID": 181816, "Sort Name": "Crowborough United Church", "Contact Subtype": null, "Church/Organisation Profile: Church Postcode": "TN22 5QF", "Long": 0.101776, "Lat": 50.96146, "Church/Organisation Profile: Approved by IC": null, "Organisation Details: Date Trustees Approval": null, "Organisation Details: Welcome Email Date": null, "Denom": "URC / Methodist LEP", "Organisation Details: Denomination": null, "Church/Organisation Profile: Church Denomination": null, "field_13": "9902" }, "geometry": { "type": "Point", "coordinates": [ 0.101776, 50.96146 ] } },
{ "type": "Feature", "properties": { "Contact ID": 6886, "Sort Name": "Cynon Uchaf Ministry Area", "Contact Subtype": null, "Church/Organisation Profile: Church Postcode": "CF44", "Long": 0.0, "Lat": 0.0, "Church/Organisation Profile: Approved by IC": null, "Organisation Details: Date Trustees Approval": null, "Organisation Details: Welcome Email Date": null, "Denom": "CinW", "Organisation Details: Denomination": null, "Church/Organisation Profile: Church Denomination": null, "field_13": "8569" }, "geometry": { "type": "Point", "coordinates": [ 0.0, 0.0 ] } },
{ "type": "Feature", "properties": { "Contact ID": 2553, "Sort Name": "Department of Spiritual and Pastoral Care Team of Cornwall Partnership NHS Foundation Trust", "Contact Subtype": null, "Church/Organisation Profile: Church Postcode": "PL31 2QT", "Long": -4.741998, "Lat": 50.468561, "Church/Organisation Profile: Approved by IC": null, "Organisation Details: Date Trustees Approval": null, "Organisation Details: Welcome Email Date": null, "Denom": null, "Organisation Details: Denomination": null, "Church/Organisation Profile: Church Denomination": null, "field_13": "C2410" }, "geometry": { "type": "Point", "coordinates": [ -4.741998, 50.468561 ] } },
{ "type": "Feature", "properties": { "Contact ID": 235333, "Sort Name": "Downing Place URC", "Contact Subtype": null, "Church/Organisation Profile: Church Postcode": "CB2 3EL", "Long": 0.123204, "Lat": 52.202978, "Church/Organisation Profile: Approved by IC": null, "Organisation Details: Date Trustees Approval": null, "Organisation Details: Welcome Email Date": null, "Denom": "United Reformed Church", "Organisation Details: Denomination": null, "Church/Organisation Profile: Church Denomination": null, "field_13": "2314" }, "geometry": { "type": "Point", "coordinates": [ 0.123204, 52.202978 ] } },
{ "type": "Feature", "properties": { "Contact ID": 6457, "Sort Name": "Durham City Methodists", "Contact Subtype": null, "Church/Organisation Profile: Church Postcode": "DH1 3HL", "Long": -1.571205, "Lat": 54.775057, "Church/Organisation Profile: Approved by IC": null, "Organisation Details: Date Trustees Approval": null, "Organisation Details: Welcome Email Date": null, "Denom": "Methodist", "Organisation Details: Denomination": null, "Church/Organisation Profile: Church Denomination": null, "field_13": "6999" }, "geometry": { "type": "Point", "coordinates": [ -1.571205, 54.775057 ] } },
{ "type": "Feature", "properties": { "Contact ID": 89036, "Sort Name": "Earley St Nicolas", "Contact Subtype": null, "Church/Organisation Profile: Church Postcode": "RG6 7JN", "Long": -0.910734, "Lat": 51.43677, "Church/Organisation Profile: Approved by IC": null, "Organisation Details: Date Trustees Approval": null, "Organisation Details: Welcome Email Date": null, "Denom": "Church of England", "Organisation Details: Denomination": null, "Church/Organisation Profile: Church Denomination": null, "field_13": "9512" }, "geometry": { "type": "Point", "coordinates": [ -0.910734, 51.43677 ] } },
{ "type": "Feature", "properties": { "Contact ID": 235625, "Sort Name": "Ebbsfleet Baptist Church", "Contact Subtype": null, "Church/Organisation Profile: Church Postcode": "DA10 1BX", "Long": 0.300927, "Lat": 51.437439, "Church/Organisation Profile: Approved by IC": null, "Organisation Details: Date Trustees Approval": null, "Organisation Details: Welcome Email Date": null, "Denom": "Baptist Union", "Organisation Details: Denomination": null, "Church/Organisation Profile: Church Denomination": null, "field_13": "12679" }, "geometry": { "type": "Point", "coordinates": [ 0.300927, 51.437439 ] } },
{ "type": "Feature", "properties": { "Contact ID": 234545, "Sort Name": "Edale Parish Church", "Contact Subtype": null, "Church/Organisation Profile: Church Postcode": "S33 7ZA", "Long": -1.81669, "Lat": 53.367404, "Church/Organisation Profile: Approved by IC": null, "Organisation Details: Date Trustees Approval": null, "Organisation Details: Welcome Email Date": null, "Denom": null, "Organisation Details: Denomination": null, "Church/Organisation Profile: Church Denomination": null, "field_13": "2316" }, "geometry": { "type": "Point", "coordinates": [ -1.81669, 53.367404 ] } },
{ "type": "Feature", "properties": { "Contact ID": 2631, "Sort Name": "Eglwys Dewi Sant Caerdydd (Calon y Ddinas MA, Cardiff)", "Contact Subtype": null, "Church/Organisation Profile: Church Postcode": "CF10 3DD", "Long": -3.173588, "Lat": 51.485316, "Church/Organisation Profile: Approved by IC": null, "Organisation Details: Date Trustees Approval": null, "Organisation Details: Welcome Email Date": null, "Denom": "CinW", "Organisation Details: Denomination": null, "Church/Organisation Profile: Church Denomination": null, "field_13": "2488" }, "geometry": { "type": "Point", "coordinates": [ -3.173588, 51.485316 ] } },
{ "type": "Feature", "properties": { "Contact ID": 235633, "Sort Name": "Ely Methodist Church", "Contact Subtype": null, "Church/Organisation Profile: Church Postcode": "CB25 9FA", "Long": 0.170516, "Lat": 52.26445, "Church/Organisation Profile: Approved by IC": null, "Organisation Details: Date Trustees Approval": null, "Organisation Details: Welcome Email Date": null, "Denom": "Methodist Church", "Organisation Details: Denomination": null, "Church/Organisation Profile: Church Denomination": null, "field_13": "20490" }, "geometry": { "type": "Point", "coordinates": [ 0.170516, 52.26445 ] } },
{ "type": "Feature", "properties": { "Contact ID": 2793, "Sort Name": "Emmanuel Church Didsbury", "Contact Subtype": null, "Church/Organisation Profile: Church Postcode": "M20 6TR", "Long": -2.233735, "Lat": 53.418585, "Church/Organisation Profile: Approved by IC": null, "Organisation Details: Date Trustees Approval": null, "Organisation Details: Welcome Email Date": null, "Denom": null, "Organisation Details: Denomination": null, "Church/Organisation Profile: Church Denomination": null, "field_13": "C2306" }, "geometry": { "type": "Point", "coordinates": [ -2.233735, 53.418585 ] } },
{ "type": "Feature", "properties": { "Contact ID": 5782, "Sort Name": "Emmanuel Church, Eastbourne", "Contact Subtype": null, "Church/Organisation Profile: Church Postcode": "BN21 1JJ", "Long": 0.262646, "Lat": 50.773044, "Church/Organisation Profile: Approved by IC": null, "Organisation Details: Date Trustees Approval": null, "Organisation Details: Welcome Email Date": null, "Denom": "Methodist/URC", "Organisation Details: Denomination": null, "Church/Organisation Profile: Church Denomination": null, "field_13": "4965" }, "geometry": { "type": "Point", "coordinates": [ 0.262646, 50.773044 ] } },
{ "type": "Feature", "properties": { "Contact ID": 235636, "Sort Name": "Emmanuel Church, Walton-on-the-Naze", "Contact Subtype": null, "Church/Organisation Profile: Church Postcode": "CO14 8EB", "Long": 1.270812, "Lat": 51.847658, "Church/Organisation Profile: Approved by IC": null, "Organisation Details: Date Trustees Approval": null, "Organisation Details: Welcome Email Date": null, "Denom": "LEP", "Organisation Details: Denomination": null, "Church/Organisation Profile: Church Denomination": null, "field_13": "18170" }, "geometry": { "type": "Point", "coordinates": [ 1.270812, 51.847658 ] } },
{ "type": "Feature", "properties": { "Contact ID": 235353, "Sort Name": "Emmanuel Didsbury", "Contact Subtype": null, "Church/Organisation Profile: Church Postcode": "M20 6TR", "Long": -2.233735, "Lat": 53.418585, "Church/Organisation Profile: Approved by IC": null, "Organisation Details: Date Trustees Approval": null, "Organisation Details: Welcome Email Date": null, "Denom": null, "Organisation Details: Denomination": null, "Church/Organisation Profile: Church Denomination": null, "field_13": "6421" }, "geometry": { "type": "Point", "coordinates": [ -2.233735, 53.418585 ] } },
{ "type": "Feature", "properties": { "Contact ID": 234597, "Sort Name": "Emmanuel New Brighton (St James with Emmanuel New Brighton, Wirral)", "Contact Subtype": null, "Church/Organisation Profile: Church Postcode": "CH45 1HG", "Long": -3.039423, "Lat": 53.431666, "Church/Organisation Profile: Approved by IC": null, "Organisation Details: Date Trustees Approval": null, "Organisation Details: Welcome Email Date": null, "Denom": "Church of England", "Organisation Details: Denomination": null, "Church/Organisation Profile: Church Denomination": null, "field_13": "8528" }, "geometry": { "type": "Point", "coordinates": [ -3.039423, 53.431666 ] } },
{ "type": "Feature", "properties": { "Contact ID": 2741, "Sort Name": "Emmanuel West Hampstead", "Contact Subtype": null, "Church/Organisation Profile: Church Postcode": "NW6 1JU", "Long": -0.192396, "Lat": 51.552667, "Church/Organisation Profile: Approved by IC": null, "Organisation Details: Date Trustees Approval": null, "Organisation Details: Welcome Email Date": null, "Denom": null, "Organisation Details: Denomination": null, "Church/Organisation Profile: Church Denomination": null, "field_13": "2598" }, "geometry": { "type": "Point", "coordinates": [ -0.192396, 51.552667 ] } },
{ "type": "Feature", "properties": { "Contact ID": 6196, "Sort Name": "Eynesbury St Mary's", "Contact Subtype": null, "Church/Organisation Profile: Church Postcode": "PE19 2TD", "Long": -0.268924, "Lat": 52.223535, "Church/Organisation Profile: Approved by IC": null, "Organisation Details: Date Trustees Approval": null, "Organisation Details: Welcome Email Date": null, "Denom": "Church of England", "Organisation Details: Denomination": null, "Church/Organisation Profile: Church Denomination": null, "field_13": "6229" }, "geometry": { "type": "Point", "coordinates": [ -0.268924, 52.223535 ] } },
{ "type": "Feature", "properties": { "Contact ID": 6682, "Sort Name": "Fakenham Parish Church (St Peter & St Paul)", "Contact Subtype": null, "Church/Organisation Profile: Church Postcode": "NR21 9BX", "Long": 0.847734, "Lat": 52.830409, "Church/Organisation Profile: Approved by IC": null, "Organisation Details: Date Trustees Approval": null, "Organisation Details: Welcome Email Date": null, "Denom": "Church of England", "Organisation Details: Denomination": null, "Church/Organisation Profile: Church Denomination": null, "field_13": "7694" }, "geometry": { "type": "Point", "coordinates": [ 0.847734, 52.830409 ] } },
{ "type": "Feature", "properties": { "Contact ID": 2248, "Sort Name": "Forest Row Baptist Church, East Sussex", "Contact Subtype": null, "Church/Organisation Profile: Church Postcode": "RH18 5BF", "Long": 0.041362, "Lat": 51.095086, "Church/Organisation Profile: Approved by IC": null, "Organisation Details: Date Trustees Approval": null, "Organisation Details: Welcome Email Date": null, "Denom": "Baptist", "Organisation Details: Denomination": null, "Church/Organisation Profile: Church Denomination": null, "field_13": "2074" }, "geometry": { "type": "Point", "coordinates": [ 0.041362, 51.095086 ] } },
{ "type": "Feature", "properties": { "Contact ID": 89052, "Sort Name": "Glastonbury United Reformed Church", "Contact Subtype": null, "Church/Organisation Profile: Church Postcode": "BA6 9DZ", "Long": -2.713143, "Lat": 51.147988, "Church/Organisation Profile: Approved by IC": null, "Organisation Details: Date Trustees Approval": null, "Organisation Details: Welcome Email Date": null, "Denom": "Church of England", "Organisation Details: Denomination": null, "Church/Organisation Profile: Church Denomination": null, "field_13": "9567" }, "geometry": { "type": "Point", "coordinates": [ -2.713143, 51.147988 ] } },
{ "type": "Feature", "properties": { "Contact ID": 5817, "Sort Name": "Good Shepherd, Shoreham Beach", "Contact Subtype": null, "Church/Organisation Profile: Church Postcode": "BN43 5LF", "Long": -0.288342, "Lat": 50.826156, "Church/Organisation Profile: Approved by IC": null, "Organisation Details: Date Trustees Approval": null, "Organisation Details: Welcome Email Date": null, "Denom": null, "Organisation Details: Denomination": null, "Church/Organisation Profile: Church Denomination": null, "field_13": "5064" }, "geometry": { "type": "Point", "coordinates": [ -0.288342, 50.826156 ] } },
{ "type": "Feature", "properties": { "Contact ID": 265299, "Sort Name": "Gracious Street Methodist Church, Knaresborough", "Contact Subtype": null, "Church/Organisation Profile: Church Postcode": "HG5 8AN", "Long": -1.46567, "Lat": 54.007147, "Church/Organisation Profile: Approved by IC": null, "Organisation Details: Date Trustees Approval": null, "Organisation Details: Welcome Email Date": null, "Denom": "Methodist Church", "Organisation Details: Denomination": null, "Church/Organisation Profile: Church Denomination": null, "field_13": "21439" }, "geometry": { "type": "Point", "coordinates": [ -1.46567, 54.007147 ] } },
{ "type": "Feature", "properties": { "Contact ID": 234426, "Sort Name": "Grange-over-Sands Methodist Church", "Contact Subtype": null, "Church/Organisation Profile: Church Postcode": "LA11", "Long": 0.0, "Lat": 0.0, "Church/Organisation Profile: Approved by IC": null, "Organisation Details: Date Trustees Approval": null, "Organisation Details: Welcome Email Date": null, "Denom": null, "Organisation Details: Denomination": null, "Church/Organisation Profile: Church Denomination": null, "field_13": "8854" }, "geometry": { "type": "Point", "coordinates": [ 0.0, 0.0 ] } },
{ "type": "Feature", "properties": { "Contact ID": 5713, "Sort Name": "Grangewood Methodist", "Contact Subtype": null, "Church/Organisation Profile: Church Postcode": "NG8 2SJ", "Long": -1.232701, "Lat": 52.946863, "Church/Organisation Profile: Approved by IC": null, "Organisation Details: Date Trustees Approval": null, "Organisation Details: Welcome Email Date": null, "Denom": null, "Organisation Details: Denomination": null, "Church/Organisation Profile: Church Denomination": null, "field_13": "4818" }, "geometry": { "type": "Point", "coordinates": [ -1.232701, 52.946863 ] } },
{ "type": "Feature", "properties": { "Contact ID": 2740, "Sort Name": "Great St Mary's, Cambridge (The University Church)", "Contact Subtype": null, "Church/Organisation Profile: Church Postcode": "CB2 3PQ", "Long": 0.118297, "Lat": 52.205035, "Church/Organisation Profile: Approved by IC": null, "Organisation Details: Date Trustees Approval": null, "Organisation Details: Welcome Email Date": null, "Denom": null, "Organisation Details: Denomination": null, "Church/Organisation Profile: Church Denomination": null, "field_13": "2597" }, "geometry": { "type": "Point", "coordinates": [ 0.118297, 52.205035 ] } },
{ "type": "Feature", "properties": { "Contact ID": 5816, "Sort Name": "Great Yarmouth Minster (St Nicholas)", "Contact Subtype": null, "Church/Organisation Profile: Church Postcode": "NR30 1NE", "Long": 1.726543, "Lat": 52.611008, "Church/Organisation Profile: Approved by IC": null, "Organisation Details: Date Trustees Approval": null, "Organisation Details: Welcome Email Date": null, "Denom": null, "Organisation Details: Denomination": null, "Church/Organisation Profile: Church Denomination": null, "field_13": "5490" }, "geometry": { "type": "Point", "coordinates": [ 1.726543, 52.611008 ] } },
{ "type": "Feature", "properties": { "Contact ID": 265412, "Sort Name": "Grove Centre Church (Baptist/URC)", "Contact Subtype": null, "Church/Organisation Profile: Church Postcode": "SE26 6PL", "Long": -0.060421, "Lat": 51.429219, "Church/Organisation Profile: Approved by IC": null, "Organisation Details: Date Trustees Approval": null, "Organisation Details: Welcome Email Date": null, "Denom": null, "Organisation Details: Denomination": null, "Church/Organisation Profile: Church Denomination": null, "field_13": "22242" }, "geometry": { "type": "Point", "coordinates": [ -0.060421, 51.429219 ] } },
{ "type": "Feature", "properties": { "Contact ID": 6407, "Sort Name": "Grove Lane Baptist Church, Cheadle Hulme", "Contact Subtype": null, "Church/Organisation Profile: Church Postcode": "SK8 7NP", "Long": -2.18976, "Lat": 53.359097, "Church/Organisation Profile: Approved by IC": null, "Organisation Details: Date Trustees Approval": null, "Organisation Details: Welcome Email Date": null, "Denom": null, "Organisation Details: Denomination": null, "Church/Organisation Profile: Church Denomination": null, "field_13": "6828" }, "geometry": { "type": "Point", "coordinates": [ -2.18976, 53.359097 ] } },
{ "type": "Feature", "properties": { "Contact ID": 4321, "Sort Name": "Guildford URC", "Contact Subtype": null, "Church/Organisation Profile: Church Postcode": "GU2 4BS", "Long": -0.578884, "Lat": 51.23236, "Church/Organisation Profile: Approved by IC": null, "Organisation Details: Date Trustees Approval": null, "Organisation Details: Welcome Email Date": null, "Denom": "United Reformed Church", "Organisation Details: Denomination": null, "Church/Organisation Profile: Church Denomination": null, "field_13": "3856" }, "geometry": { "type": "Point", "coordinates": [ -0.578884, 51.23236 ] } },
{ "type": "Feature", "properties": { "Contact ID": 6831, "Sort Name": "Halifax Minster (St John the Baptist)", "Contact Subtype": null, "Church/Organisation Profile: Church Postcode": "HX1 1QL", "Long": -1.8546, "Lat": 53.723033, "Church/Organisation Profile: Approved by IC": null, "Organisation Details: Date Trustees Approval": null, "Organisation Details: Welcome Email Date": null, "Denom": null, "Organisation Details: Denomination": null, "Church/Organisation Profile: Church Denomination": null, "field_13": "8225" }, "geometry": { "type": "Point", "coordinates": [ -1.8546, 53.723033 ] } },
{ "type": "Feature", "properties": { "Contact ID": 6818, "Sort Name": "Hathersage Methodist Church", "Contact Subtype": null, "Church/Organisation Profile: Church Postcode": "S32 1BB", "Long": -1.654033, "Lat": 53.330919, "Church/Organisation Profile: Approved by IC": null, "Organisation Details: Date Trustees Approval": null, "Organisation Details: Welcome Email Date": null, "Denom": "Methodist", "Organisation Details: Denomination": null, "Church/Organisation Profile: Church Denomination": null, "field_13": "8181" }, "geometry": { "type": "Point", "coordinates": [ -1.654033, 53.330919 ] } },
{ "type": "Feature", "properties": { "Contact ID": 7365, "Sort Name": "Haywards Heath Methodist Church", "Contact Subtype": null, "Church/Organisation Profile: Church Postcode": "RH16 3DN", "Long": -0.103144, "Lat": 51.003855, "Church/Organisation Profile: Approved by IC": null, "Organisation Details: Date Trustees Approval": null, "Organisation Details: Welcome Email Date": null, "Denom": "Methodist", "Organisation Details: Denomination": null, "Church/Organisation Profile: Church Denomination": null, "field_13": "9021" }, "geometry": { "type": "Point", "coordinates": [ -0.103144, 51.003855 ] } },
{ "type": "Feature", "properties": { "Contact ID": 235328, "Sort Name": "Hereford Diocese Inclusive Church Forum", "Contact Subtype": null, "Church/Organisation Profile: Church Postcode": "HR4 9BL", "Long": -2.716537, "Lat": 52.053648, "Church/Organisation Profile: Approved by IC": null, "Organisation Details: Date Trustees Approval": null, "Organisation Details: Welcome Email Date": null, "Denom": "Ecumenical", "Organisation Details: Denomination": null, "Church/Organisation Profile: Church Denomination": null, "field_13": "2454" }, "geometry": { "type": "Point", "coordinates": [ -2.716537, 52.053648 ] } },
{ "type": "Feature", "properties": { "Contact ID": 2229, "Sort Name": "Heswall URC, Wirral", "Contact Subtype": null, "Church/Organisation Profile: Church Postcode": "CH60 7SE", "Long": -3.100113, "Lat": 53.328502, "Church/Organisation Profile: Approved by IC": null, "Organisation Details: Date Trustees Approval": null, "Organisation Details: Welcome Email Date": null, "Denom": "United Reformed Church", "Organisation Details: Denomination": null, "Church/Organisation Profile: Church Denomination": null, "field_13": "5113" }, "geometry": { "type": "Point", "coordinates": [ -3.100113, 53.328502 ] } },
{ "type": "Feature", "properties": { "Contact ID": 6506, "Sort Name": "Heywood Baptist Church", "Contact Subtype": null, "Church/Organisation Profile: Church Postcode": "OL10 1LE", "Long": -2.213422, "Lat": 53.592657, "Church/Organisation Profile: Approved by IC": null, "Organisation Details: Date Trustees Approval": null, "Organisation Details: Welcome Email Date": null, "Denom": "Baptist", "Organisation Details: Denomination": null, "Church/Organisation Profile: Church Denomination": null, "field_13": "7144" }, "geometry": { "type": "Point", "coordinates": [ -2.213422, 53.592657 ] } },
{ "type": "Feature", "properties": { "Contact ID": 2530, "Sort Name": "Hinde Street Methodist Church", "Contact Subtype": null, "Church/Organisation Profile: Church Postcode": "W1U 2QJ", "Long": -0.151176, "Lat": 51.517295, "Church/Organisation Profile: Approved by IC": null, "Organisation Details: Date Trustees Approval": null, "Organisation Details: Welcome Email Date": null, "Denom": "Methodist", "Organisation Details: Denomination": null, "Church/Organisation Profile: Church Denomination": null, "field_13": "2387" }, "geometry": { "type": "Point", "coordinates": [ -0.151176, 51.517295 ] } },
{ "type": "Feature", "properties": { "Contact ID": 2564, "Sort Name": "Hodge Hill Church", "Contact Subtype": null, "Church/Organisation Profile: Church Postcode": "B36 8BG", "Long": -1.797852, "Lat": 52.501219, "Church/Organisation Profile: Approved by IC": null, "Organisation Details: Date Trustees Approval": null, "Organisation Details: Welcome Email Date": null, "Denom": null, "Organisation Details: Denomination": null, "Church/Organisation Profile: Church Denomination": null, "field_13": "2421" }, "geometry": { "type": "Point", "coordinates": [ -1.797852, 52.501219 ] } },
{ "type": "Feature", "properties": { "Contact ID": 2396, "Sort Name": "Holland House", "Contact Subtype": null, "Church/Organisation Profile: Church Postcode": "WR10 3NB", "Long": -2.004647, "Lat": 52.101826, "Church/Organisation Profile: Approved by IC": null, "Organisation Details: Date Trustees Approval": null, "Organisation Details: Welcome Email Date": null, "Denom": null, "Organisation Details: Denomination": null, "Church/Organisation Profile: Church Denomination": null, "field_13": "2247" }, "geometry": { "type": "Point", "coordinates": [ -2.004647, 52.101826 ] } },
{ "type": "Feature", "properties": { "Contact ID": 2771, "Sort Name": "Holy Angels, Claremont (Salford All Saints)", "Contact Subtype": null, "Church/Organisation Profile: Church Postcode": "M6 7QD", "Long": -2.307815, "Lat": 53.496556, "Church/Organisation Profile: Approved by IC": null, "Organisation Details: Date Trustees Approval": null, "Organisation Details: Welcome Email Date": null, "Denom": "Church of England", "Organisation Details: Denomination": null, "Church/Organisation Profile: Church Denomination": null, "field_13": "2056" }, "geometry": { "type": "Point", "coordinates": [ -2.307815, 53.496556 ] } },
{ "type": "Feature", "properties": { "Contact ID": 2761, "Sort Name": "Holy Cross Bilbrook", "Contact Subtype": null, "Church/Organisation Profile: Church Postcode": "WV8 1EU", "Long": -2.179825, "Lat": 52.628578, "Church/Organisation Profile: Approved by IC": null, "Organisation Details: Date Trustees Approval": null, "Organisation Details: Welcome Email Date": null, "Denom": "Church of England", "Organisation Details: Denomination": null, "Church/Organisation Profile: Church Denomination": null, "field_13": "6352" }, "geometry": { "type": "Point", "coordinates": [ -2.179825, 52.628578 ] } },
{ "type": "Feature", "properties": { "Contact ID": 6783, "Sort Name": "Holy Cross Boultham, Lincoln", "Contact Subtype": null, "Church/Organisation Profile: Church Postcode": "LN6", "Long": 0.0, "Lat": 0.0, "Church/Organisation Profile: Approved by IC": null, "Organisation Details: Date Trustees Approval": null, "Organisation Details: Welcome Email Date": null, "Denom": null, "Organisation Details: Denomination": null, "Church/Organisation Profile: Church Denomination": null, "field_13": "8083" }, "geometry": { "type": "Point", "coordinates": [ 0.0, 0.0 ] } },
{ "type": "Feature", "properties": { "Contact ID": 5667, "Sort Name": "Holy Cross North Bersted (Bognor Regis)", "Contact Subtype": null, "Church/Organisation Profile: Church Postcode": "PO21 5AU", "Long": -0.692149, "Lat": 50.799696, "Church/Organisation Profile: Approved by IC": null, "Organisation Details: Date Trustees Approval": null, "Organisation Details: Welcome Email Date": null, "Denom": "Church of England", "Organisation Details: Denomination": null, "Church/Organisation Profile: Church Denomination": null, "field_13": "4676" }, "geometry": { "type": "Point", "coordinates": [ -0.692149, 50.799696 ] } },
{ "type": "Feature", "properties": { "Contact ID": 6611, "Sort Name": "Holy Epiphany, Bournemouth", "Contact Subtype": null, "Church/Organisation Profile: Church Postcode": "BH9 3JT", "Long": -1.869224, "Lat": 50.758948, "Church/Organisation Profile: Approved by IC": null, "Organisation Details: Date Trustees Approval": null, "Organisation Details: Welcome Email Date": null, "Denom": null, "Organisation Details: Denomination": null, "Church/Organisation Profile: Church Denomination": null, "field_13": "7767" }, "geometry": { "type": "Point", "coordinates": [ -1.869224, 50.758948 ] } },
{ "type": "Feature", "properties": { "Contact ID": 2554, "Sort Name": "Holy Innocents Fallowfield", "Contact Subtype": null, "Church/Organisation Profile: Church Postcode": "M14 6JZ", "Long": -2.221645, "Lat": 53.44312, "Church/Organisation Profile: Approved by IC": null, "Organisation Details: Date Trustees Approval": null, "Organisation Details: Welcome Email Date": null, "Denom": null, "Organisation Details: Denomination": null, "Church/Organisation Profile: Church Denomination": null, "field_13": "2411" }, "geometry": { "type": "Point", "coordinates": [ -2.221645, 53.44312 ] } },
{ "type": "Feature", "properties": { "Contact ID": 2739, "Sort Name": "Holy Innocents Hammersmith", "Contact Subtype": null, "Church/Organisation Profile: Church Postcode": "W6 0UB", "Long": -0.236954, "Lat": 51.498562, "Church/Organisation Profile: Approved by IC": null, "Organisation Details: Date Trustees Approval": null, "Organisation Details: Welcome Email Date": null, "Denom": null, "Organisation Details: Denomination": null, "Church/Organisation Profile: Church Denomination": null, "field_13": "2596" }, "geometry": { "type": "Point", "coordinates": [ -0.236954, 51.498562 ] } },
{ "type": "Feature", "properties": { "Contact ID": 2471, "Sort Name": "Holy Innocents, Lamarsh", "Contact Subtype": null, "Church/Organisation Profile: Church Postcode": "CO8 5EU", "Long": 0.751385, "Lat": 51.98927, "Church/Organisation Profile: Approved by IC": null, "Organisation Details: Date Trustees Approval": null, "Organisation Details: Welcome Email Date": null, "Denom": "Church of England", "Organisation Details: Denomination": null, "Church/Organisation Profile: Church Denomination": null, "field_13": "2325" }, "geometry": { "type": "Point", "coordinates": [ 0.751385, 51.98927 ] } },
{ "type": "Feature", "properties": { "Contact ID": 181977, "Sort Name": "Holy Nativity Mixenden", "Contact Subtype": null, "Church/Organisation Profile: Church Postcode": "HX2 8RX", "Long": -1.90895, "Lat": 53.748793, "Church/Organisation Profile: Approved by IC": null, "Organisation Details: Date Trustees Approval": null, "Organisation Details: Welcome Email Date": null, "Denom": "Anglican", "Organisation Details: Denomination": null, "Church/Organisation Profile: Church Denomination": null, "field_13": "10301" }, "geometry": { "type": "Point", "coordinates": [ -1.90895, 53.748793 ] } },
{ "type": "Feature", "properties": { "Contact ID": 2483, "Sort Name": "Holy Nativity, Chapel House", "Contact Subtype": null, "Church/Organisation Profile: Church Postcode": "NE5 1DR", "Long": -1.71585, "Lat": 54.995888, "Church/Organisation Profile: Approved by IC": null, "Organisation Details: Date Trustees Approval": null, "Organisation Details: Welcome Email Date": null, "Denom": null, "Organisation Details: Denomination": null, "Church/Organisation Profile: Church Denomination": null, "field_13": "2340" }, "geometry": { "type": "Point", "coordinates": [ -1.71585, 54.995888 ] } },
{ "type": "Feature", "properties": { "Contact ID": 85630, "Sort Name": "Holy Redeemer Acomb", "Contact Subtype": null, "Church/Organisation Profile: Church Postcode": "YO26 6AB", "Long": -1.125328, "Lat": 53.966228, "Church/Organisation Profile: Approved by IC": null, "Organisation Details: Date Trustees Approval": null, "Organisation Details: Welcome Email Date": null, "Denom": "Church of England", "Organisation Details: Denomination": null, "Church/Organisation Profile: Church Denomination": null, "field_13": "9129" }, "geometry": { "type": "Point", "coordinates": [ -1.125328, 53.966228 ] } },
{ "type": "Feature", "properties": { "Contact ID": 235329, "Sort Name": "Holy Rood House", "Contact Subtype": null, "Church/Organisation Profile: Church Postcode": "YO7 1HX", "Long": -1.343774, "Lat": 54.229166, "Church/Organisation Profile: Approved by IC": null, "Organisation Details: Date Trustees Approval": null, "Organisation Details: Welcome Email Date": null, "Denom": null, "Organisation Details: Denomination": null, "Church/Organisation Profile: Church Denomination": null, "field_13": "2434" }, "geometry": { "type": "Point", "coordinates": [ -1.343774, 54.229166 ] } },
{ "type": "Feature", "properties": { "Contact ID": 2474, "Sort Name": "Holy Sepulchre, Northampton", "Contact Subtype": null, "Church/Organisation Profile: Church Postcode": "NN1 3NL", "Long": -0.897998, "Lat": 52.241066, "Church/Organisation Profile: Approved by IC": null, "Organisation Details: Date Trustees Approval": null, "Organisation Details: Welcome Email Date": null, "Denom": null, "Organisation Details: Denomination": null, "Church/Organisation Profile: Church Denomination": null, "field_13": "2328" }, "geometry": { "type": "Point", "coordinates": [ -0.897998, 52.241066 ] } },
{ "type": "Feature", "properties": { "Contact ID": 2537, "Sort Name": "Holy Trinity Bishop's Stortford", "Contact Subtype": null, "Church/Organisation Profile: Church Postcode": "CM23 3BQ", "Long": 0.160911, "Lat": 51.865179, "Church/Organisation Profile: Approved by IC": null, "Organisation Details: Date Trustees Approval": null, "Organisation Details: Welcome Email Date": null, "Denom": null, "Organisation Details: Denomination": null, "Church/Organisation Profile: Church Denomination": null, "field_13": "2394" }, "geometry": { "type": "Point", "coordinates": [ 0.160911, 51.865179 ] } },
{ "type": "Feature", "properties": { "Contact ID": 6164, "Sort Name": "Holy Trinity Broadstairs", "Contact Subtype": null, "Church/Organisation Profile: Church Postcode": "CT10 1HQ", "Long": 1.4424, "Lat": 51.360961, "Church/Organisation Profile: Approved by IC": null, "Organisation Details: Date Trustees Approval": null, "Organisation Details: Welcome Email Date": null, "Denom": "Church of England", "Organisation Details: Denomination": null, "Church/Organisation Profile: Church Denomination": null, "field_13": "6083" }, "geometry": { "type": "Point", "coordinates": [ 1.4424, 51.360961 ] } },
{ "type": "Feature", "properties": { "Contact ID": 6147, "Sort Name": "Holy Trinity Church Jersey", "Contact Subtype": null, "Church/Organisation Profile: Church Postcode": "JE3 5JB", "Long": 0.0, "Lat": 0.0, "Church/Organisation Profile: Approved by IC": null, "Organisation Details: Date Trustees Approval": null, "Organisation Details: Welcome Email Date": null, "Denom": null, "Organisation Details: Denomination": null, "Church/Organisation Profile: Church Denomination": null, "field_13": "6017" }, "geometry": { "type": "Point", "coordinates": [ 0.0, 0.0 ] } },
{ "type": "Feature", "properties": { "Contact ID": 2507, "Sort Name": "Holy Trinity Church, Ascott-under-Wychwood", "Contact Subtype": null, "Church/Organisation Profile: Church Postcode": "OX7 6AA", "Long": -1.565654, "Lat": 51.865456, "Church/Organisation Profile: Approved by IC": null, "Organisation Details: Date Trustees Approval": null, "Organisation Details: Welcome Email Date": null, "Denom": "Church of England", "Organisation Details: Denomination": null, "Church/Organisation Profile: Church Denomination": null, "field_13": "2364" }, "geometry": { "type": "Point", "coordinates": [ -1.565654, 51.865456 ] } },
{ "type": "Feature", "properties": { "Contact ID": 265255, "Sort Name": "Holy Trinity Church, Malvern", "Contact Subtype": null, "Church/Organisation Profile: Church Postcode": "WR14 1NU", "Long": -2.329073, "Lat": 52.119247, "Church/Organisation Profile: Approved by IC": null, "Organisation Details: Date Trustees Approval": null, "Organisation Details: Welcome Email Date": null, "Denom": "Church of England", "Organisation Details: Denomination": null, "Church/Organisation Profile: Church Denomination": null, "field_13": "21050" }, "geometry": { "type": "Point", "coordinates": [ -2.329073, 52.119247 ] } },
{ "type": "Feature", "properties": { "Contact ID": 6599, "Sort Name": "Holy Trinity Church, Preston Wynne", "Contact Subtype": null, "Church/Organisation Profile: Church Postcode": "HR1 3PB", "Long": -2.647632, "Lat": 52.119518, "Church/Organisation Profile: Approved by IC": null, "Organisation Details: Date Trustees Approval": null, "Organisation Details: Welcome Email Date": null, "Denom": "Church of England", "Organisation Details: Denomination": null, "Church/Organisation Profile: Church Denomination": null, "field_13": "7415" }, "geometry": { "type": "Point", "coordinates": [ -2.647632, 52.119518 ] } },
{ "type": "Feature", "properties": { "Contact ID": 2729, "Sort Name": "Holy Trinity Cookham", "Contact Subtype": null, "Church/Organisation Profile: Church Postcode": "SL6 9SP", "Long": -0.707445, "Lat": 51.560604, "Church/Organisation Profile: Approved by IC": null, "Organisation Details: Date Trustees Approval": null, "Organisation Details: Welcome Email Date": null, "Denom": null, "Organisation Details: Denomination": null, "Church/Organisation Profile: Church Denomination": null, "field_13": "2586" }, "geometry": { "type": "Point", "coordinates": [ -0.707445, 51.560604 ] } },
{ "type": "Feature", "properties": { "Contact ID": 235538, "Sort Name": "Holy Trinity Cuckfield", "Contact Subtype": null, "Church/Organisation Profile: Church Postcode": "RH17 5JZ", "Long": -0.143033, "Lat": 51.005432, "Church/Organisation Profile: Approved by IC": null, "Organisation Details: Date Trustees Approval": null, "Organisation Details: Welcome Email Date": null, "Denom": "Church of England", "Organisation Details: Denomination": null, "Church/Organisation Profile: Church Denomination": null, "field_13": "12607" }, "geometry": { "type": "Point", "coordinates": [ -0.143033, 51.005432 ] } },
{ "type": "Feature", "properties": { "Contact ID": 2572, "Sort Name": "Holy Trinity Dartford", "Contact Subtype": null, "Church/Organisation Profile: Church Postcode": "DA1 1DE", "Long": 0.219426, "Lat": 51.444237, "Church/Organisation Profile: Approved by IC": null, "Organisation Details: Date Trustees Approval": null, "Organisation Details: Welcome Email Date": null, "Denom": null, "Organisation Details: Denomination": null, "Church/Organisation Profile: Church Denomination": null, "field_13": "2429" }, "geometry": { "type": "Point", "coordinates": [ 0.219426, 51.444237 ] } },
{ "type": "Feature", "properties": { "Contact ID": 234451, "Sort Name": "Holy Trinity Dawley (Central Telford Parish)", "Contact Subtype": null, "Church/Organisation Profile: Church Postcode": "TF4 3NH", "Long": -2.4632, "Lat": 52.655892, "Church/Organisation Profile: Approved by IC": null, "Organisation Details: Date Trustees Approval": null, "Organisation Details: Welcome Email Date": null, "Denom": "Church of England", "Organisation Details: Denomination": null, "Church/Organisation Profile: Church Denomination": null, "field_13": "22995" }, "geometry": { "type": "Point", "coordinates": [ -2.4632, 52.655892 ] } },
{ "type": "Feature", "properties": { "Contact ID": 2736, "Sort Name": "Holy Trinity Eltham", "Contact Subtype": null, "Church/Organisation Profile: Church Postcode": "SE9 2SD", "Long": 0.064474, "Lat": 51.448615, "Church/Organisation Profile: Approved by IC": null, "Organisation Details: Date Trustees Approval": null, "Organisation Details: Welcome Email Date": null, "Denom": null, "Organisation Details: Denomination": null, "Church/Organisation Profile: Church Denomination": null, "field_13": "2593" }, "geometry": { "type": "Point", "coordinates": [ 0.064474, 51.448615 ] } },
{ "type": "Feature", "properties": { "Contact ID": 6962, "Sort Name": "Holy Trinity Elvington", "Contact Subtype": null, "Church/Organisation Profile: Church Postcode": "YO41", "Long": 0.0, "Lat": 0.0, "Church/Organisation Profile: Approved by IC": null, "Organisation Details: Date Trustees Approval": null, "Organisation Details: Welcome Email Date": null, "Denom": "Church of England", "Organisation Details: Denomination": null, "Church/Organisation Profile: Church Denomination": null, "field_13": "8776" }, "geometry": { "type": "Point", "coordinates": [ 0.0, 0.0 ] } },
{ "type": "Feature", "properties": { "Contact ID": 6329, "Sort Name": "Holy Trinity Gillingham", "Contact Subtype": null, "Church/Organisation Profile: Church Postcode": "ME8 6JU", "Long": 0.581533, "Lat": 51.373594, "Church/Organisation Profile: Approved by IC": null, "Organisation Details: Date Trustees Approval": null, "Organisation Details: Welcome Email Date": null, "Denom": "Church of England", "Organisation Details: Denomination": null, "Church/Organisation Profile: Church Denomination": null, "field_13": "6689" }, "geometry": { "type": "Point", "coordinates": [ 0.581533, 51.373594 ] } },
{ "type": "Feature", "properties": { "Contact ID": 2514, "Sort Name": "Holy Trinity Guildford", "Contact Subtype": null, "Church/Organisation Profile: Church Postcode": "GU1 3RR", "Long": -0.570031, "Lat": 51.235633, "Church/Organisation Profile: Approved by IC": null, "Organisation Details: Date Trustees Approval": null, "Organisation Details: Welcome Email Date": null, "Denom": null, "Organisation Details: Denomination": null, "Church/Organisation Profile: Church Denomination": null, "field_13": "2371" }, "geometry": { "type": "Point", "coordinates": [ -0.570031, 51.235633 ] } },
{ "type": "Feature", "properties": { "Contact ID": 235477, "Sort Name": "Holy Trinity Hotwells", "Contact Subtype": null, "Church/Organisation Profile: Church Postcode": "BS8 4ST", "Long": -2.617858, "Lat": 51.450446, "Church/Organisation Profile: Approved by IC": null, "Organisation Details: Date Trustees Approval": null, "Organisation Details: Welcome Email Date": null, "Denom": "Church of England", "Organisation Details: Denomination": null, "Church/Organisation Profile: Church Denomination": null, "field_13": "12590" }, "geometry": { "type": "Point", "coordinates": [ -2.617858, 51.450446 ] } },
{ "type": "Feature", "properties": { "Contact ID": 5722, "Sort Name": "Holy Trinity Oakengates", "Contact Subtype": null, "Church/Organisation Profile: Church Postcode": "TF2 6BW", "Long": -2.457121, "Lat": 52.692387, "Church/Organisation Profile: Approved by IC": null, "Organisation Details: Date Trustees Approval": null, "Organisation Details: Welcome Email Date": null, "Denom": "Church of England", "Organisation Details: Denomination": null, "Church/Organisation Profile: Church Denomination": null, "field_13": "4824" }, "geometry": { "type": "Point", "coordinates": [ -2.457121, 52.692387 ] } },
{ "type": "Feature", "properties": { "Contact ID": 2456, "Sort Name": "Holy Trinity Parish & Garrison Church, Windsor", "Contact Subtype": null, "Church/Organisation Profile: Church Postcode": "SL4 3AX", "Long": -0.614614, "Lat": 51.478912, "Church/Organisation Profile: Approved by IC": null, "Organisation Details: Date Trustees Approval": null, "Organisation Details: Welcome Email Date": null, "Denom": "Church of England", "Organisation Details: Denomination": null, "Church/Organisation Profile: Church Denomination": null, "field_13": "2309" }, "geometry": { "type": "Point", "coordinates": [ -0.614614, 51.478912 ] } },
{ "type": "Feature", "properties": { "Contact ID": 2484, "Sort Name": "Holy Trinity Prestwood", "Contact Subtype": null, "Church/Organisation Profile: Church Postcode": "HP16 0HJ", "Long": -0.734938, "Lat": 51.687905, "Church/Organisation Profile: Approved by IC": null, "Organisation Details: Date Trustees Approval": null, "Organisation Details: Welcome Email Date": null, "Denom": "Church of England", "Organisation Details: Denomination": null, "Church/Organisation Profile: Church Denomination": null, "field_13": "2341" }, "geometry": { "type": "Point", "coordinates": [ -0.734938, 51.687905 ] } },
{ "type": "Feature", "properties": { "Contact ID": 2448, "Sort Name": "Holy Trinity South Kensington (London)", "Contact Subtype": null, "Church/Organisation Profile: Church Postcode": "SW7 2BA", "Long": -0.17878, "Lat": 51.499921, "Church/Organisation Profile: Approved by IC": null, "Organisation Details: Date Trustees Approval": null, "Organisation Details: Welcome Email Date": null, "Denom": null, "Organisation Details: Denomination": null, "Church/Organisation Profile: Church Denomination": null, "field_13": "2299" }, "geometry": { "type": "Point", "coordinates": [ -0.17878, 51.499921 ] } },
{ "type": "Feature", "properties": { "Contact ID": 5628, "Sort Name": "Holy Trinity South Shore, Blackpool", "Contact Subtype": null, "Church/Organisation Profile: Church Postcode": "FY4 1BP", "Long": -3.051584, "Lat": 53.796578, "Church/Organisation Profile: Approved by IC": null, "Organisation Details: Date Trustees Approval": null, "Organisation Details: Welcome Email Date": null, "Denom": "Church of England", "Organisation Details: Denomination": null, "Church/Organisation Profile: Church Denomination": null, "field_13": "4589" }, "geometry": { "type": "Point", "coordinates": [ -3.051584, 53.796578 ] } },
{ "type": "Feature", "properties": { "Contact ID": 2737, "Sort Name": "Holy Trinity South Wimbledon", "Contact Subtype": null, "Church/Organisation Profile: Church Postcode": "SW19 1SB", "Long": -0.194497, "Lat": 51.419706, "Church/Organisation Profile: Approved by IC": null, "Organisation Details: Date Trustees Approval": null, "Organisation Details: Welcome Email Date": null, "Denom": null, "Organisation Details: Denomination": null, "Church/Organisation Profile: Church Denomination": null, "field_13": "2594" }, "geometry": { "type": "Point", "coordinates": [ -0.194497, 51.419706 ] } },
{ "type": "Feature", "properties": { "Contact ID": 2352, "Sort Name": "Holy Trinity Stroud", "Contact Subtype": null, "Church/Organisation Profile: Church Postcode": "GL5 2HX", "Long": -2.209045, "Lat": 51.743268, "Church/Organisation Profile: Approved by IC": null, "Organisation Details: Date Trustees Approval": null, "Organisation Details: Welcome Email Date": null, "Denom": null, "Organisation Details: Denomination": null, "Church/Organisation Profile: Church Denomination": null, "field_13": "2189" }, "geometry": { "type": "Point", "coordinates": [ -2.209045, 51.743268 ] } },
{ "type": "Feature", "properties": { "Contact ID": 235059, "Sort Name": "Holy Trinity Waterhead (with Clarksfield, Oldham)", "Contact Subtype": null, "Church/Organisation Profile: Church Postcode": "OL4", "Long": 0.0, "Lat": 0.0, "Church/Organisation Profile: Approved by IC": null, "Organisation Details: Date Trustees Approval": null, "Organisation Details: Welcome Email Date": null, "Denom": null, "Organisation Details: Denomination": null, "Church/Organisation Profile: Church Denomination": null, "field_13": "2073" }, "geometry": { "type": "Point", "coordinates": [ 0.0, 0.0 ] } },
{ "type": "Feature", "properties": { "Contact ID": 4011, "Sort Name": "Holy Trinity Waterhead Oldham", "Contact Subtype": null, "Church/Organisation Profile: Church Postcode": "OL4 2JQ", "Long": -2.073086, "Lat": 53.55077, "Church/Organisation Profile: Approved by IC": null, "Organisation Details: Date Trustees Approval": null, "Organisation Details: Welcome Email Date": null, "Denom": null, "Organisation Details: Denomination": null, "Church/Organisation Profile: Church Denomination": null, "field_13": "2089" }, "geometry": { "type": "Point", "coordinates": [ -2.073086, 53.55077 ] } },
{ "type": "Feature", "properties": { "Contact ID": 2436, "Sort Name": "Holy Trinity Wavertree", "Contact Subtype": null, "Church/Organisation Profile: Church Postcode": "L15 9EE", "Long": -2.916298, "Lat": 53.393644, "Church/Organisation Profile: Approved by IC": null, "Organisation Details: Date Trustees Approval": null, "Organisation Details: Welcome Email Date": null, "Denom": null, "Organisation Details: Denomination": null, "Church/Organisation Profile: Church Denomination": null, "field_13": "2287" }, "geometry": { "type": "Point", "coordinates": [ -2.916298, 53.393644 ] } },
{ "type": "Feature", "properties": { "Contact ID": 181920, "Sort Name": "Holy Trinity Weymouth AKA The Harbourside Church", "Contact Subtype": null, "Church/Organisation Profile: Church Postcode": "DT4 8PU", "Long": -2.45408, "Lat": 50.608234, "Church/Organisation Profile: Approved by IC": null, "Organisation Details: Date Trustees Approval": null, "Organisation Details: Welcome Email Date": null, "Denom": null, "Organisation Details: Denomination": null, "Church/Organisation Profile: Church Denomination": null, "field_13": "10136" }, "geometry": { "type": "Point", "coordinates": [ -2.45408, 50.608234 ] } },
{ "type": "Feature", "properties": { "Contact ID": 5367, "Sort Name": "Holy Trinity with St Columba", "Contact Subtype": null, "Church/Organisation Profile: Church Postcode": "PO15 6PF", "Long": -1.214853, "Lat": 50.858179, "Church/Organisation Profile: Approved by IC": null, "Organisation Details: Date Trustees Approval": null, "Organisation Details: Welcome Email Date": null, "Denom": "Church of England", "Organisation Details: Denomination": null, "Church/Organisation Profile: Church Denomination": null, "field_13": "3520" }, "geometry": { "type": "Point", "coordinates": [ -1.214853, 50.858179 ] } },
{ "type": "Feature", "properties": { "Contact ID": 6078, "Sort Name": "Holy Trinity Woodgreen, Witney", "Contact Subtype": null, "Church/Organisation Profile: Church Postcode": "OX28 1DN", "Long": -1.479072, "Lat": 51.792077, "Church/Organisation Profile: Approved by IC": null, "Organisation Details: Date Trustees Approval": null, "Organisation Details: Welcome Email Date": null, "Denom": "Church of England", "Organisation Details: Denomination": null, "Church/Organisation Profile: Church Denomination": null, "field_13": "5766" }, "geometry": { "type": "Point", "coordinates": [ -1.479072, 51.792077 ] } },
{ "type": "Feature", "properties": { "Contact ID": 5650, "Sort Name": "Holy Trinity Wrockwardine Wood", "Contact Subtype": null, "Church/Organisation Profile: Church Postcode": "TF2 7AH", "Long": -2.446081, "Lat": 52.709536, "Church/Organisation Profile: Approved by IC": null, "Organisation Details: Date Trustees Approval": null, "Organisation Details: Welcome Email Date": null, "Denom": "Church of England", "Organisation Details: Denomination": null, "Church/Organisation Profile: Church Denomination": null, "field_13": "4646" }, "geometry": { "type": "Point", "coordinates": [ -2.446081, 52.709536 ] } },
{ "type": "Feature", "properties": { "Contact ID": 235631, "Sort Name": "Holy Trinity, Barrow-upon-Humber", "Contact Subtype": null, "Church/Organisation Profile: Church Postcode": "DN18 5LE", "Long": -0.445476, "Lat": 53.68427, "Church/Organisation Profile: Approved by IC": null, "Organisation Details: Date Trustees Approval": null, "Organisation Details: Welcome Email Date": null, "Denom": "Church of England", "Organisation Details: Denomination": null, "Church/Organisation Profile: Church Denomination": null, "field_13": "20401" }, "geometry": { "type": "Point", "coordinates": [ -0.445476, 53.68427 ] } },
{ "type": "Feature", "properties": { "Contact ID": 235506, "Sort Name": "Holy Trinity, Bracknell", "Contact Subtype": null, "Church/Organisation Profile: Church Postcode": "RG12 1HD", "Long": -0.746824, "Lat": 51.415305, "Church/Organisation Profile: Approved by IC": null, "Organisation Details: Date Trustees Approval": null, "Organisation Details: Welcome Email Date": null, "Denom": "Church of England", "Organisation Details: Denomination": null, "Church/Organisation Profile: Church Denomination": null, "field_13": "12589" }, "geometry": { "type": "Point", "coordinates": [ -0.746824, 51.415305 ] } },
{ "type": "Feature", "properties": { "Contact ID": 2215, "Sort Name": "Holy Trinity, Elsecar", "Contact Subtype": null, "Church/Organisation Profile: Church Postcode": "S74 8HS", "Long": -1.419997, "Lat": 53.497265, "Church/Organisation Profile: Approved by IC": null, "Organisation Details: Date Trustees Approval": null, "Organisation Details: Welcome Email Date": null, "Denom": "Church of England", "Organisation Details: Denomination": null, "Church/Organisation Profile: Church Denomination": null, "field_13": "3607" }, "geometry": { "type": "Point", "coordinates": [ -1.419997, 53.497265 ] } },
{ "type": "Feature", "properties": { "Contact ID": 5634, "Sort Name": "Holy Trinity, Horfield (Bristol)", "Contact Subtype": null, "Church/Organisation Profile: Church Postcode": "BS7 8ST", "Long": -2.590492, "Lat": 51.487678, "Church/Organisation Profile: Approved by IC": null, "Organisation Details: Date Trustees Approval": null, "Organisation Details: Welcome Email Date": null, "Denom": "Church of England", "Organisation Details: Denomination": null, "Church/Organisation Profile: Church Denomination": null, "field_13": "4611" }, "geometry": { "type": "Point", "coordinates": [ -2.590492, 51.487678 ] } },
{ "type": "Feature", "properties": { "Contact ID": 2738, "Sort Name": "Holy Trinity, Over Worton", "Contact Subtype": null, "Church/Organisation Profile: Church Postcode": "OX7 7ER", "Long": -1.373799, "Lat": 51.95907, "Church/Organisation Profile: Approved by IC": null, "Organisation Details: Date Trustees Approval": null, "Organisation Details: Welcome Email Date": null, "Denom": null, "Organisation Details: Denomination": null, "Church/Organisation Profile: Church Denomination": null, "field_13": "C2595" }, "geometry": { "type": "Point", "coordinates": [ -1.373799, 51.95907 ] } },
{ "type": "Feature", "properties": { "Contact ID": 2222, "Sort Name": "Holy Trinity, Shaw, Greater Manchester", "Contact Subtype": null, "Church/Organisation Profile: Church Postcode": "OL2 7AT", "Long": -2.099059, "Lat": 53.57555, "Church/Organisation Profile: Approved by IC": null, "Organisation Details: Date Trustees Approval": null, "Organisation Details: Welcome Email Date": null, "Denom": "Church of England", "Organisation Details: Denomination": null, "Church/Organisation Profile: Church Denomination": null, "field_13": "3615" }, "geometry": { "type": "Point", "coordinates": [ -2.099059, 53.57555 ] } },
{ "type": "Feature", "properties": { "Contact ID": 6548, "Sort Name": "Holy Trinity, Stratford Upon Avon", "Contact Subtype": null, "Church/Organisation Profile: Church Postcode": "CV37 6BG", "Long": -1.709133, "Lat": 52.188489, "Church/Organisation Profile: Approved by IC": null, "Organisation Details: Date Trustees Approval": null, "Organisation Details: Welcome Email Date": null, "Denom": "Church of England", "Organisation Details: Denomination": null, "Church/Organisation Profile: Church Denomination": null, "field_13": "7269" }, "geometry": { "type": "Point", "coordinates": [ -1.709133, 52.188489 ] } },
{ "type": "Feature", "properties": { "Contact ID": 3962, "Sort Name": "Holy Trinity, Sutton Coldfield", "Contact Subtype": null, "Church/Organisation Profile: Church Postcode": "B72 1TF", "Long": -1.82248, "Lat": 52.564215, "Church/Organisation Profile: Approved by IC": null, "Organisation Details: Date Trustees Approval": null, "Organisation Details: Welcome Email Date": null, "Denom": null, "Organisation Details: Denomination": null, "Church/Organisation Profile: Church Denomination": null, "field_13": "3527" }, "geometry": { "type": "Point", "coordinates": [ -1.82248, 52.564215 ] } },
{ "type": "Feature", "properties": { "Contact ID": 265457, "Sort Name": "Hope Church East Cleveland", "Contact Subtype": null, "Church/Organisation Profile: Church Postcode": "TS13 4HW", "Long": -0.886804, "Lat": 54.553923, "Church/Organisation Profile: Approved by IC": null, "Organisation Details: Date Trustees Approval": null, "Organisation Details: Welcome Email Date": null, "Denom": "Methodist Church", "Organisation Details: Denomination": null, "Church/Organisation Profile: Church Denomination": null, "field_13": "22245" }, "geometry": { "type": "Point", "coordinates": [ -0.886804, 54.553923 ] } },
{ "type": "Feature", "properties": { "Contact ID": 5869, "Sort Name": "Horfield Methodist Church", "Contact Subtype": null, "Church/Organisation Profile: Church Postcode": "BS7 8SN", "Long": -2.587093, "Lat": 51.486535, "Church/Organisation Profile: Approved by IC": null, "Organisation Details: Date Trustees Approval": null, "Organisation Details: Welcome Email Date": null, "Denom": "Methodist", "Organisation Details: Denomination": null, "Church/Organisation Profile: Church Denomination": null, "field_13": "5243" }, "geometry": { "type": "Point", "coordinates": [ -2.587093, 51.486535 ] } },
{ "type": "Feature", "properties": { "Contact ID": 3976, "Sort Name": "Huddersfield Parish Church", "Contact Subtype": null, "Church/Organisation Profile: Church Postcode": "HD1 1BU", "Long": -1.780916, "Lat": 53.647278, "Church/Organisation Profile: Approved by IC": null, "Organisation Details: Date Trustees Approval": null, "Organisation Details: Welcome Email Date": null, "Denom": "Church of England", "Organisation Details: Denomination": null, "Church/Organisation Profile: Church Denomination": null, "field_13": "3771" }, "geometry": { "type": "Point", "coordinates": [ -1.780916, 53.647278 ] } },
{ "type": "Feature", "properties": { "Contact ID": 235607, "Sort Name": "Immanuel Church Highters Heath, Birmingham", "Contact Subtype": null, "Church/Organisation Profile: Church Postcode": "B14 4TB", "Long": -1.879404, "Lat": 52.404111, "Church/Organisation Profile: Approved by IC": null, "Organisation Details: Date Trustees Approval": null, "Organisation Details: Welcome Email Date": null, "Denom": null, "Organisation Details: Denomination": null, "Church/Organisation Profile: Church Denomination": null, "field_13": "21292" }, "geometry": { "type": "Point", "coordinates": [ -1.879404, 52.404111 ] } },
{ "type": "Feature", "properties": { "Contact ID": 234478, "Sort Name": "Isle of Man Cathedral (St German's, Peel)", "Contact Subtype": null, "Church/Organisation Profile: Church Postcode": "IM5", "Long": 0.0, "Lat": 0.0, "Church/Organisation Profile: Approved by IC": null, "Organisation Details: Date Trustees Approval": null, "Organisation Details: Welcome Email Date": null, "Denom": null, "Organisation Details: Denomination": null, "Church/Organisation Profile: Church Denomination": null, "field_13": "2339" }, "geometry": { "type": "Point", "coordinates": [ 0.0, 0.0 ] } },
{ "type": "Feature", "properties": { "Contact ID": 2579, "Sort Name": "Journey Metropolitan Community Church", "Contact Subtype": null, "Church/Organisation Profile: Church Postcode": "B3 1QZ", "Long": -1.906102, "Lat": 52.48599, "Church/Organisation Profile: Approved by IC": null, "Organisation Details: Date Trustees Approval": null, "Organisation Details: Welcome Email Date": null, "Denom": "MCC", "Organisation Details: Denomination": null, "Church/Organisation Profile: Church Denomination": null, "field_13": "2436" }, "geometry": { "type": "Point", "coordinates": [ -1.906102, 52.48599 ] } },
{ "type": "Feature", "properties": { "Contact ID": 234481, "Sort Name": "Kairos Movement (Yorkshire) ? see notes", "Contact Subtype": null, "Church/Organisation Profile: Church Postcode": "YO26 5LR", "Long": -1.130708, "Lat": 53.954529, "Church/Organisation Profile: Approved by IC": null, "Organisation Details: Date Trustees Approval": null, "Organisation Details: Welcome Email Date": null, "Denom": "Methodist", "Organisation Details: Denomination": null, "Church/Organisation Profile: Church Denomination": null, "field_13": "8867" }, "geometry": { "type": "Point", "coordinates": [ -1.130708, 53.954529 ] } },
{ "type": "Feature", "properties": { "Contact ID": 2381, "Sort Name": "King Charles the Martyr", "Contact Subtype": null, "Church/Organisation Profile: Church Postcode": "TN1 1DH", "Long": 0.259561, "Lat": 51.126948, "Church/Organisation Profile: Approved by IC": null, "Organisation Details: Date Trustees Approval": null, "Organisation Details: Welcome Email Date": null, "Denom": null, "Organisation Details: Denomination": null, "Church/Organisation Profile: Church Denomination": null, "field_13": "C2232" }, "geometry": { "type": "Point", "coordinates": [ 0.259561, 51.126948 ] } },
{ "type": "Feature", "properties": { "Contact ID": 235096, "Sort Name": "King Charles the Martyr Tunbridge Wells", "Contact Subtype": null, "Church/Organisation Profile: Church Postcode": "TN2 5TA", "Long": 0.260715, "Lat": 51.125397, "Church/Organisation Profile: Approved by IC": null, "Organisation Details: Date Trustees Approval": null, "Organisation Details: Welcome Email Date": null, "Denom": null, "Organisation Details: Denomination": null, "Church/Organisation Profile: Church Denomination": null, "field_13": "2232" }, "geometry": { "type": "Point", "coordinates": [ 0.260715, 51.125397 ] } },
{ "type": "Feature", "properties": { "Contact ID": 2513, "Sort Name": "Kings Road URC", "Contact Subtype": null, "Church/Organisation Profile: Church Postcode": "SS0 8LH", "Long": 0.684061, "Lat": 51.540159, "Church/Organisation Profile: Approved by IC": null, "Organisation Details: Date Trustees Approval": null, "Organisation Details: Welcome Email Date": null, "Denom": "United Reformed Church", "Organisation Details: Denomination": null, "Church/Organisation Profile: Church Denomination": null, "field_13": "2370" }, "geometry": { "type": "Point", "coordinates": [ 0.684061, 51.540159 ] } },
{ "type": "Feature", "properties": { "Contact ID": 6439, "Sort Name": "Kirkham Methodist Church", "Contact Subtype": null, "Church/Organisation Profile: Church Postcode": "PR4 2JP", "Long": -2.882886, "Lat": 53.784448, "Church/Organisation Profile: Approved by IC": null, "Organisation Details: Date Trustees Approval": null, "Organisation Details: Welcome Email Date": null, "Denom": "Methodist", "Organisation Details: Denomination": null, "Church/Organisation Profile: Church Denomination": null, "field_13": "6942" }, "geometry": { "type": "Point", "coordinates": [ -2.882886, 53.784448 ] } },
{ "type": "Feature", "properties": { "Contact ID": 181828, "Sort Name": "Knaresborough Anglican Team", "Contact Subtype": null, "Church/Organisation Profile: Church Postcode": "HG5 8NR", "Long": -1.41531, "Lat": 54.000145, "Church/Organisation Profile: Approved by IC": null, "Organisation Details: Date Trustees Approval": null, "Organisation Details: Welcome Email Date": null, "Denom": "C of E", "Organisation Details: Denomination": null, "Church/Organisation Profile: Church Denomination": null, "field_13": "9986" }, "geometry": { "type": "Point", "coordinates": [ -1.41531, 54.000145 ] } },
{ "type": "Feature", "properties": { "Contact ID": 2602, "Sort Name": "Lancaster Methodist Church", "Contact Subtype": null, "Church/Organisation Profile: Church Postcode": "LA1 4TE", "Long": -2.79568, "Lat": 54.036081, "Church/Organisation Profile: Approved by IC": null, "Organisation Details: Date Trustees Approval": null, "Organisation Details: Welcome Email Date": null, "Denom": "Methodist", "Organisation Details: Denomination": null, "Church/Organisation Profile: Church Denomination": null, "field_13": "2459" }, "geometry": { "type": "Point", "coordinates": [ -2.79568, 54.036081 ] } },
{ "type": "Feature", "properties": { "Contact ID": 2567, "Sort Name": "Lancaster Priory (St Mary)", "Contact Subtype": null, "Church/Organisation Profile: Church Postcode": "LA1 1YZ", "Long": -2.805346, "Lat": 54.051081, "Church/Organisation Profile: Approved by IC": null, "Organisation Details: Date Trustees Approval": null, "Organisation Details: Welcome Email Date": null, "Denom": "Church of England", "Organisation Details: Denomination": null, "Church/Organisation Profile: Church Denomination": null, "field_13": "6037" }, "geometry": { "type": "Point", "coordinates": [ -2.805346, 54.051081 ] } },
{ "type": "Feature", "properties": { "Contact ID": 5841, "Sort Name": "Lansdowne Crescent Methodist Church, Malvern", "Contact Subtype": null, "Church/Organisation Profile: Church Postcode": "WR14 2AW", "Long": -2.319719, "Lat": 52.112197, "Church/Organisation Profile: Approved by IC": null, "Organisation Details: Date Trustees Approval": null, "Organisation Details: Welcome Email Date": null, "Denom": null, "Organisation Details: Denomination": null, "Church/Organisation Profile: Church Denomination": null, "field_13": "5167" }, "geometry": { "type": "Point", "coordinates": [ -2.319719, 52.112197 ] } },
{ "type": "Feature", "properties": { "Contact ID": 2267, "Sort Name": "Layton Methodist", "Contact Subtype": null, "Church/Organisation Profile: Church Postcode": "FY3 7DZ", "Long": -3.030972, "Lat": 53.827785, "Church/Organisation Profile: Approved by IC": null, "Organisation Details: Date Trustees Approval": null, "Organisation Details: Welcome Email Date": null, "Denom": "Methodist", "Organisation Details: Denomination": null, "Church/Organisation Profile: Church Denomination": null, "field_13": "2097" }, "geometry": { "type": "Point", "coordinates": [ -3.030972, 53.827785 ] } },
{ "type": "Feature", "properties": { "Contact ID": 167059, "Sort Name": "Leatherhead Methodist", "Contact Subtype": null, "Church/Organisation Profile: Church Postcode": "KT22 8AY", "Long": -0.326201, "Lat": 51.294299, "Church/Organisation Profile: Approved by IC": null, "Organisation Details: Date Trustees Approval": null, "Organisation Details: Welcome Email Date": null, "Denom": "Methodist", "Organisation Details: Denomination": null, "Church/Organisation Profile: Church Denomination": null, "field_13": "9691" }, "geometry": { "type": "Point", "coordinates": [ -0.326201, 51.294299 ] } },
{ "type": "Feature", "properties": { "Contact ID": 2512, "Sort Name": "Leominster Priory (St Peter & St Paul)", "Contact Subtype": null, "Church/Organisation Profile: Church Postcode": "HR6 8EQ", "Long": -2.736135, "Lat": 52.22989, "Church/Organisation Profile: Approved by IC": null, "Organisation Details: Date Trustees Approval": null, "Organisation Details: Welcome Email Date": null, "Denom": "Church of England", "Organisation Details: Denomination": null, "Church/Organisation Profile: Church Denomination": null, "field_13": "5499" }, "geometry": { "type": "Point", "coordinates": [ -2.736135, 52.22989 ] } },
{ "type": "Feature", "properties": { "Contact ID": 2316, "Sort Name": "Leytonstone United Free Church", "Contact Subtype": null, "Church/Organisation Profile: Church Postcode": "E11 1BB", "Long": 0.005636, "Lat": 51.570248, "Church/Organisation Profile: Approved by IC": null, "Organisation Details: Date Trustees Approval": null, "Organisation Details: Welcome Email Date": null, "Denom": "Baptist/URC LEP", "Organisation Details: Denomination": null, "Church/Organisation Profile: Church Denomination": null, "field_13": "6181" }, "geometry": { "type": "Point", "coordinates": [ 0.005636, 51.570248 ] } },
{ "type": "Feature", "properties": { "Contact ID": 6539, "Sort Name": "Light of Life Baptist Church", "Contact Subtype": null, "Church/Organisation Profile: Church Postcode": "NR29 3RT", "Long": 1.686461, "Lat": 52.677297, "Church/Organisation Profile: Approved by IC": null, "Organisation Details: Date Trustees Approval": null, "Organisation Details: Welcome Email Date": null, "Denom": "Baptist", "Organisation Details: Denomination": null, "Church/Organisation Profile: Church Denomination": null, "field_13": "7248" }, "geometry": { "type": "Point", "coordinates": [ 1.686461, 52.677297 ] } },
{ "type": "Feature", "properties": { "Contact ID": 85640, "Sort Name": "Lime Walk Methodist Church", "Contact Subtype": null, "Church/Organisation Profile: Church Postcode": "OX3 7AB", "Long": -1.213506, "Lat": 51.757585, "Church/Organisation Profile: Approved by IC": null, "Organisation Details: Date Trustees Approval": null, "Organisation Details: Welcome Email Date": null, "Denom": "Methodist", "Organisation Details: Denomination": null, "Church/Organisation Profile: Church Denomination": null, "field_13": "9167" }, "geometry": { "type": "Point", "coordinates": [ -1.213506, 51.757585 ] } },
{ "type": "Feature", "properties": { "Contact ID": 235657, "Sort Name": "Linden Church", "Contact Subtype": null, "Church/Organisation Profile: Church Postcode": "SA3 5LD", "Long": -4.009255, "Lat": 51.588228, "Church/Organisation Profile: Approved by IC": null, "Organisation Details: Date Trustees Approval": null, "Organisation Details: Welcome Email Date": null, "Denom": "Other", "Organisation Details: Denomination": null, "Church/Organisation Profile: Church Denomination": null, "field_13": "20402" }, "geometry": { "type": "Point", "coordinates": [ -4.009255, 51.588228 ] } },
{ "type": "Feature", "properties": { "Contact ID": 265224, "Sort Name": "Llandaff Cathedral", "Contact Subtype": null, "Church/Organisation Profile: Church Postcode": "CF5 2LA", "Long": -3.218411, "Lat": 51.496225, "Church/Organisation Profile: Approved by IC": null, "Organisation Details: Date Trustees Approval": null, "Organisation Details: Welcome Email Date": null, "Denom": null, "Organisation Details: Denomination": null, "Church/Organisation Profile: Church Denomination": null, "field_13": "21051" }, "geometry": { "type": "Point", "coordinates": [ -3.218411, 51.496225 ] } },
{ "type": "Feature", "properties": { "Contact ID": 85730, "Sort Name": "London Road Congregational Church, Newark", "Contact Subtype": null, "Church/Organisation Profile: Church Postcode": "NG24 1TH", "Long": -0.803595, "Lat": 53.071135, "Church/Organisation Profile: Approved by IC": null, "Organisation Details: Date Trustees Approval": null, "Organisation Details: Welcome Email Date": null, "Denom": "Congregational", "Organisation Details: Denomination": null, "Church/Organisation Profile: Church Denomination": null, "field_13": "9386" }, "geometry": { "type": "Point", "coordinates": [ -0.803595, 53.071135 ] } },
{ "type": "Feature", "properties": { "Contact ID": 6054, "Sort Name": "Longniddry Parish Church", "Contact Subtype": null, "Church/Organisation Profile: Church Postcode": "EH32 0LB", "Long": -2.896222, "Lat": 55.976089, "Church/Organisation Profile: Approved by IC": null, "Organisation Details: Date Trustees Approval": null, "Organisation Details: Welcome Email Date": null, "Denom": "Church of Scotland", "Organisation Details: Denomination": null, "Church/Organisation Profile: Church Denomination": null, "field_13": "5713" }, "geometry": { "type": "Point", "coordinates": [ -2.896222, 55.976089 ] } },
{ "type": "Feature", "properties": { "Contact ID": 6747, "Sort Name": "Loundsley Green Church", "Contact Subtype": null, "Church/Organisation Profile: Church Postcode": "S40 4NF", "Long": -1.457497, "Lat": 53.244283, "Church/Organisation Profile: Approved by IC": null, "Organisation Details: Date Trustees Approval": null, "Organisation Details: Welcome Email Date": null, "Denom": "LEP (Methodist & Anglican)", "Organisation Details: Denomination": null, "Church/Organisation Profile: Church Denomination": null, "field_13": "7944" }, "geometry": { "type": "Point", "coordinates": [ -1.457497, 53.244283 ] } },
{ "type": "Feature", "properties": { "Contact ID": 6497, "Sort Name": "Magdalen Way Methodist Great Yarmouth", "Contact Subtype": null, "Church/Organisation Profile: Church Postcode": "NR31 7DB", "Long": 1.71404, "Lat": 52.57365, "Church/Organisation Profile: Approved by IC": null, "Organisation Details: Date Trustees Approval": null, "Organisation Details: Welcome Email Date": null, "Denom": "Methodist", "Organisation Details: Denomination": null, "Church/Organisation Profile: Church Denomination": null, "field_13": "7124" }, "geometry": { "type": "Point", "coordinates": [ 1.71404, 52.57365 ] } },
{ "type": "Feature", "properties": { "Contact ID": 235517, "Sort Name": "Magdalene Community Church", "Contact Subtype": null, "Church/Organisation Profile: Church Postcode": "NE17 7BG", "Long": -1.811432, "Lat": 54.921586, "Church/Organisation Profile: Approved by IC": null, "Organisation Details: Date Trustees Approval": null, "Organisation Details: Welcome Email Date": null, "Denom": "Church of England", "Organisation Details: Denomination": null, "Church/Organisation Profile: Church Denomination": null, "field_13": "12591" }, "geometry": { "type": "Point", "coordinates": [ -1.811432, 54.921586 ] } },
{ "type": "Feature", "properties": { "Contact ID": 235612, "Sort Name": "Maidenhead United Reformed Church", "Contact Subtype": null, "Church/Organisation Profile: Church Postcode": "SL6 1RL", "Long": -0.720799, "Lat": 51.523766, "Church/Organisation Profile: Approved by IC": null, "Organisation Details: Date Trustees Approval": null, "Organisation Details: Welcome Email Date": null, "Denom": "United Reformed Church", "Organisation Details: Denomination": null, "Church/Organisation Profile: Church Denomination": null, "field_13": "12680" }, "geometry": { "type": "Point", "coordinates": [ -0.720799, 51.523766 ] } },
{ "type": "Feature", "properties": { "Contact ID": 3971, "Sort Name": "Malvern Link with Cowleigh (MLWC)", "Contact Subtype": null, "Church/Organisation Profile: Church Postcode": "WR14 1LX", "Long": -2.317886, "Lat": 52.129501, "Church/Organisation Profile: Approved by IC": null, "Organisation Details: Date Trustees Approval": null, "Organisation Details: Welcome Email Date": null, "Denom": null, "Organisation Details: Denomination": null, "Church/Organisation Profile: Church Denomination": null, "field_13": "C3596" }, "geometry": { "type": "Point", "coordinates": [ -2.317886, 52.129501 ] } },
{ "type": "Feature", "properties": { "Contact ID": 6570, "Sort Name": "Market Harborough Methodist Church", "Contact Subtype": null, "Church/Organisation Profile: Church Postcode": "LE16 9HE", "Long": -0.919234, "Lat": 52.475935, "Church/Organisation Profile: Approved by IC": null, "Organisation Details: Date Trustees Approval": null, "Organisation Details: Welcome Email Date": null, "Denom": "Methodist", "Organisation Details: Denomination": null, "Church/Organisation Profile: Church Denomination": null, "field_13": "7335" }, "geometry": { "type": "Point", "coordinates": [ -0.919234, 52.475935 ] } },
{ "type": "Feature", "properties": { "Contact ID": 234498, "Sort Name": "Marlborough Road Methodist Church, Banbury", "Contact Subtype": null, "Church/Organisation Profile: Church Postcode": "OX16 5BZ", "Long": -1.336752, "Lat": 52.059341, "Church/Organisation Profile: Approved by IC": null, "Organisation Details: Date Trustees Approval": null, "Organisation Details: Welcome Email Date": null, "Denom": "Methodist", "Organisation Details: Denomination": null, "Church/Organisation Profile: Church Denomination": null, "field_13": "10613" }, "geometry": { "type": "Point", "coordinates": [ -1.336752, 52.059341 ] } },
{ "type": "Feature", "properties": { "Contact ID": 6367, "Sort Name": "Monks Road Methodist Church", "Contact Subtype": null, "Church/Organisation Profile: Church Postcode": "LN2 5JZ", "Long": -0.517368, "Lat": 53.230252, "Church/Organisation Profile: Approved by IC": null, "Organisation Details: Date Trustees Approval": null, "Organisation Details: Welcome Email Date": null, "Denom": "Methodist", "Organisation Details: Denomination": null, "Church/Organisation Profile: Church Denomination": null, "field_13": "6752" }, "geometry": { "type": "Point", "coordinates": [ -0.517368, 53.230252 ] } },
{ "type": "Feature", "properties": { "Contact ID": 2335, "Sort Name": "Moot Community at St Mary Aldermary", "Contact Subtype": null, "Church/Organisation Profile: Church Postcode": "EC4M 9BW", "Long": -0.093253, "Lat": 51.512699, "Church/Organisation Profile: Approved by IC": null, "Organisation Details: Date Trustees Approval": null, "Organisation Details: Welcome Email Date": null, "Denom": null, "Organisation Details: Denomination": null, "Church/Organisation Profile: Church Denomination": null, "field_13": "3531" }, "geometry": { "type": "Point", "coordinates": [ -0.093253, 51.512699 ] } },
{ "type": "Feature", "properties": { "Contact ID": 89033, "Sort Name": "Moseley Parish", "Contact Subtype": null, "Church/Organisation Profile: Church Postcode": "B13 8DU", "Long": -1.889667, "Lat": 52.450402, "Church/Organisation Profile: Approved by IC": null, "Organisation Details: Date Trustees Approval": null, "Organisation Details: Welcome Email Date": null, "Denom": "Anglican", "Organisation Details: Denomination": null, "Church/Organisation Profile: Church Denomination": null, "field_13": "9507" }, "geometry": { "type": "Point", "coordinates": [ -1.889667, 52.450402 ] } },
{ "type": "Feature", "properties": { "Contact ID": 6409, "Sort Name": "Mutley Baptist Church", "Contact Subtype": null, "Church/Organisation Profile: Church Postcode": "PL4 6LB", "Long": -4.1338, "Lat": 50.380964, "Church/Organisation Profile: Approved by IC": null, "Organisation Details: Date Trustees Approval": null, "Organisation Details: Welcome Email Date": null, "Denom": "Baptist", "Organisation Details: Denomination": null, "Church/Organisation Profile: Church Denomination": null, "field_13": "6833" }, "geometry": { "type": "Point", "coordinates": [ -4.1338, 50.380964 ] } },
{ "type": "Feature", "properties": { "Contact ID": 6676, "Sort Name": "Nantwich Methodist Church", "Contact Subtype": null, "Church/Organisation Profile: Church Postcode": "CW5 5RP", "Long": -2.519466, "Lat": 53.065994, "Church/Organisation Profile: Approved by IC": null, "Organisation Details: Date Trustees Approval": null, "Organisation Details: Welcome Email Date": null, "Denom": "Methodist", "Organisation Details: Denomination": null, "Church/Organisation Profile: Church Denomination": null, "field_13": "7676" }, "geometry": { "type": "Point", "coordinates": [ -2.519466, 53.065994 ] } },
{ "type": "Feature", "properties": { "Contact ID": 235707, "Sort Name": "Nether Green Methodist Church", "Contact Subtype": null, "Church/Organisation Profile: Church Postcode": "S11 9AE", "Long": -1.491501, "Lat": 53.365385, "Church/Organisation Profile: Approved by IC": null, "Organisation Details: Date Trustees Approval": null, "Organisation Details: Welcome Email Date": null, "Denom": "Methodist Church", "Organisation Details: Denomination": null, "Church/Organisation Profile: Church Denomination": null, "field_13": "20458" }, "geometry": { "type": "Point", "coordinates": [ -1.491501, 53.365385 ] } },
{ "type": "Feature", "properties": { "Contact ID": 6690, "Sort Name": "New Road Baptist Church", "Contact Subtype": null, "Church/Organisation Profile: Church Postcode": "OX1 1LQ", "Long": -1.260137, "Lat": 51.751873, "Church/Organisation Profile: Approved by IC": null, "Organisation Details: Date Trustees Approval": null, "Organisation Details: Welcome Email Date": null, "Denom": "Baptist", "Organisation Details: Denomination": null, "Church/Organisation Profile: Church Denomination": null, "field_13": "7741" }, "geometry": { "type": "Point", "coordinates": [ -1.260137, 51.751873 ] } },
{ "type": "Feature", "properties": { "Contact ID": 3958, "Sort Name": "Newport Pagnell URC", "Contact Subtype": null, "Church/Organisation Profile: Church Postcode": "MK16 8AB", "Long": -0.724292, "Lat": 52.08624, "Church/Organisation Profile: Approved by IC": null, "Organisation Details: Date Trustees Approval": null, "Organisation Details: Welcome Email Date": null, "Denom": "United Reformed Church", "Organisation Details: Denomination": null, "Church/Organisation Profile: Church Denomination": null, "field_13": "6318" }, "geometry": { "type": "Point", "coordinates": [ -0.724292, 52.08624 ] } },
{ "type": "Feature", "properties": { "Contact ID": 7356, "Sort Name": "Norbury Church (St. Thomas)", "Contact Subtype": null, "Church/Organisation Profile: Church Postcode": "SK7 4RF", "Long": -2.114302, "Lat": 53.375498, "Church/Organisation Profile: Approved by IC": null, "Organisation Details: Date Trustees Approval": null, "Organisation Details: Welcome Email Date": null, "Denom": "Church of England", "Organisation Details: Denomination": null, "Church/Organisation Profile: Church Denomination": null, "field_13": "8963" }, "geometry": { "type": "Point", "coordinates": [ -2.114302, 53.375498 ] } },
{ "type": "Feature", "properties": { "Contact ID": 85635, "Sort Name": "Northcote Road Baptist Church, Battersea", "Contact Subtype": null, "Church/Organisation Profile: Church Postcode": "SW11 6QW", "Long": -0.165952, "Lat": 51.457312, "Church/Organisation Profile: Approved by IC": null, "Organisation Details: Date Trustees Approval": null, "Organisation Details: Welcome Email Date": null, "Denom": null, "Organisation Details: Denomination": null, "Church/Organisation Profile: Church Denomination": null, "field_13": "9149" }, "geometry": { "type": "Point", "coordinates": [ -0.165952, 51.457312 ] } },
{ "type": "Feature", "properties": { "Contact ID": 235691, "Sort Name": "Northstowe Church Network", "Contact Subtype": null, "Church/Organisation Profile: Church Postcode": "CB24 1AA", "Long": 0.053966, "Lat": 52.286399, "Church/Organisation Profile: Approved by IC": null, "Organisation Details: Date Trustees Approval": null, "Organisation Details: Welcome Email Date": null, "Denom": "LEP", "Organisation Details: Denomination": null, "Church/Organisation Profile: Church Denomination": null, "field_13": "20403" }, "geometry": { "type": "Point", "coordinates": [ 0.053966, 52.286399 ] } },
{ "type": "Feature", "properties": { "Contact ID": 167103, "Sort Name": "Nuthall Methodist Church", "Contact Subtype": null, "Church/Organisation Profile: Church Postcode": "NG16 1DP", "Long": -1.230856, "Lat": 52.9948, "Church/Organisation Profile: Approved by IC": null, "Organisation Details: Date Trustees Approval": null, "Organisation Details: Welcome Email Date": null, "Denom": "Methodist", "Organisation Details: Denomination": null, "Church/Organisation Profile: Church Denomination": null, "field_13": "9814" }, "geometry": { "type": "Point", "coordinates": [ -1.230856, 52.9948 ] } },
{ "type": "Feature", "properties": { "Contact ID": 235109, "Sort Name": "Oadby Trinity Methodist Church", "Contact Subtype": null, "Church/Organisation Profile: Church Postcode": "LE2 5AB", "Long": -1.082033, "Lat": 52.599713, "Church/Organisation Profile: Approved by IC": null, "Organisation Details: Date Trustees Approval": null, "Organisation Details: Welcome Email Date": null, "Denom": "Methodist", "Organisation Details: Denomination": null, "Church/Organisation Profile: Church Denomination": null, "field_13": "4490" }, "geometry": { "type": "Point", "coordinates": [ -1.082033, 52.599713 ] } },
{ "type": "Feature", "properties": { "Contact ID": 265280, "Sort Name": "Oasis Church Southampton", "Contact Subtype": null, "Church/Organisation Profile: Church Postcode": "SO18 1NP", "Long": -1.376062, "Lat": 50.924868, "Church/Organisation Profile: Approved by IC": null, "Organisation Details: Date Trustees Approval": null, "Organisation Details: Welcome Email Date": null, "Denom": "Other", "Organisation Details: Denomination": null, "Church/Organisation Profile: Church Denomination": null, "field_13": "21429" }, "geometry": { "type": "Point", "coordinates": [ -1.376062, 50.924868 ] } },
{ "type": "Feature", "properties": { "Contact ID": 2301, "Sort Name": "Oasis Hub Hull", "Contact Subtype": null, "Church/Organisation Profile: Church Postcode": "HU5 2NB", "Long": -0.358049, "Lat": 53.767406, "Church/Organisation Profile: Approved by IC": null, "Organisation Details: Date Trustees Approval": null, "Organisation Details: Welcome Email Date": null, "Denom": "Oasis", "Organisation Details: Denomination": null, "Church/Organisation Profile: Church Denomination": null, "field_13": "2132" }, "geometry": { "type": "Point", "coordinates": [ -0.358049, 53.767406 ] } },
{ "type": "Feature", "properties": { "Contact ID": 2368, "Sort Name": "Oasis Waterloo", "Contact Subtype": null, "Church/Organisation Profile: Church Postcode": "SE1 7QP", "Long": -0.111912, "Lat": 51.498181, "Church/Organisation Profile: Approved by IC": null, "Organisation Details: Date Trustees Approval": null, "Organisation Details: Welcome Email Date": null, "Denom": "Oasis", "Organisation Details: Denomination": null, "Church/Organisation Profile: Church Denomination": null, "field_13": "2217" }, "geometry": { "type": "Point", "coordinates": [ -0.111912, 51.498181 ] } },
{ "type": "Feature", "properties": { "Contact ID": 2351, "Sort Name": "Old Church Smethwick", "Contact Subtype": null, "Church/Organisation Profile: Church Postcode": "B67 6EQ", "Long": -1.972426, "Lat": 52.487139, "Church/Organisation Profile: Approved by IC": null, "Organisation Details: Date Trustees Approval": null, "Organisation Details: Welcome Email Date": null, "Denom": null, "Organisation Details: Denomination": null, "Church/Organisation Profile: Church Denomination": null, "field_13": "2188" }, "geometry": { "type": "Point", "coordinates": [ -1.972426, 52.487139 ] } },
{ "type": "Feature", "properties": { "Contact ID": 2542, "Sort Name": "Order of the Black Sheep", "Contact Subtype": null, "Church/Organisation Profile: Church Postcode": "S40 1QS", "Long": 0.0, "Lat": 0.0, "Church/Organisation Profile: Approved by IC": null, "Organisation Details: Date Trustees Approval": null, "Organisation Details: Welcome Email Date": null, "Denom": null, "Organisation Details: Denomination": null, "Church/Organisation Profile: Church Denomination": null, "field_13": "2399" }, "geometry": { "type": "Point", "coordinates": [ 0.0, 0.0 ] } },
{ "type": "Feature", "properties": { "Contact ID": 2442, "Sort Name": "Our Lady St Mary, South Creake (Norfolk)", "Contact Subtype": null, "Church/Organisation Profile: Church Postcode": "NR21 9LX", "Long": 0.757104, "Lat": 52.89153, "Church/Organisation Profile: Approved by IC": null, "Organisation Details: Date Trustees Approval": null, "Organisation Details: Welcome Email Date": null, "Denom": null, "Organisation Details: Denomination": null, "Church/Organisation Profile: Church Denomination": null, "field_13": "2293" }, "geometry": { "type": "Point", "coordinates": [ 0.757104, 52.89153 ] } },
{ "type": "Feature", "properties": { "Contact ID": 234925, "Sort Name": "Our Lady, Acomb, York (Catholic)", "Contact Subtype": null, "Church/Organisation Profile: Church Postcode": "YO24 3DX", "Long": -1.130888, "Lat": 53.948814, "Church/Organisation Profile: Approved by IC": null, "Organisation Details: Date Trustees Approval": null, "Organisation Details: Welcome Email Date": null, "Denom": "Catholic", "Organisation Details: Denomination": null, "Church/Organisation Profile: Church Denomination": null, "field_13": "3592" }, "geometry": { "type": "Point", "coordinates": [ -1.130888, 53.948814 ] } },
{ "type": "Feature", "properties": { "Contact ID": 2274, "Sort Name": "Palmers Green United Reformed Church", "Contact Subtype": null, "Church/Organisation Profile: Church Postcode": "N13 4AL", "Long": -0.111069, "Lat": 51.623011, "Church/Organisation Profile: Approved by IC": null, "Organisation Details: Date Trustees Approval": null, "Organisation Details: Welcome Email Date": null, "Denom": "United Reformed Church", "Organisation Details: Denomination": null, "Church/Organisation Profile: Church Denomination": null, "field_13": "2104" }, "geometry": { "type": "Point", "coordinates": [ -0.111069, 51.623011 ] } },
{ "type": "Feature", "properties": { "Contact ID": 265158, "Sort Name": "Parish Church of Chaddesden: St Philip", "Contact Subtype": null, "Church/Organisation Profile: Church Postcode": "DE21 4JU", "Long": -1.44009, "Lat": 52.938634, "Church/Organisation Profile: Approved by IC": null, "Organisation Details: Date Trustees Approval": null, "Organisation Details: Welcome Email Date": null, "Denom": null, "Organisation Details: Denomination": null, "Church/Organisation Profile: Church Denomination": null, "field_13": "21074" }, "geometry": { "type": "Point", "coordinates": [ -1.44009, 52.938634 ] } },
{ "type": "Feature", "properties": { "Contact ID": 265187, "Sort Name": "Parish Church of St Stephen, Lindley", "Contact Subtype": null, "Church/Organisation Profile: Church Postcode": "HD3 3JB", "Long": -1.822994, "Lat": 53.659804, "Church/Organisation Profile: Approved by IC": null, "Organisation Details: Date Trustees Approval": null, "Organisation Details: Welcome Email Date": null, "Denom": "Church of England", "Organisation Details: Denomination": null, "Church/Organisation Profile: Church Denomination": null, "field_13": "21095" }, "geometry": { "type": "Point", "coordinates": [ -1.822994, 53.659804 ] } },
{ "type": "Feature", "properties": { "Contact ID": 6769, "Sort Name": "Parish of Bromsgrove", "Contact Subtype": null, "Church/Organisation Profile: Church Postcode": "B60 2EA", "Long": -2.046636, "Lat": 52.323665, "Church/Organisation Profile: Approved by IC": null, "Organisation Details: Date Trustees Approval": null, "Organisation Details: Welcome Email Date": null, "Denom": "Church of England", "Organisation Details: Denomination": null, "Church/Organisation Profile: Church Denomination": null, "field_13": "8022" }, "geometry": { "type": "Point", "coordinates": [ -2.046636, 52.323665 ] } },
{ "type": "Feature", "properties": { "Contact ID": 265264, "Sort Name": "Parish of Church of St. George's The Martyr New Mills", "Contact Subtype": null, "Church/Organisation Profile: Church Postcode": "SK22 4NP", "Long": -1.996248, "Lat": 53.367706, "Church/Organisation Profile: Approved by IC": null, "Organisation Details: Date Trustees Approval": null, "Organisation Details: Welcome Email Date": null, "Denom": "Church of England", "Organisation Details: Denomination": null, "Church/Organisation Profile: Church Denomination": null, "field_13": "21059" }, "geometry": { "type": "Point", "coordinates": [ -1.996248, 53.367706 ] } },
{ "type": "Feature", "properties": { "Contact ID": 2783, "Sort Name": "Parish of Leesfield: St Hugh, St Agnes, St Thomas", "Contact Subtype": null, "Church/Organisation Profile: Church Postcode": "OL4 5DA", "Long": -2.071885, "Lat": 53.536812, "Church/Organisation Profile: Approved by IC": null, "Organisation Details: Date Trustees Approval": null, "Organisation Details: Welcome Email Date": null, "Denom": null, "Organisation Details: Denomination": null, "Church/Organisation Profile: Church Denomination": null, "field_13": "2199" }, "geometry": { "type": "Point", "coordinates": [ -2.071885, 53.536812 ] } },
{ "type": "Feature", "properties": { "Contact ID": 235539, "Sort Name": "Parish of Pangbourne with Tidmarsh and Sulham", "Contact Subtype": null, "Church/Organisation Profile: Church Postcode": "RG8 7AP", "Long": -1.090095, "Lat": 51.484418, "Church/Organisation Profile: Approved by IC": null, "Organisation Details: Date Trustees Approval": null, "Organisation Details: Welcome Email Date": null, "Denom": "Church of England", "Organisation Details: Denomination": null, "Church/Organisation Profile: Church Denomination": null, "field_13": "12592" }, "geometry": { "type": "Point", "coordinates": [ -1.090095, 51.484418 ] } },
{ "type": "Feature", "properties": { "Contact ID": 2218, "Sort Name": "Parish of St Peter's and All Saints, Nottingham", "Contact Subtype": null, "Church/Organisation Profile: Church Postcode": "NG1 2NW", "Long": -1.147784, "Lat": 52.952074, "Church/Organisation Profile: Approved by IC": null, "Organisation Details: Date Trustees Approval": null, "Organisation Details: Welcome Email Date": null, "Denom": null, "Organisation Details: Denomination": null, "Church/Organisation Profile: Church Denomination": null, "field_13": "C3611" }, "geometry": { "type": "Point", "coordinates": [ -1.147784, 52.952074 ] } },
{ "type": "Feature", "properties": { "Contact ID": 3949, "Sort Name": "Parish of the Upper Wreake", "Contact Subtype": null, "Church/Organisation Profile: Church Postcode": "LE14 2NQ", "Long": -0.971317, "Lat": 52.753245, "Church/Organisation Profile: Approved by IC": null, "Organisation Details: Date Trustees Approval": null, "Organisation Details: Welcome Email Date": null, "Denom": null, "Organisation Details: Denomination": null, "Church/Organisation Profile: Church Denomination": null, "field_13": "3506" }, "geometry": { "type": "Point", "coordinates": [ -0.971317, 52.753245 ] } },
{ "type": "Feature", "properties": { "Contact ID": 181864, "Sort Name": "Parish of Three Saints", "Contact Subtype": null, "Church/Organisation Profile: Church Postcode": "TA9", "Long": 0.0, "Lat": 0.0, "Church/Organisation Profile: Approved by IC": null, "Organisation Details: Date Trustees Approval": null, "Organisation Details: Welcome Email Date": null, "Denom": "Church of England", "Organisation Details: Denomination": null, "Church/Organisation Profile: Church Denomination": null, "field_13": "9988" }, "geometry": { "type": "Point", "coordinates": [ 0.0, 0.0 ] } },
{ "type": "Feature", "properties": { "Contact ID": 6868, "Sort Name": "Parish of Wyke Regis All Saints and St. Edmunds", "Contact Subtype": null, "Church/Organisation Profile: Church Postcode": "DT4 9ES", "Long": -2.477606, "Lat": 50.598023, "Church/Organisation Profile: Approved by IC": null, "Organisation Details: Date Trustees Approval": null, "Organisation Details: Welcome Email Date": null, "Denom": "Church of England", "Organisation Details: Denomination": null, "Church/Organisation Profile: Church Denomination": null, "field_13": "8505" }, "geometry": { "type": "Point", "coordinates": [ -2.477606, 50.598023 ] } },
{ "type": "Feature", "properties": { "Contact ID": 181882, "Sort Name": "Pennycross Methodist Church", "Contact Subtype": null, "Church/Organisation Profile: Church Postcode": "PL2 3PH", "Long": -4.14627, "Lat": 50.395459, "Church/Organisation Profile: Approved by IC": null, "Organisation Details: Date Trustees Approval": null, "Organisation Details: Welcome Email Date": null, "Denom": "Methodist", "Organisation Details: Denomination": null, "Church/Organisation Profile: Church Denomination": null, "field_13": "10045" }, "geometry": { "type": "Point", "coordinates": [ -4.14627, 50.395459 ] } },
{ "type": "Feature", "properties": { "Contact ID": 181951, "Sort Name": "Penrith Methodist Church", "Contact Subtype": null, "Church/Organisation Profile: Church Postcode": "CA11 7QY", "Long": -2.751291, "Lat": 54.669479, "Church/Organisation Profile: Approved by IC": null, "Organisation Details: Date Trustees Approval": null, "Organisation Details: Welcome Email Date": null, "Denom": "Methodist", "Organisation Details: Denomination": null, "Church/Organisation Profile: Church Denomination": null, "field_13": "10208" }, "geometry": { "type": "Point", "coordinates": [ -2.751291, 54.669479 ] } },
{ "type": "Feature", "properties": { "Contact ID": 6034, "Sort Name": "Pirton Methodist Church, Hitchin", "Contact Subtype": null, "Church/Organisation Profile: Church Postcode": "SG5 3PS", "Long": -0.333203, "Lat": 51.973738, "Church/Organisation Profile: Approved by IC": null, "Organisation Details: Date Trustees Approval": null, "Organisation Details: Welcome Email Date": null, "Denom": null, "Organisation Details: Denomination": null, "Church/Organisation Profile: Church Denomination": null, "field_13": "5649" }, "geometry": { "type": "Point", "coordinates": [ -0.333203, 51.973738 ] } },
{ "type": "Feature", "properties": { "Contact ID": 234424, "Sort Name": "Plympton St Mary'syy(St Thomas)", "Contact Subtype": null, "Church/Organisation Profile: Church Postcode": "PL7 1QW", "Long": -4.059753, "Lat": 50.387111, "Church/Organisation Profile: Approved by IC": null, "Organisation Details: Date Trustees Approval": null, "Organisation Details: Welcome Email Date": null, "Denom": null, "Organisation Details: Denomination": null, "Church/Organisation Profile: Church Denomination": null, "field_13": "7777" }, "geometry": { "type": "Point", "coordinates": [ -4.059753, 50.387111 ] } },
{ "type": "Feature", "properties": { "Contact ID": 234425, "Sort Name": "Plympton St Mauricey", "Contact Subtype": null, "Church/Organisation Profile: Church Postcode": "PL7 1UB", "Long": -4.044727, "Lat": 50.380549, "Church/Organisation Profile: Approved by IC": null, "Organisation Details: Date Trustees Approval": null, "Organisation Details: Welcome Email Date": null, "Denom": null, "Organisation Details: Denomination": null, "Church/Organisation Profile: Church Denomination": null, "field_13": "7779" }, "geometry": { "type": "Point", "coordinates": [ -4.044727, 50.380549 ] } },
{ "type": "Feature", "properties": { "Contact ID": 2454, "Sort Name": "Portsmouth Cathedral (St Thomas of Canterbury)", "Contact Subtype": null, "Church/Organisation Profile: Church Postcode": "PO1 2HH", "Long": -1.105794, "Lat": 50.789731, "Church/Organisation Profile: Approved by IC": null, "Organisation Details: Date Trustees Approval": null, "Organisation Details: Welcome Email Date": null, "Denom": null, "Organisation Details: Denomination": null, "Church/Organisation Profile: Church Denomination": null, "field_13": "2307" }, "geometry": { "type": "Point", "coordinates": [ -1.105794, 50.789731 ] } },
{ "type": "Feature", "properties": { "Contact ID": 3934, "Sort Name": "Reading Minster (St Mary the Virgin)", "Contact Subtype": null, "Church/Organisation Profile: Church Postcode": "RG1 2HX", "Long": -0.973235, "Lat": 51.455093, "Church/Organisation Profile: Approved by IC": null, "Organisation Details: Date Trustees Approval": null, "Organisation Details: Welcome Email Date": null, "Denom": null, "Organisation Details: Denomination": null, "Church/Organisation Profile: Church Denomination": null, "field_13": "3032" }, "geometry": { "type": "Point", "coordinates": [ -0.973235, 51.455093 ] } },
{ "type": "Feature", "properties": { "Contact ID": 2269, "Sort Name": "Redlands Parish Church (St Luke Reading)", "Contact Subtype": null, "Church/Organisation Profile: Church Postcode": "RG1 5LH", "Long": -0.953409, "Lat": 51.44981, "Church/Organisation Profile: Approved by IC": null, "Organisation Details: Date Trustees Approval": null, "Organisation Details: Welcome Email Date": null, "Denom": null, "Organisation Details: Denomination": null, "Church/Organisation Profile: Church Denomination": null, "field_13": "2099" }, "geometry": { "type": "Point", "coordinates": [ -0.953409, 51.44981 ] } },
{ "type": "Feature", "properties": { "Contact ID": 265289, "Sort Name": "Reigate Methodist Church", "Contact Subtype": null, "Church/Organisation Profile: Church Postcode": "RH2 9AE", "Long": -0.20878, "Lat": 51.23767, "Church/Organisation Profile: Approved by IC": null, "Organisation Details: Date Trustees Approval": null, "Organisation Details: Welcome Email Date": null, "Denom": "Methodist Church", "Organisation Details: Denomination": null, "Church/Organisation Profile: Church Denomination": null, "field_13": "21435" }, "geometry": { "type": "Point", "coordinates": [ -0.20878, 51.23767 ] } },
{ "type": "Feature", "properties": { "Contact ID": 2422, "Sort Name": "Revive Leeds", "Contact Subtype": null, "Church/Organisation Profile: Church Postcode": "LS4 2LB", "Long": -1.578842, "Lat": 53.808282, "Church/Organisation Profile: Approved by IC": null, "Organisation Details: Date Trustees Approval": null, "Organisation Details: Welcome Email Date": null, "Denom": "?", "Organisation Details: Denomination": null, "Church/Organisation Profile: Church Denomination": null, "field_13": "2273" }, "geometry": { "type": "Point", "coordinates": [ -1.578842, 53.808282 ] } },
{ "type": "Feature", "properties": { "Contact ID": 2732, "Sort Name": "Ripon Cathedral (St Peter and St Wilfrid)", "Contact Subtype": null, "Church/Organisation Profile: Church Postcode": "HG4 1QS", "Long": -1.519884, "Lat": 54.135583, "Church/Organisation Profile: Approved by IC": null, "Organisation Details: Date Trustees Approval": null, "Organisation Details: Welcome Email Date": null, "Denom": null, "Organisation Details: Denomination": null, "Church/Organisation Profile: Church Denomination": null, "field_13": "2589" }, "geometry": { "type": "Point", "coordinates": [ -1.519884, 54.135583 ] } },
{ "type": "Feature", "properties": { "Contact ID": 5843, "Sort Name": "Riverside Church, Whitstable", "Contact Subtype": null, "Church/Organisation Profile: Church Postcode": "CT5 3JQ", "Long": 1.059073, "Lat": 51.358291, "Church/Organisation Profile: Approved by IC": null, "Organisation Details: Date Trustees Approval": null, "Organisation Details: Welcome Email Date": null, "Denom": "ex-Vineyard", "Organisation Details: Denomination": null, "Church/Organisation Profile: Church Denomination": null, "field_13": "5173" }, "geometry": { "type": "Point", "coordinates": [ 1.059073, 51.358291 ] } },
{ "type": "Feature", "properties": { "Contact ID": 3990, "Sort Name": "Rothley Methodist", "Contact Subtype": null, "Church/Organisation Profile: Church Postcode": "LE7 7LB", "Long": -1.138076, "Lat": 52.708275, "Church/Organisation Profile: Approved by IC": null, "Organisation Details: Date Trustees Approval": null, "Organisation Details: Welcome Email Date": null, "Denom": "Methodist", "Organisation Details: Denomination": null, "Church/Organisation Profile: Church Denomination": null, "field_13": "10709" }, "geometry": { "type": "Point", "coordinates": [ -1.138076, 52.708275 ] } },
{ "type": "Feature", "properties": { "Contact ID": 6709, "Sort Name": "Royal Docks Community Church", "Contact Subtype": null, "Church/Organisation Profile: Church Postcode": "E16 1TU", "Long": 0.02387, "Lat": 51.504144, "Church/Organisation Profile: Approved by IC": null, "Organisation Details: Date Trustees Approval": null, "Organisation Details: Welcome Email Date": null, "Denom": "Baptist", "Organisation Details: Denomination": null, "Church/Organisation Profile: Church Denomination": null, "field_13": "7796" }, "geometry": { "type": "Point", "coordinates": [ 0.02387, 51.504144 ] } },
{ "type": "Feature", "properties": { "Contact ID": 167116, "Sort Name": "Rugby Methodist Church Centre", "Contact Subtype": null, "Church/Organisation Profile: Church Postcode": "CV22 7TB", "Long": -1.265177, "Lat": 52.369457, "Church/Organisation Profile: Approved by IC": null, "Organisation Details: Date Trustees Approval": null, "Organisation Details: Welcome Email Date": null, "Denom": "Methodist", "Organisation Details: Denomination": null, "Church/Organisation Profile: Church Denomination": null, "field_13": "9847" }, "geometry": { "type": "Point", "coordinates": [ -1.265177, 52.369457 ] } },
{ "type": "Feature", "properties": { "Contact ID": 2731, "Sort Name": "Sacred Trinity Salford", "Contact Subtype": null, "Church/Organisation Profile: Church Postcode": "M3 5DW", "Long": -2.250327, "Lat": 53.484806, "Church/Organisation Profile: Approved by IC": null, "Organisation Details: Date Trustees Approval": null, "Organisation Details: Welcome Email Date": null, "Denom": "Church of England", "Organisation Details: Denomination": null, "Church/Organisation Profile: Church Denomination": null, "field_13": "8873" }, "geometry": { "type": "Point", "coordinates": [ -2.250327, 53.484806 ] } },
{ "type": "Feature", "properties": { "Contact ID": 6694, "Sort Name": "Sherwood Methodist, Nottingham", "Contact Subtype": null, "Church/Organisation Profile: Church Postcode": "NG5 2EN", "Long": -1.150804, "Lat": 52.978758, "Church/Organisation Profile: Approved by IC": null, "Organisation Details: Date Trustees Approval": null, "Organisation Details: Welcome Email Date": null, "Denom": "Methodist", "Organisation Details: Denomination": null, "Church/Organisation Profile: Church Denomination": null, "field_13": "7753" }, "geometry": { "type": "Point", "coordinates": [ -1.150804, 52.978758 ] } },
{ "type": "Feature", "properties": { "Contact ID": 5484, "Sort Name": "Shipley Baptist Church", "Contact Subtype": null, "Church/Organisation Profile: Church Postcode": "BD18 3QY", "Long": -1.778333, "Lat": 53.834314, "Church/Organisation Profile: Approved by IC": null, "Organisation Details: Date Trustees Approval": null, "Organisation Details: Welcome Email Date": null, "Denom": null, "Organisation Details: Denomination": null, "Church/Organisation Profile: Church Denomination": null, "field_13": "4297" }, "geometry": { "type": "Point", "coordinates": [ -1.778333, 53.834314 ] } },
{ "type": "Feature", "properties": { "Contact ID": 3983, "Sort Name": "Shoeburyness and Thorpe Bay Baptist Church, Southend-on-Sea", "Contact Subtype": null, "Church/Organisation Profile: Church Postcode": "SS3 9JD", "Long": 0.7773, "Lat": 51.530622, "Church/Organisation Profile: Approved by IC": null, "Organisation Details: Date Trustees Approval": null, "Organisation Details: Welcome Email Date": null, "Denom": null, "Organisation Details: Denomination": null, "Church/Organisation Profile: Church Denomination": null, "field_13": "3778" }, "geometry": { "type": "Point", "coordinates": [ 0.7773, 51.530622 ] } },
{ "type": "Feature", "properties": { "Contact ID": 5813, "Sort Name": "Shortwood Methodist Church, Bristol", "Contact Subtype": null, "Church/Organisation Profile: Church Postcode": "BS16 9NH", "Long": -2.46784, "Lat": 51.482108, "Church/Organisation Profile: Approved by IC": null, "Organisation Details: Date Trustees Approval": null, "Organisation Details: Welcome Email Date": null, "Denom": "Methodist", "Organisation Details: Denomination": null, "Church/Organisation Profile: Church Denomination": null, "field_13": "9193" }, "geometry": { "type": "Point", "coordinates": [ -2.46784, 51.482108 ] } },
{ "type": "Feature", "properties": { "Contact ID": 6922, "Sort Name": "Shrewsbury Abbey", "Contact Subtype": null, "Church/Organisation Profile: Church Postcode": "SY2 6BS", "Long": -2.744111, "Lat": 52.707958, "Church/Organisation Profile: Approved by IC": null, "Organisation Details: Date Trustees Approval": null, "Organisation Details: Welcome Email Date": null, "Denom": "Church of England", "Organisation Details: Denomination": null, "Church/Organisation Profile: Church Denomination": null, "field_13": "8670" }, "geometry": { "type": "Point", "coordinates": [ -2.744111, 52.707958 ] } },
{ "type": "Feature", "properties": { "Contact ID": 2404, "Sort Name": "Somewhere Else (formerly the Bread Church)", "Contact Subtype": null, "Church/Organisation Profile: Church Postcode": "L1 4HY", "Long": -2.977374, "Lat": 53.402446, "Church/Organisation Profile: Approved by IC": null, "Organisation Details: Date Trustees Approval": null, "Organisation Details: Welcome Email Date": null, "Denom": "Methodist", "Organisation Details: Denomination": null, "Church/Organisation Profile: Church Denomination": null, "field_13": "2256" }, "geometry": { "type": "Point", "coordinates": [ -2.977374, 53.402446 ] } },
{ "type": "Feature", "properties": { "Contact ID": 235550, "Sort Name": "Southend City Baptist Church", "Contact Subtype": null, "Church/Organisation Profile: Church Postcode": "SS1 1AN", "Long": 0.711691, "Lat": 51.536223, "Church/Organisation Profile: Approved by IC": null, "Organisation Details: Date Trustees Approval": null, "Organisation Details: Welcome Email Date": null, "Denom": "Baptist Union", "Organisation Details: Denomination": null, "Church/Organisation Profile: Church Denomination": null, "field_13": "12474" }, "geometry": { "type": "Point", "coordinates": [ 0.711691, 51.536223 ] } },
{ "type": "Feature", "properties": { "Contact ID": 6519, "Sort Name": "Southernhay URC", "Contact Subtype": null, "Church/Organisation Profile: Church Postcode": "EX1 1QD", "Long": -3.525919, "Lat": 50.723709, "Church/Organisation Profile: Approved by IC": null, "Organisation Details: Date Trustees Approval": null, "Organisation Details: Welcome Email Date": null, "Denom": "United Reformed Church", "Organisation Details: Denomination": null, "Church/Organisation Profile: Church Denomination": null, "field_13": "7181" }, "geometry": { "type": "Point", "coordinates": [ -3.525919, 50.723709 ] } },
{ "type": "Feature", "properties": { "Contact ID": 234332, "Sort Name": "Southfield Chapel, Lancs", "Contact Subtype": null, "Church/Organisation Profile: Church Postcode": "BB10 3RJ", "Long": -2.181066, "Lat": 53.82915, "Church/Organisation Profile: Approved by IC": null, "Organisation Details: Date Trustees Approval": null, "Organisation Details: Welcome Email Date": null, "Denom": "Methodist", "Organisation Details: Denomination": null, "Church/Organisation Profile: Church Denomination": null, "field_13": "10737" }, "geometry": { "type": "Point", "coordinates": [ -2.181066, 53.82915 ] } },
{ "type": "Feature", "properties": { "Contact ID": 6265, "Sort Name": "Southlands Methodist Church", "Contact Subtype": null, "Church/Organisation Profile: Church Postcode": "YO23 1NX", "Long": -1.085195, "Lat": 53.950066, "Church/Organisation Profile: Approved by IC": null, "Organisation Details: Date Trustees Approval": null, "Organisation Details: Welcome Email Date": null, "Denom": "Methodist", "Organisation Details: Denomination": null, "Church/Organisation Profile: Church Denomination": null, "field_13": "6502" }, "geometry": { "type": "Point", "coordinates": [ -1.085195, 53.950066 ] } },
{ "type": "Feature", "properties": { "Contact ID": 5687, "Sort Name": "Springdale Methodist Church, Wolverhampton", "Contact Subtype": null, "Church/Organisation Profile: Church Postcode": "WV4 4LF", "Long": -2.16938, "Lat": 52.560261, "Church/Organisation Profile: Approved by IC": null, "Organisation Details: Date Trustees Approval": null, "Organisation Details: Welcome Email Date": null, "Denom": null, "Organisation Details: Denomination": null, "Church/Organisation Profile: Church Denomination": null, "field_13": "4706" }, "geometry": { "type": "Point", "coordinates": [ -2.16938, 52.560261 ] } },
{ "type": "Feature", "properties": { "Contact ID": 2548, "Sort Name": "Ss Asaph &amp; Cyndeyrn Church", "Contact Subtype": null, "Church/Organisation Profile: Church Postcode": "CH8", "Long": 0.0, "Lat": 0.0, "Church/Organisation Profile: Approved by IC": null, "Organisation Details: Date Trustees Approval": null, "Organisation Details: Welcome Email Date": null, "Denom": "CinW", "Organisation Details: Denomination": null, "Church/Organisation Profile: Church Denomination": null, "field_13": "2406" }, "geometry": { "type": "Point", "coordinates": [ 0.0, 0.0 ] } },
{ "type": "Feature", "properties": { "Contact ID": 2727, "Sort Name": "St Agnes North Reddish", "Contact Subtype": null, "Church/Organisation Profile: Church Postcode": "SK5 6RA", "Long": -2.156807, "Lat": 53.452554, "Church/Organisation Profile: Approved by IC": null, "Organisation Details: Date Trustees Approval": null, "Organisation Details: Welcome Email Date": null, "Denom": null, "Organisation Details: Denomination": null, "Church/Organisation Profile: Church Denomination": null, "field_13": "2584" }, "geometry": { "type": "Point", "coordinates": [ -2.156807, 53.452554 ] } },
{ "type": "Feature", "properties": { "Contact ID": 234935, "Sort Name": "St Aidan, Anchorage Park, Portsmouth", "Contact Subtype": null, "Church/Organisation Profile: Church Postcode": "PO3 5TG", "Long": -1.050502, "Lat": 50.829825, "Church/Organisation Profile: Approved by IC": null, "Organisation Details: Date Trustees Approval": null, "Organisation Details: Welcome Email Date": null, "Denom": null, "Organisation Details: Denomination": null, "Church/Organisation Profile: Church Denomination": null, "field_13": "3776" }, "geometry": { "type": "Point", "coordinates": [ -1.050502, 50.829825 ] } },
{ "type": "Feature", "properties": { "Contact ID": 2334, "Sort Name": "St Aidan, Sudden, Rochdale", "Contact Subtype": null, "Church/Organisation Profile: Church Postcode": "OL11 3EL", "Long": -2.178663, "Lat": 53.60084, "Church/Organisation Profile: Approved by IC": null, "Organisation Details: Date Trustees Approval": null, "Organisation Details: Welcome Email Date": null, "Denom": null, "Organisation Details: Denomination": null, "Church/Organisation Profile: Church Denomination": null, "field_13": "2171" }, "geometry": { "type": "Point", "coordinates": [ -2.178663, 53.60084 ] } },
{ "type": "Feature", "properties": { "Contact ID": 6482, "Sort Name": "St Aidan's", "Contact Subtype": null, "Church/Organisation Profile: Church Postcode": "NE46 2EG", "Long": 0.0, "Lat": 0.0, "Church/Organisation Profile: Approved by IC": null, "Organisation Details: Date Trustees Approval": null, "Organisation Details: Welcome Email Date": null, "Denom": "Church of England", "Organisation Details: Denomination": null, "Church/Organisation Profile: Church Denomination": null, "field_13": "7093" }, "geometry": { "type": "Point", "coordinates": [ 0.0, 0.0 ] } },
{ "type": "Feature", "properties": { "Contact ID": 2617, "Sort Name": "St Aidan's Sheffield Manor", "Contact Subtype": null, "Church/Organisation Profile: Church Postcode": "S2 1UF", "Long": -1.442432, "Lat": 53.372528, "Church/Organisation Profile: Approved by IC": null, "Organisation Details: Date Trustees Approval": null, "Organisation Details: Welcome Email Date": null, "Denom": "Church of England", "Organisation Details: Denomination": null, "Church/Organisation Profile: Church Denomination": null, "field_13": "6129" }, "geometry": { "type": "Point", "coordinates": [ -1.442432, 53.372528 ] } },
{ "type": "Feature", "properties": { "Contact ID": 2420, "Sort Name": "St Alban Dartford", "Contact Subtype": null, "Church/Organisation Profile: Church Postcode": "DA1 1TE", "Long": 0.227579, "Lat": 51.444091, "Church/Organisation Profile: Approved by IC": null, "Organisation Details: Date Trustees Approval": null, "Organisation Details: Welcome Email Date": null, "Denom": "Church of England", "Organisation Details: Denomination": null, "Church/Organisation Profile: Church Denomination": null, "field_13": "2271" }, "geometry": { "type": "Point", "coordinates": [ 0.227579, 51.444091 ] } },
{ "type": "Feature", "properties": { "Contact ID": 265286, "Sort Name": "St Alban the Martyr,  Cheam", "Contact Subtype": null, "Church/Organisation Profile: Church Postcode": "SM1 2EZ", "Long": -0.206348, "Lat": 51.367497, "Church/Organisation Profile: Approved by IC": null, "Organisation Details: Date Trustees Approval": null, "Organisation Details: Welcome Email Date": null, "Denom": "Church of England", "Organisation Details: Denomination": null, "Church/Organisation Profile: Church Denomination": null, "field_13": "21430" }, "geometry": { "type": "Point", "coordinates": [ -0.206348, 51.367497 ] } },
{ "type": "Feature", "properties": { "Contact ID": 4324, "Sort Name": "St Alban the Martyr, Westcliff (with Southend St Mark)", "Contact Subtype": null, "Church/Organisation Profile: Church Postcode": "SS0 7JZ", "Long": 0.697729, "Lat": 51.540088, "Church/Organisation Profile: Approved by IC": null, "Organisation Details: Date Trustees Approval": null, "Organisation Details: Welcome Email Date": null, "Denom": null, "Organisation Details: Denomination": null, "Church/Organisation Profile: Church Denomination": null, "field_13": "3859" }, "geometry": { "type": "Point", "coordinates": [ 0.697729, 51.540088 ] } },
{ "type": "Feature", "properties": { "Contact ID": 234616, "Sort Name": "St Alban, Charminster (Parish of Four Saints)", "Contact Subtype": null, "Church/Organisation Profile: Church Postcode": "DT2", "Long": 0.0, "Lat": 0.0, "Church/Organisation Profile: Approved by IC": null, "Organisation Details: Date Trustees Approval": null, "Organisation Details: Welcome Email Date": null, "Denom": "Church of England", "Organisation Details: Denomination": null, "Church/Organisation Profile: Church Denomination": null, "field_13": "5840" }, "geometry": { "type": "Point", "coordinates": [ 0.0, 0.0 ] } },
{ "type": "Feature", "properties": { "Contact ID": 7385, "Sort Name": "St Alban, Windy Nook (with Gateshead Fell)", "Contact Subtype": null, "Church/Organisation Profile: Church Postcode": "NE10 9SJ", "Long": -1.572319, "Lat": 54.942252, "Church/Organisation Profile: Approved by IC": null, "Organisation Details: Date Trustees Approval": null, "Organisation Details: Welcome Email Date": null, "Denom": null, "Organisation Details: Denomination": null, "Church/Organisation Profile: Church Denomination": null, "field_13": "9090" }, "geometry": { "type": "Point", "coordinates": [ -1.572319, 54.942252 ] } },
{ "type": "Feature", "properties": { "Contact ID": 3992, "Sort Name": "St Alban's", "Contact Subtype": null, "Church/Organisation Profile: Church Postcode": "BH9 1DW", "Long": -1.865413, "Lat": 50.738143, "Church/Organisation Profile: Approved by IC": null, "Organisation Details: Date Trustees Approval": null, "Organisation Details: Welcome Email Date": null, "Denom": null, "Organisation Details: Denomination": null, "Church/Organisation Profile: Church Denomination": null, "field_13": "C2147" }, "geometry": { "type": "Point", "coordinates": [ -1.865413, 50.738143 ] } },
{ "type": "Feature", "properties": { "Contact ID": 235540, "Sort Name": "St Alban's Church, Offerton", "Contact Subtype": null, "Church/Organisation Profile: Church Postcode": "SK2 5AG", "Long": -2.132486, "Lat": 53.403497, "Church/Organisation Profile: Approved by IC": null, "Organisation Details: Date Trustees Approval": null, "Organisation Details: Welcome Email Date": null, "Denom": "Church of England", "Organisation Details: Denomination": null, "Church/Organisation Profile: Church Denomination": null, "field_13": "12593" }, "geometry": { "type": "Point", "coordinates": [ -2.132486, 53.403497 ] } },
{ "type": "Feature", "properties": { "Contact ID": 234348, "Sort Name": "St Alban's Church, West Leigh", "Contact Subtype": null, "Church/Organisation Profile: Church Postcode": "PO9 5TE", "Long": -0.97088, "Lat": 50.867497, "Church/Organisation Profile: Approved by IC": null, "Organisation Details: Date Trustees Approval": null, "Organisation Details: Welcome Email Date": null, "Denom": null, "Organisation Details: Denomination": null, "Church/Organisation Profile: Church Denomination": null, "field_13": "10739" }, "geometry": { "type": "Point", "coordinates": [ -0.97088, 50.867497 ] } },
{ "type": "Feature", "properties": { "Contact ID": 2465, "Sort Name": "St Alban's Oxford (Cowley)", "Contact Subtype": null, "Church/Organisation Profile: Church Postcode": "OX4 3AH", "Long": -1.232528, "Lat": 51.741418, "Church/Organisation Profile: Approved by IC": null, "Organisation Details: Date Trustees Approval": null, "Organisation Details: Welcome Email Date": null, "Denom": null, "Organisation Details: Denomination": null, "Church/Organisation Profile: Church Denomination": null, "field_13": "2318" }, "geometry": { "type": "Point", "coordinates": [ -1.232528, 51.741418 ] } },
{ "type": "Feature", "properties": { "Contact ID": 2220, "Sort Name": "St Alban's Swaythling (Southampton)", "Contact Subtype": null, "Church/Organisation Profile: Church Postcode": "SO16 3BB", "Long": -1.388027, "Lat": 50.93897, "Church/Organisation Profile: Approved by IC": null, "Organisation Details: Date Trustees Approval": null, "Organisation Details: Welcome Email Date": null, "Denom": null, "Organisation Details: Denomination": null, "Church/Organisation Profile: Church Denomination": null, "field_13": "6270" }, "geometry": { "type": "Point", "coordinates": [ -1.388027, 50.93897 ] } },
{ "type": "Feature", "properties": { "Contact ID": 6988, "Sort Name": "St Albans URC", "Contact Subtype": null, "Church/Organisation Profile: Church Postcode": "AL1 4BH", "Long": -0.311927, "Lat": 51.760172, "Church/Organisation Profile: Approved by IC": null, "Organisation Details: Date Trustees Approval": null, "Organisation Details: Welcome Email Date": null, "Denom": "United Reformed Church", "Organisation Details: Denomination": null, "Church/Organisation Profile: Church Denomination": null, "field_13": "8835" }, "geometry": { "type": "Point", "coordinates": [ -0.311927, 51.760172 ] } },
{ "type": "Feature", "properties": { "Contact ID": 6550, "Sort Name": "St Aldhelm's, Branksome, Poole", "Contact Subtype": null, "Church/Organisation Profile: Church Postcode": "BH13 6BT", "Long": -1.918348, "Lat": 50.726069, "Church/Organisation Profile: Approved by IC": null, "Organisation Details: Date Trustees Approval": null, "Organisation Details: Welcome Email Date": null, "Denom": "Church of England", "Organisation Details: Denomination": null, "Church/Organisation Profile: Church Denomination": null, "field_13": "7271" }, "geometry": { "type": "Point", "coordinates": [ -1.918348, 50.726069 ] } },
{ "type": "Feature", "properties": { "Contact ID": 2328, "Sort Name": "St Alfege, Greenwich", "Contact Subtype": null, "Church/Organisation Profile: Church Postcode": "SE10 9BJ", "Long": -0.009949, "Lat": 51.48099, "Church/Organisation Profile: Approved by IC": null, "Organisation Details: Date Trustees Approval": null, "Organisation Details: Welcome Email Date": null, "Denom": null, "Organisation Details: Denomination": null, "Church/Organisation Profile: Church Denomination": null, "field_13": "2165" }, "geometry": { "type": "Point", "coordinates": [ -0.009949, 51.48099 ] } },
{ "type": "Feature", "properties": { "Contact ID": 2502, "Sort Name": "St Ambrose Leyland", "Contact Subtype": null, "Church/Organisation Profile: Church Postcode": "PR25 4XA", "Long": -2.68405, "Lat": 53.698752, "Church/Organisation Profile: Approved by IC": null, "Organisation Details: Date Trustees Approval": null, "Organisation Details: Welcome Email Date": null, "Denom": null, "Organisation Details: Denomination": null, "Church/Organisation Profile: Church Denomination": null, "field_13": "2359" }, "geometry": { "type": "Point", "coordinates": [ -2.68405, 53.698752 ] } },
{ "type": "Feature", "properties": { "Contact ID": 234352, "Sort Name": "St Andrew Aldborough", "Contact Subtype": null, "Church/Organisation Profile: Church Postcode": "YO51 9ER", "Long": -1.380774, "Lat": 54.092519, "Church/Organisation Profile: Approved by IC": null, "Organisation Details: Date Trustees Approval": null, "Organisation Details: Welcome Email Date": null, "Denom": "Church of England", "Organisation Details: Denomination": null, "Church/Organisation Profile: Church Denomination": null, "field_13": "9311" }, "geometry": { "type": "Point", "coordinates": [ -1.380774, 54.092519 ] } },
{ "type": "Feature", "properties": { "Contact ID": 2606, "Sort Name": "St Andrew and St Mark Surbiton", "Contact Subtype": null, "Church/Organisation Profile: Church Postcode": "KT6 4LS", "Long": -0.301332, "Lat": 51.394847, "Church/Organisation Profile: Approved by IC": null, "Organisation Details: Date Trustees Approval": null, "Organisation Details: Welcome Email Date": null, "Denom": null, "Organisation Details: Denomination": null, "Church/Organisation Profile: Church Denomination": null, "field_13": "2463" }, "geometry": { "type": "Point", "coordinates": [ -0.301332, 51.394847 ] } },
{ "type": "Feature", "properties": { "Contact ID": 2452, "Sort Name": "St Andrew Caversham", "Contact Subtype": null, "Church/Organisation Profile: Church Postcode": "RG4 7PL", "Long": -0.98475, "Lat": 51.476487, "Church/Organisation Profile: Approved by IC": null, "Organisation Details: Date Trustees Approval": null, "Organisation Details: Welcome Email Date": null, "Denom": null, "Organisation Details: Denomination": null, "Church/Organisation Profile: Church Denomination": null, "field_13": "2303" }, "geometry": { "type": "Point", "coordinates": [ -0.98475, 51.476487 ] } },
{ "type": "Feature", "properties": { "Contact ID": 2387, "Sort Name": "St Andrew Melton (with Ufford)", "Contact Subtype": null, "Church/Organisation Profile: Church Postcode": "IP12 1PX", "Long": 1.33415, "Lat": 52.105847, "Church/Organisation Profile: Approved by IC": null, "Organisation Details: Date Trustees Approval": null, "Organisation Details: Welcome Email Date": null, "Denom": null, "Organisation Details: Denomination": null, "Church/Organisation Profile: Church Denomination": null, "field_13": "2238" }, "geometry": { "type": "Point", "coordinates": [ 1.33415, 52.105847 ] } },
{ "type": "Feature", "properties": { "Contact ID": 2735, "Sort Name": "St Andrew Orpington (Cray Valley, Kent)", "Contact Subtype": null, "Church/Organisation Profile: Church Postcode": "BR5 4AN", "Long": 0.112521, "Lat": 51.384781, "Church/Organisation Profile: Approved by IC": null, "Organisation Details: Date Trustees Approval": null, "Organisation Details: Welcome Email Date": null, "Denom": null, "Organisation Details: Denomination": null, "Church/Organisation Profile: Church Denomination": null, "field_13": "2592" }, "geometry": { "type": "Point", "coordinates": [ 0.112521, 51.384781 ] } },
{ "type": "Feature", "properties": { "Contact ID": 2464, "Sort Name": "St Andrew Shifnal (Staffs.)", "Contact Subtype": null, "Church/Organisation Profile: Church Postcode": "TF11 9AB", "Long": -2.377293, "Lat": 52.664233, "Church/Organisation Profile: Approved by IC": null, "Organisation Details: Date Trustees Approval": null, "Organisation Details: Welcome Email Date": null, "Denom": null, "Organisation Details: Denomination": null, "Church/Organisation Profile: Church Denomination": null, "field_13": "2317" }, "geometry": { "type": "Point", "coordinates": [ -2.377293, 52.664233 ] } },
{ "type": "Feature", "properties": { "Contact ID": 265315, "Sort Name": "St Andrew the Apostle, Catford", "Contact Subtype": null, "Church/Organisation Profile: Church Postcode": "SE6 1XD", "Long": -0.00379, "Lat": 51.441956, "Church/Organisation Profile: Approved by IC": null, "Organisation Details: Date Trustees Approval": null, "Organisation Details: Welcome Email Date": null, "Denom": "Church of England", "Organisation Details: Denomination": null, "Church/Organisation Profile: Church Denomination": null, "field_13": "21442" }, "geometry": { "type": "Point", "coordinates": [ -0.00379, 51.441956 ] } },
{ "type": "Feature", "properties": { "Contact ID": 2397, "Sort Name": "St Andrew, Leysters", "Contact Subtype": null, "Church/Organisation Profile: Church Postcode": "HR6 0HR", "Long": -2.636292, "Lat": 52.266623, "Church/Organisation Profile: Approved by IC": null, "Organisation Details: Date Trustees Approval": null, "Organisation Details: Welcome Email Date": null, "Denom": null, "Organisation Details: Denomination": null, "Church/Organisation Profile: Church Denomination": null, "field_13": "2248" }, "geometry": { "type": "Point", "coordinates": [ -2.636292, 52.266623 ] } },
{ "type": "Feature", "properties": { "Contact ID": 6522, "Sort Name": "St Andrew, Moreton-on-Lugg", "Contact Subtype": null, "Church/Organisation Profile: Church Postcode": "HR4 8DG", "Long": -2.72195, "Lat": 52.107173, "Church/Organisation Profile: Approved by IC": null, "Organisation Details: Date Trustees Approval": null, "Organisation Details: Welcome Email Date": null, "Denom": "Church of England", "Organisation Details: Denomination": null, "Church/Organisation Profile: Church Denomination": null, "field_13": "7190" }, "geometry": { "type": "Point", "coordinates": [ -2.72195, 52.107173 ] } },
{ "type": "Feature", "properties": { "Contact ID": 6431, "Sort Name": "St Andrew's Bedford", "Contact Subtype": null, "Church/Organisation Profile: Church Postcode": "MK40 2PF", "Long": -0.456047, "Lat": 52.147043, "Church/Organisation Profile: Approved by IC": null, "Organisation Details: Date Trustees Approval": null, "Organisation Details: Welcome Email Date": null, "Denom": null, "Organisation Details: Denomination": null, "Church/Organisation Profile: Church Denomination": null, "field_13": "6919" }, "geometry": { "type": "Point", "coordinates": [ -0.456047, 52.147043 ] } },
{ "type": "Feature", "properties": { "Contact ID": 5482, "Sort Name": "St Andrew's Burnham on Sea", "Contact Subtype": null, "Church/Organisation Profile: Church Postcode": "TA8 1AW", "Long": -2.997329, "Lat": 51.239088, "Church/Organisation Profile: Approved by IC": null, "Organisation Details: Date Trustees Approval": null, "Organisation Details: Welcome Email Date": null, "Denom": "Church of England", "Organisation Details: Denomination": null, "Church/Organisation Profile: Church Denomination": null, "field_13": "4293" }, "geometry": { "type": "Point", "coordinates": [ -2.997329, 51.239088 ] } },
{ "type": "Feature", "properties": { "Contact ID": 2225, "Sort Name": "St Andrew's Chippenham", "Contact Subtype": null, "Church/Organisation Profile: Church Postcode": "SN15 3HT", "Long": -2.113075, "Lat": 51.458037, "Church/Organisation Profile: Approved by IC": null, "Organisation Details: Date Trustees Approval": null, "Organisation Details: Welcome Email Date": null, "Denom": null, "Organisation Details: Denomination": null, "Church/Organisation Profile: Church Denomination": null, "field_13": "3618" }, "geometry": { "type": "Point", "coordinates": [ -2.113075, 51.458037 ] } },
{ "type": "Feature", "properties": { "Contact ID": 2260, "Sort Name": "St Andrew's Church, Dearnley", "Contact Subtype": null, "Church/Organisation Profile: Church Postcode": "OL15 8NJ", "Long": -2.11683, "Lat": 53.639314, "Church/Organisation Profile: Approved by IC": null, "Organisation Details: Date Trustees Approval": null, "Organisation Details: Welcome Email Date": null, "Denom": "Church of England", "Organisation Details: Denomination": null, "Church/Organisation Profile: Church Denomination": null, "field_13": "2087" }, "geometry": { "type": "Point", "coordinates": [ -2.11683, 53.639314 ] } },
{ "type": "Feature", "properties": { "Contact ID": 2589, "Sort Name": "St Andrew's Church, Soham", "Contact Subtype": null, "Church/Organisation Profile: Church Postcode": "CB7 5DS", "Long": 0.336953, "Lat": 52.33491, "Church/Organisation Profile: Approved by IC": null, "Organisation Details: Date Trustees Approval": null, "Organisation Details: Welcome Email Date": null, "Denom": null, "Organisation Details: Denomination": null, "Church/Organisation Profile: Church Denomination": null, "field_13": "2446" }, "geometry": { "type": "Point", "coordinates": [ 0.336953, 52.33491 ] } },
{ "type": "Feature", "properties": { "Contact ID": 181965, "Sort Name": "St Andrew's Church, Utterby, Lincolnshire", "Contact Subtype": null, "Church/Organisation Profile: Church Postcode": "LN11 0TH", "Long": -0.034986, "Lat": 53.420208, "Church/Organisation Profile: Approved by IC": null, "Organisation Details: Date Trustees Approval": null, "Organisation Details: Welcome Email Date": null, "Denom": "Church of England", "Organisation Details: Denomination": null, "Church/Organisation Profile: Church Denomination": null, "field_13": "10252" }, "geometry": { "type": "Point", "coordinates": [ -0.034986, 53.420208 ] } },
{ "type": "Feature", "properties": { "Contact ID": 4002, "Sort Name": "St Andrew's Church, Wissett  (Blyth Valley Benefice)", "Contact Subtype": null, "Church/Organisation Profile: Church Postcode": "IP19 0JG", "Long": 1.475005, "Lat": 52.360714, "Church/Organisation Profile: Approved by IC": null, "Organisation Details: Date Trustees Approval": null, "Organisation Details: Welcome Email Date": null, "Denom": "Church of England", "Organisation Details: Denomination": null, "Church/Organisation Profile: Church Denomination": null, "field_13": "2343" }, "geometry": { "type": "Point", "coordinates": [ 1.475005, 52.360714 ] } },
{ "type": "Feature", "properties": { "Contact ID": 3977, "Sort Name": "St Andrew's Clewer, Windsor", "Contact Subtype": null, "Church/Organisation Profile: Church Postcode": "SL4 5JH", "Long": -0.625527, "Lat": 51.486657, "Church/Organisation Profile: Approved by IC": null, "Organisation Details: Date Trustees Approval": null, "Organisation Details: Welcome Email Date": null, "Denom": "Church of England", "Organisation Details: Denomination": null, "Church/Organisation Profile: Church Denomination": null, "field_13": "6008" }, "geometry": { "type": "Point", "coordinates": [ -0.625527, 51.486657 ] } },
{ "type": "Feature", "properties": { "Contact ID": 2726, "Sort Name": "St Andrew's Earlsfield", "Contact Subtype": null, "Church/Organisation Profile: Church Postcode": "SW18 4SR", "Long": -0.186792, "Lat": 51.441035, "Church/Organisation Profile: Approved by IC": null, "Organisation Details: Date Trustees Approval": null, "Organisation Details: Welcome Email Date": null, "Denom": null, "Organisation Details: Denomination": null, "Church/Organisation Profile: Church Denomination": null, "field_13": "2583" }, "geometry": { "type": "Point", "coordinates": [ -0.186792, 51.441035 ] } },
{ "type": "Feature", "properties": { "Contact ID": 6398, "Sort Name": "St Andrew's Greenstead (Colchester)", "Contact Subtype": null, "Church/Organisation Profile: Church Postcode": "CO4 3AQ", "Long": 0.928377, "Lat": 51.888417, "Church/Organisation Profile: Approved by IC": null, "Organisation Details: Date Trustees Approval": null, "Organisation Details: Welcome Email Date": null, "Denom": "Church of England", "Organisation Details: Denomination": null, "Church/Organisation Profile: Church Denomination": null, "field_13": "6809" }, "geometry": { "type": "Point", "coordinates": [ 0.928377, 51.888417 ] } },
{ "type": "Feature", "properties": { "Contact ID": 2324, "Sort Name": "St Andrew's Kettering", "Contact Subtype": null, "Church/Organisation Profile: Church Postcode": "NN16 8RG", "Long": -0.723556, "Lat": 52.403147, "Church/Organisation Profile: Approved by IC": null, "Organisation Details: Date Trustees Approval": null, "Organisation Details: Welcome Email Date": null, "Denom": null, "Organisation Details: Denomination": null, "Church/Organisation Profile: Church Denomination": null, "field_13": "2161" }, "geometry": { "type": "Point", "coordinates": [ -0.723556, 52.403147 ] } },
{ "type": "Feature", "properties": { "Contact ID": 235637, "Sort Name": "St Andrew's Kildwick", "Contact Subtype": null, "Church/Organisation Profile: Church Postcode": "BD20 8SH", "Long": -1.995812, "Lat": 53.901819, "Church/Organisation Profile: Approved by IC": null, "Organisation Details: Date Trustees Approval": null, "Organisation Details: Welcome Email Date": null, "Denom": "Church of England", "Organisation Details: Denomination": null, "Church/Organisation Profile: Church Denomination": null, "field_13": "20405" }, "geometry": { "type": "Point", "coordinates": [ -1.995812, 53.901819 ] } },
{ "type": "Feature", "properties": { "Contact ID": 234523, "Sort Name": "St Andrew's Newton Kyme (Tadcaster)", "Contact Subtype": null, "Church/Organisation Profile: Church Postcode": "LS24", "Long": 0.0, "Lat": 0.0, "Church/Organisation Profile: Approved by IC": null, "Organisation Details: Date Trustees Approval": null, "Organisation Details: Welcome Email Date": null, "Denom": "Church of England", "Organisation Details: Denomination": null, "Church/Organisation Profile: Church Denomination": null, "field_13": "6483" }, "geometry": { "type": "Point", "coordinates": [ 0.0, 0.0 ] } },
{ "type": "Feature", "properties": { "Contact ID": 2725, "Sort Name": "St Andrew's Psalter Lane (Sheffield)", "Contact Subtype": null, "Church/Organisation Profile: Church Postcode": "S11 8YL", "Long": -1.491179, "Lat": 53.365941, "Church/Organisation Profile: Approved by IC": null, "Organisation Details: Date Trustees Approval": null, "Organisation Details: Welcome Email Date": null, "Denom": null, "Organisation Details: Denomination": null, "Church/Organisation Profile: Church Denomination": null, "field_13": "2582" }, "geometry": { "type": "Point", "coordinates": [ -1.491179, 53.365941 ] } },
{ "type": "Feature", "properties": { "Contact ID": 2233, "Sort Name": "St Andrew's Rugby", "Contact Subtype": null, "Church/Organisation Profile: Church Postcode": "CV21 3PT", "Long": -1.260276, "Lat": 52.372617, "Church/Organisation Profile: Approved by IC": null, "Organisation Details: Date Trustees Approval": null, "Organisation Details: Welcome Email Date": null, "Denom": null, "Organisation Details: Denomination": null, "Church/Organisation Profile: Church Denomination": null, "field_13": "2058" }, "geometry": { "type": "Point", "coordinates": [ -1.260276, 52.372617 ] } },
{ "type": "Feature", "properties": { "Contact ID": 2515, "Sort Name": "St Andrew's Tower Hill, Highfield (Kirkby)", "Contact Subtype": null, "Church/Organisation Profile: Church Postcode": "L33 1XP", "Long": 0.0, "Lat": 0.0, "Church/Organisation Profile: Approved by IC": null, "Organisation Details: Date Trustees Approval": null, "Organisation Details: Welcome Email Date": null, "Denom": null, "Organisation Details: Denomination": null, "Church/Organisation Profile: Church Denomination": null, "field_13": "2372" }, "geometry": { "type": "Point", "coordinates": [ 0.0, 0.0 ] } },
{ "type": "Feature", "properties": { "Contact ID": 2211, "Sort Name": "St Andrew's URC", "Contact Subtype": null, "Church/Organisation Profile: Church Postcode": "YO11 2LN", "Long": -0.403029, "Lat": 54.273912, "Church/Organisation Profile: Approved by IC": null, "Organisation Details: Date Trustees Approval": null, "Organisation Details: Welcome Email Date": null, "Denom": "URC", "Organisation Details: Denomination": null, "Church/Organisation Profile: Church Denomination": null, "field_13": "C3603" }, "geometry": { "type": "Point", "coordinates": [ -0.403029, 54.273912 ] } },
{ "type": "Feature", "properties": { "Contact ID": 234811, "Sort Name": "St Andrew's, Blackley, Manchester", "Contact Subtype": null, "Church/Organisation Profile: Church Postcode": "M9 8NE", "Long": -2.230567, "Lat": 53.531127, "Church/Organisation Profile: Approved by IC": null, "Organisation Details: Date Trustees Approval": null, "Organisation Details: Welcome Email Date": null, "Denom": null, "Organisation Details: Denomination": null, "Church/Organisation Profile: Church Denomination": null, "field_13": "2211" }, "geometry": { "type": "Point", "coordinates": [ -2.230567, 53.531127 ] } },
{ "type": "Feature", "properties": { "Contact ID": 2279, "Sort Name": "St Andrew's, Church Aston", "Contact Subtype": null, "Church/Organisation Profile: Church Postcode": "TF10 9JG", "Long": -2.37996, "Lat": 52.758436, "Church/Organisation Profile: Approved by IC": null, "Organisation Details: Date Trustees Approval": null, "Organisation Details: Welcome Email Date": null, "Denom": null, "Organisation Details: Denomination": null, "Church/Organisation Profile: Church Denomination": null, "field_13": "5567" }, "geometry": { "type": "Point", "coordinates": [ -2.37996, 52.758436 ] } },
{ "type": "Feature", "properties": { "Contact ID": 2494, "Sort Name": "St Andrews Bramfield", "Contact Subtype": null, "Church/Organisation Profile: Church Postcode": "IP19 9NT", "Long": 1.518284, "Lat": 52.310781, "Church/Organisation Profile: Approved by IC": null, "Organisation Details: Date Trustees Approval": null, "Organisation Details: Welcome Email Date": null, "Denom": null, "Organisation Details: Denomination": null, "Church/Organisation Profile: Church Denomination": null, "field_13": "2351" }, "geometry": { "type": "Point", "coordinates": [ 1.518284, 52.310781 ] } },
{ "type": "Feature", "properties": { "Contact ID": 265263, "Sort Name": "St Andrews Stoke Newington", "Contact Subtype": null, "Church/Organisation Profile: Church Postcode": "N16 5DU", "Long": -0.081102, "Lat": 51.571366, "Church/Organisation Profile: Approved by IC": null, "Organisation Details: Date Trustees Approval": null, "Organisation Details: Welcome Email Date": null, "Denom": "Church of England", "Organisation Details: Denomination": null, "Church/Organisation Profile: Church Denomination": null, "field_13": "21067" }, "geometry": { "type": "Point", "coordinates": [ -0.081102, 51.571366 ] } },
{ "type": "Feature", "properties": { "Contact ID": 6027, "Sort Name": "St Andrews' Romford", "Contact Subtype": null, "Church/Organisation Profile: Church Postcode": "RM7 9AT", "Long": 0.17486, "Lat": 51.574734, "Church/Organisation Profile: Approved by IC": null, "Organisation Details: Date Trustees Approval": null, "Organisation Details: Welcome Email Date": null, "Denom": null, "Organisation Details: Denomination": null, "Church/Organisation Profile: Church Denomination": null, "field_13": "5623" }, "geometry": { "type": "Point", "coordinates": [ 0.17486, 51.574734 ] } },
{ "type": "Feature", "properties": { "Contact ID": 6902, "Sort Name": "St Ann's Manchester", "Contact Subtype": null, "Church/Organisation Profile: Church Postcode": "M2 7LF", "Long": -2.246376, "Lat": 53.481695, "Church/Organisation Profile: Approved by IC": null, "Organisation Details: Date Trustees Approval": null, "Organisation Details: Welcome Email Date": null, "Denom": "Church of England", "Organisation Details: Denomination": null, "Church/Organisation Profile: Church Denomination": null, "field_13": "8607" }, "geometry": { "type": "Point", "coordinates": [ -2.246376, 53.481695 ] } },
{ "type": "Feature", "properties": { "Contact ID": 2568, "Sort Name": "St Anne and All Saints South Lambeth", "Contact Subtype": null, "Church/Organisation Profile: Church Postcode": "SW8 1RZ", "Long": -0.125777, "Lat": 51.482612, "Church/Organisation Profile: Approved by IC": null, "Organisation Details: Date Trustees Approval": null, "Organisation Details: Welcome Email Date": null, "Denom": null, "Organisation Details: Denomination": null, "Church/Organisation Profile: Church Denomination": null, "field_13": "2425" }, "geometry": { "type": "Point", "coordinates": [ -0.125777, 51.482612 ] } },
{ "type": "Feature", "properties": { "Contact ID": 181866, "Sort Name": "St Anne, Greenlands", "Contact Subtype": null, "Church/Organisation Profile: Church Postcode": "FY2", "Long": 0.0, "Lat": 0.0, "Church/Organisation Profile: Approved by IC": null, "Organisation Details: Date Trustees Approval": null, "Organisation Details: Welcome Email Date": null, "Denom": null, "Organisation Details: Denomination": null, "Church/Organisation Profile: Church Denomination": null, "field_13": "9999" }, "geometry": { "type": "Point", "coordinates": [ 0.0, 0.0 ] } },
{ "type": "Feature", "properties": { "Contact ID": 6646, "Sort Name": "St Anne's Bagshot", "Contact Subtype": null, "Church/Organisation Profile: Church Postcode": "GU19 5EQ", "Long": -0.696775, "Lat": 51.360302, "Church/Organisation Profile: Approved by IC": null, "Organisation Details: Date Trustees Approval": null, "Organisation Details: Welcome Email Date": null, "Denom": null, "Organisation Details: Denomination": null, "Church/Organisation Profile: Church Denomination": null, "field_13": "7591" }, "geometry": { "type": "Point", "coordinates": [ -0.696775, 51.360302 ] } },
{ "type": "Feature", "properties": { "Contact ID": 2254, "Sort Name": "St Anne's Church, Luton", "Contact Subtype": null, "Church/Organisation Profile: Church Postcode": "LU2 0QN", "Long": -0.39786, "Lat": 51.883504, "Church/Organisation Profile: Approved by IC": null, "Organisation Details: Date Trustees Approval": null, "Organisation Details: Welcome Email Date": null, "Denom": "Church of England", "Organisation Details: Denomination": null, "Church/Organisation Profile: Church Denomination": null, "field_13": "C2082" }, "geometry": { "type": "Point", "coordinates": [ -0.39786, 51.883504 ] } },
{ "type": "Feature", "properties": { "Contact ID": 2763, "Sort Name": "St Anne's Eastville, Bristol", "Contact Subtype": null, "Church/Organisation Profile: Church Postcode": "BS5 6JN", "Long": -2.55758, "Lat": 51.468678, "Church/Organisation Profile: Approved by IC": null, "Organisation Details: Date Trustees Approval": null, "Organisation Details: Welcome Email Date": null, "Denom": "Church of England", "Organisation Details: Denomination": null, "Church/Organisation Profile: Church Denomination": null, "field_13": "2091" }, "geometry": { "type": "Point", "coordinates": [ -2.55758, 51.468678 ] } },
{ "type": "Feature", "properties": { "Contact ID": 6405, "Sort Name": "St Anne's Fence-in-Pendle", "Contact Subtype": null, "Church/Organisation Profile: Church Postcode": "BB12 9EE", "Long": -2.266851, "Lat": 53.830086, "Church/Organisation Profile: Approved by IC": null, "Organisation Details: Date Trustees Approval": null, "Organisation Details: Welcome Email Date": null, "Denom": "Church of England", "Organisation Details: Denomination": null, "Church/Organisation Profile: Church Denomination": null, "field_13": "6817" }, "geometry": { "type": "Point", "coordinates": [ -2.266851, 53.830086 ] } },
{ "type": "Feature", "properties": { "Contact ID": 2323, "Sort Name": "St Anne's Lydgate", "Contact Subtype": null, "Church/Organisation Profile: Church Postcode": "OL4 4JJ", "Long": -2.040937, "Lat": 53.53502, "Church/Organisation Profile: Approved by IC": null, "Organisation Details: Date Trustees Approval": null, "Organisation Details: Welcome Email Date": null, "Denom": null, "Organisation Details: Denomination": null, "Church/Organisation Profile: Church Denomination": null, "field_13": "2160" }, "geometry": { "type": "Point", "coordinates": [ -2.040937, 53.53502 ] } },
{ "type": "Feature", "properties": { "Contact ID": 182004, "Sort Name": "St Anne's Parish Church, Leicester", "Contact Subtype": null, "Church/Organisation Profile: Church Postcode": "LE3 6HS", "Long": -1.168707, "Lat": 52.636186, "Church/Organisation Profile: Approved by IC": null, "Organisation Details: Date Trustees Approval": null, "Organisation Details: Welcome Email Date": null, "Denom": "C of E", "Organisation Details: Denomination": null, "Church/Organisation Profile: Church Denomination": null, "field_13": "10383" }, "geometry": { "type": "Point", "coordinates": [ -1.168707, 52.636186 ] } },
{ "type": "Feature", "properties": { "Contact ID": 235628, "Sort Name": "St Anne's Scottish Episcopal & Methodist Church, Dunbar", "Contact Subtype": null, "Church/Organisation Profile: Church Postcode": "EH42 1ZN", "Long": -2.502852, "Lat": 55.993487, "Church/Organisation Profile: Approved by IC": null, "Organisation Details: Date Trustees Approval": null, "Organisation Details: Welcome Email Date": null, "Denom": "Scottish Episcopal Church", "Organisation Details: Denomination": null, "Church/Organisation Profile: Church Denomination": null, "field_13": "20469" }, "geometry": { "type": "Point", "coordinates": [ -2.502852, 55.993487 ] } },
{ "type": "Feature", "properties": { "Contact ID": 2724, "Sort Name": "St Anne's Soho", "Contact Subtype": null, "Church/Organisation Profile: Church Postcode": "W1D 6AF", "Long": -0.131874, "Lat": 51.512439, "Church/Organisation Profile: Approved by IC": null, "Organisation Details: Date Trustees Approval": null, "Organisation Details: Welcome Email Date": null, "Denom": null, "Organisation Details: Denomination": null, "Church/Organisation Profile: Church Denomination": null, "field_13": "2581" }, "geometry": { "type": "Point", "coordinates": [ -0.131874, 51.512439 ] } },
{ "type": "Feature", "properties": { "Contact ID": 6393, "Sort Name": "St Anne's with St Faith's Wandsworth", "Contact Subtype": null, "Church/Organisation Profile: Church Postcode": "SW18 2RS", "Long": -0.187749, "Lat": 51.453937, "Church/Organisation Profile: Approved by IC": null, "Organisation Details: Date Trustees Approval": null, "Organisation Details: Welcome Email Date": null, "Denom": null, "Organisation Details: Denomination": null, "Church/Organisation Profile: Church Denomination": null, "field_13": "2575" }, "geometry": { "type": "Point", "coordinates": [ -0.187749, 51.453937 ] } },
{ "type": "Feature", "properties": { "Contact ID": 4001, "Sort Name": "St Augustine of Canterbury, Cambridge (Ascension parish)", "Contact Subtype": null, "Church/Organisation Profile: Church Postcode": "CB4 3PS", "Long": 0.107615, "Lat": 52.219614, "Church/Organisation Profile: Approved by IC": null, "Organisation Details: Date Trustees Approval": null, "Organisation Details: Welcome Email Date": null, "Denom": null, "Organisation Details: Denomination": null, "Church/Organisation Profile: Church Denomination": null, "field_13": "2336" }, "geometry": { "type": "Point", "coordinates": [ 0.107615, 52.219614 ] } },
{ "type": "Feature", "properties": { "Contact ID": 2552, "Sort Name": "St Augustine of Canterbury, North Springfield (Chelmsford)", "Contact Subtype": null, "Church/Organisation Profile: Church Postcode": "CM1 6GX", "Long": 0.49761, "Lat": 51.75108, "Church/Organisation Profile: Approved by IC": null, "Organisation Details: Date Trustees Approval": null, "Organisation Details: Welcome Email Date": null, "Denom": "Anglican, Methodist and United Reformed Church", "Organisation Details: Denomination": null, "Church/Organisation Profile: Church Denomination": null, "field_13": "5846" }, "geometry": { "type": "Point", "coordinates": [ 0.49761, 51.75108 ] } },
{ "type": "Feature", "properties": { "Contact ID": 2645, "Sort Name": "St Augustine, South Croydon", "Contact Subtype": null, "Church/Organisation Profile: Church Postcode": "CR2 6BA", "Long": -0.100093, "Lat": 51.352963, "Church/Organisation Profile: Approved by IC": null, "Organisation Details: Date Trustees Approval": null, "Organisation Details: Welcome Email Date": null, "Denom": null, "Organisation Details: Denomination": null, "Church/Organisation Profile: Church Denomination": null, "field_13": "2502" }, "geometry": { "type": "Point", "coordinates": [ -0.100093, 51.352963 ] } },
{ "type": "Feature", "properties": { "Contact ID": 6546, "Sort Name": "St Augustine's Church, Dunstable", "Contact Subtype": null, "Church/Organisation Profile: Church Postcode": "LU5 4AR", "Long": -0.504472, "Lat": 51.877975, "Church/Organisation Profile: Approved by IC": null, "Organisation Details: Date Trustees Approval": null, "Organisation Details: Welcome Email Date": null, "Denom": "Church of England", "Organisation Details: Denomination": null, "Church/Organisation Profile: Church Denomination": null, "field_13": "7261" }, "geometry": { "type": "Point", "coordinates": [ -0.504472, 51.877975 ] } },
{ "type": "Feature", "properties": { "Contact ID": 265194, "Sort Name": "St Augustine's Church, Penarth", "Contact Subtype": null, "Church/Organisation Profile: Church Postcode": "CF64 1BA", "Long": -3.168217, "Lat": 51.44085, "Church/Organisation Profile: Approved by IC": null, "Organisation Details: Date Trustees Approval": null, "Organisation Details: Welcome Email Date": null, "Denom": "Church in Wales", "Organisation Details: Denomination": null, "Church/Organisation Profile: Church Denomination": null, "field_13": "21083" }, "geometry": { "type": "Point", "coordinates": [ -3.168217, 51.44085 ] } },
{ "type": "Feature", "properties": { "Contact ID": 2280, "Sort Name": "St Augustine's Endcliffe Sheffield", "Contact Subtype": null, "Church/Organisation Profile: Church Postcode": "S11 8RS", "Long": -1.501982, "Lat": 53.368665, "Church/Organisation Profile: Approved by IC": null, "Organisation Details: Date Trustees Approval": null, "Organisation Details: Welcome Email Date": null, "Denom": null, "Organisation Details: Denomination": null, "Church/Organisation Profile: Church Denomination": null, "field_13": "2110" }, "geometry": { "type": "Point", "coordinates": [ -1.501982, 53.368665 ] } },
{ "type": "Feature", "properties": { "Contact ID": 2329, "Sort Name": "St Augustine's Rumney", "Contact Subtype": null, "Church/Organisation Profile: Church Postcode": "CF3 3BA", "Long": -3.133116, "Lat": 51.504966, "Church/Organisation Profile: Approved by IC": null, "Organisation Details: Date Trustees Approval": null, "Organisation Details: Welcome Email Date": null, "Denom": null, "Organisation Details: Denomination": null, "Church/Organisation Profile: Church Denomination": null, "field_13": "5515" }, "geometry": { "type": "Point", "coordinates": [ -3.133116, 51.504966 ] } },
{ "type": "Feature", "properties": { "Contact ID": 2292, "Sort Name": "St Augustine's, Burrough Green (Raddesley)", "Contact Subtype": null, "Church/Organisation Profile: Church Postcode": "CB8 9LY", "Long": 0.391401, "Lat": 52.172848, "Church/Organisation Profile: Approved by IC": null, "Organisation Details: Date Trustees Approval": null, "Organisation Details: Welcome Email Date": null, "Denom": null, "Organisation Details: Denomination": null, "Church/Organisation Profile: Church Denomination": null, "field_13": "2123" }, "geometry": { "type": "Point", "coordinates": [ 0.391401, 52.172848 ] } },
{ "type": "Feature", "properties": { "Contact ID": 265205, "Sort Name": "St Augustines Church, Derby", "Contact Subtype": null, "Church/Organisation Profile: Church Postcode": "DE23 8WA", "Long": -1.479773, "Lat": 52.896348, "Church/Organisation Profile: Approved by IC": null, "Organisation Details: Date Trustees Approval": null, "Organisation Details: Welcome Email Date": null, "Denom": null, "Organisation Details: Denomination": null, "Church/Organisation Profile: Church Denomination": null, "field_13": "21061" }, "geometry": { "type": "Point", "coordinates": [ -1.479773, 52.896348 ] } },
{ "type": "Feature", "properties": { "Contact ID": 2472, "Sort Name": "St Barnabas Beckenham", "Contact Subtype": null, "Church/Organisation Profile: Church Postcode": "BR3 6PP", "Long": -0.01493, "Lat": 51.40504, "Church/Organisation Profile: Approved by IC": null, "Organisation Details: Date Trustees Approval": null, "Organisation Details: Welcome Email Date": null, "Denom": null, "Organisation Details: Denomination": null, "Church/Organisation Profile: Church Denomination": null, "field_13": "2326" }, "geometry": { "type": "Point", "coordinates": [ -0.01493, 51.40504 ] } },
{ "type": "Feature", "properties": { "Contact ID": 2545, "Sort Name": "St Barnabas Bethnal Green", "Contact Subtype": null, "Church/Organisation Profile: Church Postcode": "E3 5TG", "Long": -0.040217, "Lat": 51.531455, "Church/Organisation Profile: Approved by IC": null, "Organisation Details: Date Trustees Approval": null, "Organisation Details: Welcome Email Date": null, "Denom": null, "Organisation Details: Denomination": null, "Church/Organisation Profile: Church Denomination": null, "field_13": "2402" }, "geometry": { "type": "Point", "coordinates": [ -0.040217, 51.531455 ] } },
{ "type": "Feature", "properties": { "Contact ID": 2247, "Sort Name": "St Barnabas Clarksfield Oldham", "Contact Subtype": null, "Church/Organisation Profile: Church Postcode": "OL4 1NL", "Long": -2.087439, "Lat": 53.543039, "Church/Organisation Profile: Approved by IC": null, "Organisation Details: Date Trustees Approval": null, "Organisation Details: Welcome Email Date": null, "Denom": null, "Organisation Details: Denomination": null, "Church/Organisation Profile: Church Denomination": null, "field_13": "2090" }, "geometry": { "type": "Point", "coordinates": [ -2.087439, 53.543039 ] } },
{ "type": "Feature", "properties": { "Contact ID": 235035, "Sort Name": "St Barnabas Erdington (West Mids)", "Contact Subtype": null, "Church/Organisation Profile: Church Postcode": "B23 6SJ", "Long": -1.840953, "Lat": 52.522627, "Church/Organisation Profile: Approved by IC": null, "Organisation Details: Date Trustees Approval": null, "Organisation Details: Welcome Email Date": null, "Denom": null, "Organisation Details: Denomination": null, "Church/Organisation Profile: Church Denomination": null, "field_13": "2257" }, "geometry": { "type": "Point", "coordinates": [ -1.840953, 52.522627 ] } },
{ "type": "Feature", "properties": { "Contact ID": 2219, "Sort Name": "St Barnabas Little Ilford", "Contact Subtype": null, "Church/Organisation Profile: Church Postcode": "E12 6PB", "Long": 0.054614, "Lat": 51.543402, "Church/Organisation Profile: Approved by IC": null, "Organisation Details: Date Trustees Approval": null, "Organisation Details: Welcome Email Date": null, "Denom": null, "Organisation Details: Denomination": null, "Church/Organisation Profile: Church Denomination": null, "field_13": "3612" }, "geometry": { "type": "Point", "coordinates": [ 0.054614, 51.543402 ] } },
{ "type": "Feature", "properties": { "Contact ID": 234406, "Sort Name": "St Barnabas?, Purley (with Kenley)y", "Contact Subtype": null, "Church/Organisation Profile: Church Postcode": "CR8 2HR", "Long": -0.117771, "Lat": 51.329516, "Church/Organisation Profile: Approved by IC": null, "Organisation Details: Date Trustees Approval": null, "Organisation Details: Welcome Email Date": null, "Denom": null, "Organisation Details: Denomination": null, "Church/Organisation Profile: Church Denomination": null, "field_13": "10742" }, "geometry": { "type": "Point", "coordinates": [ -0.117771, 51.329516 ] } },
{ "type": "Feature", "properties": { "Contact ID": 234409, "Sort Name": "St Bartholomew Church Warleggan (with St Neot)", "Contact Subtype": null, "Church/Organisation Profile: Church Postcode": "PL30 4HB", "Long": -4.598974, "Lat": 50.492146, "Church/Organisation Profile: Approved by IC": null, "Organisation Details: Date Trustees Approval": null, "Organisation Details: Welcome Email Date": null, "Denom": "Church of England", "Organisation Details: Denomination": null, "Church/Organisation Profile: Church Denomination": null, "field_13": "8937" }, "geometry": { "type": "Point", "coordinates": [ -4.598974, 50.492146 ] } },
{ "type": "Feature", "properties": { "Contact ID": 2443, "Sort Name": "St Bartholomew Coaley", "Contact Subtype": null, "Church/Organisation Profile: Church Postcode": "GL11 5EB", "Long": -2.332923, "Lat": 51.713499, "Church/Organisation Profile: Approved by IC": null, "Organisation Details: Date Trustees Approval": null, "Organisation Details: Welcome Email Date": null, "Denom": null, "Organisation Details: Denomination": null, "Church/Organisation Profile: Church Denomination": null, "field_13": "2294" }, "geometry": { "type": "Point", "coordinates": [ -2.332923, 51.713499 ] } },
{ "type": "Feature", "properties": { "Contact ID": 2321, "Sort Name": "St Basil & All Saints Hough Green", "Contact Subtype": null, "Church/Organisation Profile: Church Postcode": "WA8 4SZ", "Long": -2.776349, "Lat": 53.377647, "Church/Organisation Profile: Approved by IC": null, "Organisation Details: Date Trustees Approval": null, "Organisation Details: Welcome Email Date": null, "Denom": null, "Organisation Details: Denomination": null, "Church/Organisation Profile: Church Denomination": null, "field_13": "2158" }, "geometry": { "type": "Point", "coordinates": [ -2.776349, 53.377647 ] } },
{ "type": "Feature", "properties": { "Contact ID": 235131, "Sort Name": "St Benedict Glastonbury", "Contact Subtype": null, "Church/Organisation Profile: Church Postcode": "BA6 9NB", "Long": -2.720939, "Lat": 51.146447, "Church/Organisation Profile: Approved by IC": null, "Organisation Details: Date Trustees Approval": null, "Organisation Details: Welcome Email Date": null, "Denom": null, "Organisation Details: Denomination": null, "Church/Organisation Profile: Church Denomination": null, "field_13": "2226" }, "geometry": { "type": "Point", "coordinates": [ -2.720939, 51.146447 ] } },
{ "type": "Feature", "properties": { "Contact ID": 2376, "Sort Name": "St Benedicts Glastonbury", "Contact Subtype": null, "Church/Organisation Profile: Church Postcode": "BA6 9JB", "Long": -2.715587, "Lat": 51.148881, "Church/Organisation Profile: Approved by IC": null, "Organisation Details: Date Trustees Approval": null, "Organisation Details: Welcome Email Date": null, "Denom": null, "Organisation Details: Denomination": null, "Church/Organisation Profile: Church Denomination": null, "field_13": "C2226" }, "geometry": { "type": "Point", "coordinates": [ -2.715587, 51.148881 ] } },
{ "type": "Feature", "properties": { "Contact ID": 235513, "Sort Name": "St Benets, Cambridge", "Contact Subtype": null, "Church/Organisation Profile: Church Postcode": "CB2 3PT", "Long": 0.118495, "Lat": 52.20398, "Church/Organisation Profile: Approved by IC": null, "Organisation Details: Date Trustees Approval": null, "Organisation Details: Welcome Email Date": null, "Denom": "Church of England", "Organisation Details: Denomination": null, "Church/Organisation Profile: Church Denomination": null, "field_13": "12594" }, "geometry": { "type": "Point", "coordinates": [ 0.118495, 52.20398 ] } },
{ "type": "Feature", "properties": { "Contact ID": 2723, "Sort Name": "St Botolph Aldgate", "Contact Subtype": null, "Church/Organisation Profile: Church Postcode": "EC3N 1AB", "Long": -0.076279, "Lat": 51.513977, "Church/Organisation Profile: Approved by IC": null, "Organisation Details: Date Trustees Approval": null, "Organisation Details: Welcome Email Date": null, "Denom": null, "Organisation Details: Denomination": null, "Church/Organisation Profile: Church Denomination": null, "field_13": "2580" }, "geometry": { "type": "Point", "coordinates": [ -0.076279, 51.513977 ] } },
{ "type": "Feature", "properties": { "Contact ID": 5546, "Sort Name": "St Botolph-without-Bishopsgate", "Contact Subtype": null, "Church/Organisation Profile: Church Postcode": "EC2M 3TL", "Long": -0.081288, "Lat": 51.516874, "Church/Organisation Profile: Approved by IC": null, "Organisation Details: Date Trustees Approval": null, "Organisation Details: Welcome Email Date": null, "Denom": "Church of England", "Organisation Details: Denomination": null, "Church/Organisation Profile: Church Denomination": null, "field_13": "4322" }, "geometry": { "type": "Point", "coordinates": [ -0.081288, 51.516874 ] } },
{ "type": "Feature", "properties": { "Contact ID": 2573, "Sort Name": "St Botolph's Boston", "Contact Subtype": null, "Church/Organisation Profile: Church Postcode": "PE21 6NP", "Long": -0.025887, "Lat": 52.979071, "Church/Organisation Profile: Approved by IC": null, "Organisation Details: Date Trustees Approval": null, "Organisation Details: Welcome Email Date": null, "Denom": null, "Organisation Details: Denomination": null, "Church/Organisation Profile: Church Denomination": null, "field_13": "2432" }, "geometry": { "type": "Point", "coordinates": [ -0.025887, 52.979071 ] } },
{ "type": "Feature", "properties": { "Contact ID": 2599, "Sort Name": "St Bride Liverpool ", "Contact Subtype": null, "Church/Organisation Profile: Church Postcode": "L8 7LT", "Long": -2.969365, "Lat": 53.397504, "Church/Organisation Profile: Approved by IC": null, "Organisation Details: Date Trustees Approval": null, "Organisation Details: Welcome Email Date": null, "Denom": "Church of England", "Organisation Details: Denomination": null, "Church/Organisation Profile: Church Denomination": null, "field_13": "2456" }, "geometry": { "type": "Point", "coordinates": [ -2.969365, 53.397504 ] } },
{ "type": "Feature", "properties": { "Contact ID": 6530, "Sort Name": "St Bride's Church", "Contact Subtype": null, "Church/Organisation Profile: Church Postcode": "EC4Y 8AU", "Long": -0.105574, "Lat": 51.513771, "Church/Organisation Profile: Approved by IC": null, "Organisation Details: Date Trustees Approval": null, "Organisation Details: Welcome Email Date": null, "Denom": "Church of England", "Organisation Details: Denomination": null, "Church/Organisation Profile: Church Denomination": null, "field_13": "7212" }, "geometry": { "type": "Point", "coordinates": [ -0.105574, 51.513771 ] } },
{ "type": "Feature", "properties": { "Contact ID": 2584, "Sort Name": "St Bridget's West Kirby (Wirral)", "Contact Subtype": null, "Church/Organisation Profile: Church Postcode": "CH48 7HL", "Long": -3.174504, "Lat": 53.36856, "Church/Organisation Profile: Approved by IC": null, "Organisation Details: Date Trustees Approval": null, "Organisation Details: Welcome Email Date": null, "Denom": null, "Organisation Details: Denomination": null, "Church/Organisation Profile: Church Denomination": null, "field_13": "5400" }, "geometry": { "type": "Point", "coordinates": [ -3.174504, 53.36856 ] } },
{ "type": "Feature", "properties": { "Contact ID": 234720, "Sort Name": "St Catherine of Siena, Cocking with West Lavington (Churches Under the Downs)", "Contact Subtype": null, "Church/Organisation Profile: Church Postcode": "GU29 0HJ", "Long": -0.748966, "Lat": 50.95106, "Church/Organisation Profile: Approved by IC": null, "Organisation Details: Date Trustees Approval": null, "Organisation Details: Welcome Email Date": null, "Denom": null, "Organisation Details: Denomination": null, "Church/Organisation Profile: Church Denomination": null, "field_13": "4504" }, "geometry": { "type": "Point", "coordinates": [ -0.748966, 50.95106 ] } },
{ "type": "Feature", "properties": { "Contact ID": 2309, "Sort Name": "St Catherine, Cricieth (Bro Eifionydd)", "Contact Subtype": null, "Church/Organisation Profile: Church Postcode": "LL52 0AB", "Long": -4.234733, "Lat": 52.920356, "Church/Organisation Profile: Approved by IC": null, "Organisation Details: Date Trustees Approval": null, "Organisation Details: Welcome Email Date": null, "Denom": "Church in Wales", "Organisation Details: Denomination": null, "Church/Organisation Profile: Church Denomination": null, "field_13": "2140" }, "geometry": { "type": "Point", "coordinates": [ -4.234733, 52.920356 ] } },
{ "type": "Feature", "properties": { "Contact ID": 2768, "Sort Name": "St Catherine's Cardiff", "Contact Subtype": null, "Church/Organisation Profile: Church Postcode": "CF11 9DE", "Long": -3.198641, "Lat": 51.485081, "Church/Organisation Profile: Approved by IC": null, "Organisation Details: Date Trustees Approval": null, "Organisation Details: Welcome Email Date": null, "Denom": "CinW", "Organisation Details: Denomination": null, "Church/Organisation Profile: Church Denomination": null, "field_13": "2335" }, "geometry": { "type": "Point", "coordinates": [ -3.198641, 51.485081 ] } },
{ "type": "Feature", "properties": { "Contact ID": 6030, "Sort Name": "St Catherine's Mile Cross (Norwich)", "Contact Subtype": null, "Church/Organisation Profile: Church Postcode": "NR3 2RJ", "Long": 1.280546, "Lat": 52.649646, "Church/Organisation Profile: Approved by IC": null, "Organisation Details: Date Trustees Approval": null, "Organisation Details: Welcome Email Date": null, "Denom": "Church of England", "Organisation Details: Denomination": null, "Church/Organisation Profile: Church Denomination": null, "field_13": "5631" }, "geometry": { "type": "Point", "coordinates": [ 1.280546, 52.649646 ] } },
{ "type": "Feature", "properties": { "Contact ID": 2310, "Sort Name": "St Cawrdaf Abererch", "Contact Subtype": null, "Church/Organisation Profile: Church Postcode": "LL53 6YU", "Long": -4.385356, "Lat": 52.903302, "Church/Organisation Profile: Approved by IC": null, "Organisation Details: Date Trustees Approval": null, "Organisation Details: Welcome Email Date": null, "Denom": "Church in Wales", "Organisation Details: Denomination": null, "Church/Organisation Profile: Church Denomination": null, "field_13": "2141" }, "geometry": { "type": "Point", "coordinates": [ -4.385356, 52.903302 ] } },
{ "type": "Feature", "properties": { "Contact ID": 2501, "Sort Name": "St Chad, York", "Contact Subtype": null, "Church/Organisation Profile: Church Postcode": "YO23 1EY", "Long": -1.091528, "Lat": 53.94331, "Church/Organisation Profile: Approved by IC": null, "Organisation Details: Date Trustees Approval": null, "Organisation Details: Welcome Email Date": null, "Denom": null, "Organisation Details: Denomination": null, "Church/Organisation Profile: Church Denomination": null, "field_13": "2358" }, "geometry": { "type": "Point", "coordinates": [ -1.091528, 53.94331 ] } },
{ "type": "Feature", "properties": { "Contact ID": 2364, "Sort Name": "St Chad's and St Mark's, Wolverhampton (ChadMark)", "Contact Subtype": null, "Church/Organisation Profile: Church Postcode": "WV1 1RG", "Long": -2.129572, "Lat": 52.587057, "Church/Organisation Profile: Approved by IC": null, "Organisation Details: Date Trustees Approval": null, "Organisation Details: Welcome Email Date": null, "Denom": null, "Organisation Details: Denomination": null, "Church/Organisation Profile: Church Denomination": null, "field_13": "2208" }, "geometry": { "type": "Point", "coordinates": [ -2.129572, 52.587057 ] } },
{ "type": "Feature", "properties": { "Contact ID": 2581, "Sort Name": "St Chad's Church, Bensham, Gateshead", "Contact Subtype": null, "Church/Organisation Profile: Church Postcode": "NE8 4QL", "Long": -1.61065, "Lat": 54.949363, "Church/Organisation Profile: Approved by IC": null, "Organisation Details: Date Trustees Approval": null, "Organisation Details: Welcome Email Date": null, "Denom": null, "Organisation Details: Denomination": null, "Church/Organisation Profile: Church Denomination": null, "field_13": "2438" }, "geometry": { "type": "Point", "coordinates": [ -1.61065, 54.949363 ] } },
{ "type": "Feature", "properties": { "Contact ID": 2784, "Sort Name": "St Chad's Ladybarn", "Contact Subtype": null, "Church/Organisation Profile: Church Postcode": "M20 4WH", "Long": -2.21609, "Lat": 53.434385, "Church/Organisation Profile: Approved by IC": null, "Organisation Details: Date Trustees Approval": null, "Organisation Details: Welcome Email Date": null, "Denom": null, "Organisation Details: Denomination": null, "Church/Organisation Profile: Church Denomination": null, "field_13": "2200" }, "geometry": { "type": "Point", "coordinates": [ -2.21609, 53.434385 ] } },
{ "type": "Feature", "properties": { "Contact ID": 2615, "Sort Name": "St Chad's Shrewsbury", "Contact Subtype": null, "Church/Organisation Profile: Church Postcode": "SY1 1JX", "Long": -2.75896, "Lat": 52.707316, "Church/Organisation Profile: Approved by IC": null, "Organisation Details: Date Trustees Approval": null, "Organisation Details: Welcome Email Date": null, "Denom": null, "Organisation Details: Denomination": null, "Church/Organisation Profile: Church Denomination": null, "field_13": "2472" }, "geometry": { "type": "Point", "coordinates": [ -2.75896, 52.707316 ] } },
{ "type": "Feature", "properties": { "Contact ID": 234418, "Sort Name": "St Chad's Stafford", "Contact Subtype": null, "Church/Organisation Profile: Church Postcode": "ST18 0QW", "Long": -1.987214, "Lat": 52.790798, "Church/Organisation Profile: Approved by IC": null, "Organisation Details: Date Trustees Approval": null, "Organisation Details: Welcome Email Date": null, "Denom": null, "Organisation Details: Denomination": null, "Church/Organisation Profile: Church Denomination": null, "field_13": "4400" }, "geometry": { "type": "Point", "coordinates": [ -1.987214, 52.790798 ] } },
{ "type": "Feature", "properties": { "Contact ID": 3989, "Sort Name": "St Christopher Luton (with St Anne)", "Contact Subtype": null, "Church/Organisation Profile: Church Postcode": "LU2 7NB", "Long": -0.40314, "Lat": 51.892379, "Church/Organisation Profile: Approved by IC": null, "Organisation Details: Date Trustees Approval": null, "Organisation Details: Welcome Email Date": null, "Denom": null, "Organisation Details: Denomination": null, "Church/Organisation Profile: Church Denomination": null, "field_13": "2081" }, "geometry": { "type": "Point", "coordinates": [ -0.40314, 51.892379 ] } },
{ "type": "Feature", "properties": { "Contact ID": 2646, "Sort Name": "St Christopher Warlingham", "Contact Subtype": null, "Church/Organisation Profile: Church Postcode": "CR6 9EQ", "Long": -0.04153, "Lat": 51.308689, "Church/Organisation Profile: Approved by IC": null, "Organisation Details: Date Trustees Approval": null, "Organisation Details: Welcome Email Date": null, "Denom": null, "Organisation Details: Denomination": null, "Church/Organisation Profile: Church Denomination": null, "field_13": "2503" }, "geometry": { "type": "Point", "coordinates": [ -0.04153, 51.308689 ] } },
{ "type": "Feature", "properties": { "Contact ID": 2574, "Sort Name": "St Christopher's Church Boston", "Contact Subtype": null, "Church/Organisation Profile: Church Postcode": "PE21 8HY", "Long": -0.042405, "Lat": 52.983057, "Church/Organisation Profile: Approved by IC": null, "Organisation Details: Date Trustees Approval": null, "Organisation Details: Welcome Email Date": null, "Denom": null, "Organisation Details: Denomination": null, "Church/Organisation Profile: Church Denomination": null, "field_13": "2431" }, "geometry": { "type": "Point", "coordinates": [ -0.042405, 52.983057 ] } },
{ "type": "Feature", "properties": { "Contact ID": 2722, "Sort Name": "St Christopher's, Walworth (London)", "Contact Subtype": null, "Church/Organisation Profile: Church Postcode": "SE17 1QR", "Long": -0.085771, "Lat": 51.490742, "Church/Organisation Profile: Approved by IC": null, "Organisation Details: Date Trustees Approval": null, "Organisation Details: Welcome Email Date": null, "Denom": "Church of England", "Organisation Details: Denomination": null, "Church/Organisation Profile: Church Denomination": null, "field_13": "2579" }, "geometry": { "type": "Point", "coordinates": [ -0.085771, 51.490742 ] } },
{ "type": "Feature", "properties": { "Contact ID": 234846, "Sort Name": "St Christopher's, Withington (with West Didsbury)", "Contact Subtype": null, "Church/Organisation Profile: Church Postcode": "M20 1HE", "Long": -2.245978, "Lat": 53.43332, "Church/Organisation Profile: Approved by IC": null, "Organisation Details: Date Trustees Approval": null, "Organisation Details: Welcome Email Date": null, "Denom": "Church of England", "Organisation Details: Denomination": null, "Church/Organisation Profile: Church Denomination": null, "field_13": "2194" }, "geometry": { "type": "Point", "coordinates": [ -2.245978, 53.43332 ] } },
{ "type": "Feature", "properties": { "Contact ID": 2776, "Sort Name": "St Chrysostom's Manchester", "Contact Subtype": null, "Church/Organisation Profile: Church Postcode": "M14 5BG", "Long": -2.219177, "Lat": 53.458001, "Church/Organisation Profile: Approved by IC": null, "Organisation Details: Date Trustees Approval": null, "Organisation Details: Welcome Email Date": null, "Denom": null, "Organisation Details: Denomination": null, "Church/Organisation Profile: Church Denomination": null, "field_13": "2112" }, "geometry": { "type": "Point", "coordinates": [ -2.219177, 53.458001 ] } },
{ "type": "Feature", "properties": { "Contact ID": 85638, "Sort Name": "St Clare's at the Cathedral", "Contact Subtype": null, "Church/Organisation Profile: Church Postcode": "CV1 5FB", "Long": -1.500054, "Lat": 52.405331, "Church/Organisation Profile: Approved by IC": null, "Organisation Details: Date Trustees Approval": null, "Organisation Details: Welcome Email Date": null, "Denom": "Church of England", "Organisation Details: Denomination": null, "Church/Organisation Profile: Church Denomination": null, "field_13": "9157" }, "geometry": { "type": "Point", "coordinates": [ -1.500054, 52.405331 ] } },
{ "type": "Feature", "properties": { "Contact ID": 2430, "Sort Name": "St Clement Finsbury", "Contact Subtype": null, "Church/Organisation Profile: Church Postcode": "EC1V 8DA", "Long": -0.097567, "Lat": 51.527787, "Church/Organisation Profile: Approved by IC": null, "Organisation Details: Date Trustees Approval": null, "Organisation Details: Welcome Email Date": null, "Denom": null, "Organisation Details: Denomination": null, "Church/Organisation Profile: Church Denomination": null, "field_13": "2281" }, "geometry": { "type": "Point", "coordinates": [ -0.097567, 51.527787 ] } },
{ "type": "Feature", "properties": { "Contact ID": 3982, "Sort Name": "St Clement with St Peter Dulwich", "Contact Subtype": null, "Church/Organisation Profile: Church Postcode": "SE22 0AY", "Long": -0.0681, "Lat": 51.453501, "Church/Organisation Profile: Approved by IC": null, "Organisation Details: Date Trustees Approval": null, "Organisation Details: Welcome Email Date": null, "Denom": null, "Organisation Details: Denomination": null, "Church/Organisation Profile: Church Denomination": null, "field_13": "3777" }, "geometry": { "type": "Point", "coordinates": [ -0.0681, 51.453501 ] } },
{ "type": "Feature", "properties": { "Contact ID": 2610, "Sort Name": "St Clement's Church Ordsall and Salford Quays", "Contact Subtype": null, "Church/Organisation Profile: Church Postcode": "M5 3LQ", "Long": -2.276623, "Lat": 53.472731, "Church/Organisation Profile: Approved by IC": null, "Organisation Details: Date Trustees Approval": null, "Organisation Details: Welcome Email Date": null, "Denom": null, "Organisation Details: Denomination": null, "Church/Organisation Profile: Church Denomination": null, "field_13": "2467" }, "geometry": { "type": "Point", "coordinates": [ -2.276623, 53.472731 ] } },
{ "type": "Feature", "properties": { "Contact ID": 234539, "Sort Name": "St Clement's Church, Chorlton", "Contact Subtype": null, "Church/Organisation Profile: Church Postcode": "M21 9AE", "Long": -2.284273, "Lat": 53.440498, "Church/Organisation Profile: Approved by IC": null, "Organisation Details: Date Trustees Approval": null, "Organisation Details: Welcome Email Date": null, "Denom": "Church of England", "Organisation Details: Denomination": null, "Church/Organisation Profile: Church Denomination": null, "field_13": "2465" }, "geometry": { "type": "Point", "coordinates": [ -2.284273, 53.440498 ] } },
{ "type": "Feature", "properties": { "Contact ID": 2407, "Sort Name": "St Clement's Notting Dale", "Contact Subtype": null, "Church/Organisation Profile: Church Postcode": "W11 4BP", "Long": -0.214515, "Lat": 51.512359, "Church/Organisation Profile: Approved by IC": null, "Organisation Details: Date Trustees Approval": null, "Organisation Details: Welcome Email Date": null, "Denom": null, "Organisation Details: Denomination": null, "Church/Organisation Profile: Church Denomination": null, "field_13": "C2259" }, "geometry": { "type": "Point", "coordinates": [ -0.214515, 51.512359 ] } },
{ "type": "Feature", "properties": { "Contact ID": 2423, "Sort Name": "St Clements Leigh on Sea", "Contact Subtype": null, "Church/Organisation Profile: Church Postcode": "SS9 1PG", "Long": 0.659302, "Lat": 51.54173, "Church/Organisation Profile: Approved by IC": null, "Organisation Details: Date Trustees Approval": null, "Organisation Details: Welcome Email Date": null, "Denom": null, "Organisation Details: Denomination": null, "Church/Organisation Profile: Church Denomination": null, "field_13": "2274" }, "geometry": { "type": "Point", "coordinates": [ 0.659302, 51.54173 ] } },
{ "type": "Feature", "properties": { "Contact ID": 234653, "Sort Name": "St Columba by the Castle, Edinburgh", "Contact Subtype": null, "Church/Organisation Profile: Church Postcode": "EH1 2PW", "Long": -3.194916, "Lat": 55.948503, "Church/Organisation Profile: Approved by IC": null, "Organisation Details: Date Trustees Approval": null, "Organisation Details: Welcome Email Date": null, "Denom": "Scottish Episcopal Church", "Organisation Details: Denomination": null, "Church/Organisation Profile: Church Denomination": null, "field_13": "5104" }, "geometry": { "type": "Point", "coordinates": [ -3.194916, 55.948503 ] } },
{ "type": "Feature", "properties": { "Contact ID": 3961, "Sort Name": "St Columba, Wideopen", "Contact Subtype": null, "Church/Organisation Profile: Church Postcode": "NE13 6NH", "Long": -1.625449, "Lat": 55.052175, "Church/Organisation Profile: Approved by IC": null, "Organisation Details: Date Trustees Approval": null, "Organisation Details: Welcome Email Date": null, "Denom": "Church of England", "Organisation Details: Denomination": null, "Church/Organisation Profile: Church Denomination": null, "field_13": "3529" }, "geometry": { "type": "Point", "coordinates": [ -1.625449, 55.052175 ] } },
{ "type": "Feature", "properties": { "Contact ID": 2239, "Sort Name": "St Columba's URC, Oxford", "Contact Subtype": null, "Church/Organisation Profile: Church Postcode": "OX1 4EH", "Long": -1.255546, "Lat": 51.751781, "Church/Organisation Profile: Approved by IC": null, "Organisation Details: Date Trustees Approval": null, "Organisation Details: Welcome Email Date": null, "Denom": null, "Organisation Details: Denomination": null, "Church/Organisation Profile: Church Denomination": null, "field_13": "5424" }, "geometry": { "type": "Point", "coordinates": [ -1.255546, 51.751781 ] } },
{ "type": "Feature", "properties": { "Contact ID": 2341, "Sort Name": "St Cuthbert and St Aidan", "Contact Subtype": null, "Church/Organisation Profile: Church Postcode": "PO3 6DE", "Long": -1.061478, "Lat": 50.80503, "Church/Organisation Profile: Approved by IC": null, "Organisation Details: Date Trustees Approval": null, "Organisation Details: Welcome Email Date": null, "Denom": null, "Organisation Details: Denomination": null, "Church/Organisation Profile: Church Denomination": null, "field_13": "2178" }, "geometry": { "type": "Point", "coordinates": [ -1.061478, 50.80503 ] } },
{ "type": "Feature", "properties": { "Contact ID": 265410, "Sort Name": "St Cuthbert's Halsall", "Contact Subtype": null, "Church/Organisation Profile: Church Postcode": "L39 8RN", "Long": -2.949614, "Lat": 53.588278, "Church/Organisation Profile: Approved by IC": null, "Organisation Details: Date Trustees Approval": null, "Organisation Details: Welcome Email Date": null, "Denom": "Church of England", "Organisation Details: Denomination": null, "Church/Organisation Profile: Church Denomination": null, "field_13": "22241" }, "geometry": { "type": "Point", "coordinates": [ -2.949614, 53.588278 ] } },
{ "type": "Feature", "properties": { "Contact ID": 6564, "Sort Name": "St Cuthbert's, Haydon Bridge", "Contact Subtype": null, "Church/Organisation Profile: Church Postcode": "NE47 6JG", "Long": -2.247777, "Lat": 54.974056, "Church/Organisation Profile: Approved by IC": null, "Organisation Details: Date Trustees Approval": null, "Organisation Details: Welcome Email Date": null, "Denom": "Church of England", "Organisation Details: Denomination": null, "Church/Organisation Profile: Church Denomination": null, "field_13": "7306" }, "geometry": { "type": "Point", "coordinates": [ -2.247777, 54.974056 ] } },
{ "type": "Feature", "properties": { "Contact ID": 2307, "Sort Name": "St Cybi, Llangybi", "Contact Subtype": null, "Church/Organisation Profile: Church Postcode": "LL53 6TD", "Long": -4.330123, "Lat": 52.955289, "Church/Organisation Profile: Approved by IC": null, "Organisation Details: Date Trustees Approval": null, "Organisation Details: Welcome Email Date": null, "Denom": null, "Organisation Details: Denomination": null, "Church/Organisation Profile: Church Denomination": null, "field_13": "2138" }, "geometry": { "type": "Point", "coordinates": [ -4.330123, 52.955289 ] } },
{ "type": "Feature", "properties": { "Contact ID": 2304, "Sort Name": "St Cyngar, Borth y Gest", "Contact Subtype": null, "Church/Organisation Profile: Church Postcode": "LL49 9TP", "Long": -4.134965, "Lat": 52.917741, "Church/Organisation Profile: Approved by IC": null, "Organisation Details: Date Trustees Approval": null, "Organisation Details: Welcome Email Date": null, "Denom": "Church in Wales", "Organisation Details: Denomination": null, "Church/Organisation Profile: Church Denomination": null, "field_13": "2135" }, "geometry": { "type": "Point", "coordinates": [ -4.134965, 52.917741 ] } },
{ "type": "Feature", "properties": { "Contact ID": 2330, "Sort Name": "St David's Childwall", "Contact Subtype": null, "Church/Organisation Profile: Church Postcode": "L16 1JA", "Long": -2.89706, "Lat": 53.402041, "Church/Organisation Profile: Approved by IC": null, "Organisation Details: Date Trustees Approval": null, "Organisation Details: Welcome Email Date": null, "Denom": null, "Organisation Details: Denomination": null, "Church/Organisation Profile: Church Denomination": null, "field_13": "2167" }, "geometry": { "type": "Point", "coordinates": [ -2.89706, 53.402041 ] } },
{ "type": "Feature", "properties": { "Contact ID": 2232, "Sort Name": "St David's Uniting Church, Pontypridd", "Contact Subtype": null, "Church/Organisation Profile: Church Postcode": "CF37 2BW", "Long": -3.341109, "Lat": 51.603699, "Church/Organisation Profile: Approved by IC": null, "Organisation Details: Date Trustees Approval": null, "Organisation Details: Welcome Email Date": null, "Denom": "Baptist Union of Great Britain, United Reformed Church & Presbyterian Church of Wales", "Organisation Details: Denomination": null, "Church/Organisation Profile: Church Denomination": null, "field_13": "2055" }, "geometry": { "type": "Point", "coordinates": [ -3.341109, 51.603699 ] } },
{ "type": "Feature", "properties": { "Contact ID": 235697, "Sort Name": "St Denys, Chilworth", "Contact Subtype": null, "Church/Organisation Profile: Church Postcode": "SO16 7NN", "Long": -1.42177, "Lat": 50.966722, "Church/Organisation Profile: Approved by IC": null, "Organisation Details: Date Trustees Approval": null, "Organisation Details: Welcome Email Date": null, "Denom": "Church of England", "Organisation Details: Denomination": null, "Church/Organisation Profile: Church Denomination": null, "field_13": "20459" }, "geometry": { "type": "Point", "coordinates": [ -1.42177, 50.966722 ] } },
{ "type": "Feature", "properties": { "Contact ID": 2563, "Sort Name": "St Dunstan and All Saints Stepney", "Contact Subtype": null, "Church/Organisation Profile: Church Postcode": "E1 0NR", "Long": -0.041665, "Lat": 51.516884, "Church/Organisation Profile: Approved by IC": null, "Organisation Details: Date Trustees Approval": null, "Organisation Details: Welcome Email Date": null, "Denom": null, "Organisation Details: Denomination": null, "Church/Organisation Profile: Church Denomination": null, "field_13": "2420" }, "geometry": { "type": "Point", "coordinates": [ -0.041665, 51.516884 ] } },
{ "type": "Feature", "properties": { "Contact ID": 2598, "Sort Name": "St Dunstan Edge Hill (St Luke-in-the-City, Liverpool)", "Contact Subtype": null, "Church/Organisation Profile: Church Postcode": "L7 6HD", "Long": -2.943016, "Lat": 53.398892, "Church/Organisation Profile: Approved by IC": null, "Organisation Details: Date Trustees Approval": null, "Organisation Details: Welcome Email Date": null, "Denom": null, "Organisation Details: Denomination": null, "Church/Organisation Profile: Church Denomination": null, "field_13": "2455" }, "geometry": { "type": "Point", "coordinates": [ -2.943016, 53.398892 ] } },
{ "type": "Feature", "properties": { "Contact ID": 265284, "Sort Name": "St Dunstan's, Cheam", "Contact Subtype": null, "Church/Organisation Profile: Church Postcode": "SM3 8QH", "Long": -0.216876, "Lat": 51.360527, "Church/Organisation Profile: Approved by IC": null, "Organisation Details: Date Trustees Approval": null, "Organisation Details: Welcome Email Date": null, "Denom": "Church of England", "Organisation Details: Denomination": null, "Church/Organisation Profile: Church Denomination": null, "field_13": "21431" }, "geometry": { "type": "Point", "coordinates": [ -0.216876, 51.360527 ] } },
{ "type": "Feature", "properties": { "Contact ID": 2633, "Sort Name": "St Ebba's, Eyemouth", "Contact Subtype": null, "Church/Organisation Profile: Church Postcode": "TD14 5EL", "Long": -2.091742, "Lat": 55.872019, "Church/Organisation Profile: Approved by IC": null, "Organisation Details: Date Trustees Approval": null, "Organisation Details: Welcome Email Date": null, "Denom": "Scottish Episcopal Church", "Organisation Details: Denomination": null, "Church/Organisation Profile: Church Denomination": null, "field_13": "2490" }, "geometry": { "type": "Point", "coordinates": [ -2.091742, 55.872019 ] } },
{ "type": "Feature", "properties": { "Contact ID": 181964, "Sort Name": "St Edith's Church, Little Grimsby, Lincolnshire", "Contact Subtype": null, "Church/Organisation Profile: Church Postcode": "LN11 8SW", "Long": 0.09225, "Lat": 53.369122, "Church/Organisation Profile: Approved by IC": null, "Organisation Details: Date Trustees Approval": null, "Organisation Details: Welcome Email Date": null, "Denom": "Church of England", "Organisation Details: Denomination": null, "Church/Organisation Profile: Church Denomination": null, "field_13": "10247" }, "geometry": { "type": "Point", "coordinates": [ 0.09225, 53.369122 ] } },
{ "type": "Feature", "properties": { "Contact ID": 5646, "Sort Name": "St Edmund's Shipston on Stour", "Contact Subtype": null, "Church/Organisation Profile: Church Postcode": "CV36 4AP", "Long": -1.623268, "Lat": 52.063447, "Church/Organisation Profile: Approved by IC": null, "Organisation Details: Date Trustees Approval": null, "Organisation Details: Welcome Email Date": null, "Denom": "Church of England", "Organisation Details: Denomination": null, "Church/Organisation Profile: Church Denomination": null, "field_13": "4636" }, "geometry": { "type": "Point", "coordinates": [ -1.623268, 52.063447 ] } },
{ "type": "Feature", "properties": { "Contact ID": 6260, "Sort Name": "ST Edmunds Allenton and Shelton Lock", "Contact Subtype": null, "Church/Organisation Profile: Church Postcode": "DE24", "Long": 0.0, "Lat": 0.0, "Church/Organisation Profile: Approved by IC": null, "Organisation Details: Date Trustees Approval": null, "Organisation Details: Welcome Email Date": null, "Denom": "Church of England", "Organisation Details: Denomination": null, "Church/Organisation Profile: Church Denomination": null, "field_13": "6486" }, "geometry": { "type": "Point", "coordinates": [ 0.0, 0.0 ] } },
{ "type": "Feature", "properties": { "Contact ID": 2431, "Sort Name": "St Edmundsbury Cathedral", "Contact Subtype": null, "Church/Organisation Profile: Church Postcode": "IP33 1LS", "Long": 0.716449, "Lat": 52.244291, "Church/Organisation Profile: Approved by IC": null, "Organisation Details: Date Trustees Approval": null, "Organisation Details: Welcome Email Date": null, "Denom": null, "Organisation Details: Denomination": null, "Church/Organisation Profile: Church Denomination": null, "field_13": "2282" }, "geometry": { "type": "Point", "coordinates": [ 0.716449, 52.244291 ] } },
{ "type": "Feature", "properties": { "Contact ID": 2620, "Sort Name": "St Edward (King & Martyr) Cambridge", "Contact Subtype": null, "Church/Organisation Profile: Church Postcode": "CB2 3PP", "Long": 0.118733, "Lat": 52.204371, "Church/Organisation Profile: Approved by IC": null, "Organisation Details: Date Trustees Approval": null, "Organisation Details: Welcome Email Date": null, "Denom": null, "Organisation Details: Denomination": null, "Church/Organisation Profile: Church Denomination": null, "field_13": "2477" }, "geometry": { "type": "Point", "coordinates": [ 0.118733, 52.204371 ] } },
{ "type": "Feature", "properties": { "Contact ID": 2757, "Sort Name": "St Edward the Confessor Mottingham", "Contact Subtype": null, "Church/Organisation Profile: Church Postcode": "SE9 4AQ", "Long": 0.048113, "Lat": 51.426483, "Church/Organisation Profile: Approved by IC": null, "Organisation Details: Date Trustees Approval": null, "Organisation Details: Welcome Email Date": null, "Denom": "Church of England", "Organisation Details: Denomination": null, "Church/Organisation Profile: Church Denomination": null, "field_13": "2614" }, "geometry": { "type": "Point", "coordinates": [ 0.048113, 51.426483 ] } },
{ "type": "Feature", "properties": { "Contact ID": 2720, "Sort Name": "St Edward, King & Confessor, New Addington (Croydon)", "Contact Subtype": null, "Church/Organisation Profile: Church Postcode": "CR0 0DL", "Long": -0.013711, "Lat": 51.338554, "Church/Organisation Profile: Approved by IC": null, "Organisation Details: Date Trustees Approval": null, "Organisation Details: Welcome Email Date": null, "Denom": null, "Organisation Details: Denomination": null, "Church/Organisation Profile: Church Denomination": null, "field_13": "2577" }, "geometry": { "type": "Point", "coordinates": [ -0.013711, 51.338554 ] } },
{ "type": "Feature", "properties": { "Contact ID": 6756, "Sort Name": "St Edward's, Burgess Hill", "Contact Subtype": null, "Church/Organisation Profile: Church Postcode": "RH15 9TD", "Long": -0.14896, "Lat": 50.96001, "Church/Organisation Profile: Approved by IC": null, "Organisation Details: Date Trustees Approval": null, "Organisation Details: Welcome Email Date": null, "Denom": "Church of England", "Organisation Details: Denomination": null, "Church/Organisation Profile: Church Denomination": null, "field_13": "7961" }, "geometry": { "type": "Point", "coordinates": [ -0.14896, 50.96001 ] } },
{ "type": "Feature", "properties": { "Contact ID": 2719, "Sort Name": "St Elisabeth Reddish (Stockport)", "Contact Subtype": null, "Church/Organisation Profile: Church Postcode": "SK5 6DH", "Long": -2.163309, "Lat": 53.436078, "Church/Organisation Profile: Approved by IC": null, "Organisation Details: Date Trustees Approval": null, "Organisation Details: Welcome Email Date": null, "Denom": null, "Organisation Details: Denomination": null, "Church/Organisation Profile: Church Denomination": null, "field_13": "2576" }, "geometry": { "type": "Point", "coordinates": [ -2.163309, 53.436078 ] } },
{ "type": "Feature", "properties": { "Contact ID": 3941, "Sort Name": "St Etheldreda's, White Notley", "Contact Subtype": null, "Church/Organisation Profile: Church Postcode": "CM8 1RY", "Long": 0.589974, "Lat": 51.834724, "Church/Organisation Profile: Approved by IC": null, "Organisation Details: Date Trustees Approval": null, "Organisation Details: Welcome Email Date": null, "Denom": "Church of England", "Organisation Details: Denomination": null, "Church/Organisation Profile: Church Denomination": null, "field_13": "3498" }, "geometry": { "type": "Point", "coordinates": [ 0.589974, 51.834724 ] } },
{ "type": "Feature", "properties": { "Contact ID": 2333, "Sort Name": "St Faith and St Laurence", "Contact Subtype": null, "Church/Organisation Profile: Church Postcode": "B32 2EL", "Long": -1.976371, "Lat": 52.462579, "Church/Organisation Profile: Approved by IC": null, "Organisation Details: Date Trustees Approval": null, "Organisation Details: Welcome Email Date": null, "Denom": null, "Organisation Details: Denomination": null, "Church/Organisation Profile: Church Denomination": null, "field_13": "C2170" }, "geometry": { "type": "Point", "coordinates": [ -1.976371, 52.462579 ] } },
{ "type": "Feature", "properties": { "Contact ID": 234964, "Sort Name": "St Faith and St Laurence, Harborne, Birmingham", "Contact Subtype": null, "Church/Organisation Profile: Church Postcode": "B17 8RD", "Long": -1.971206, "Lat": 52.462102, "Church/Organisation Profile: Approved by IC": null, "Organisation Details: Date Trustees Approval": null, "Organisation Details: Welcome Email Date": null, "Denom": null, "Organisation Details: Denomination": null, "Church/Organisation Profile: Church Denomination": null, "field_13": "2170" }, "geometry": { "type": "Point", "coordinates": [ -1.971206, 52.462102 ] } },
{ "type": "Feature", "properties": { "Contact ID": 2401, "Sort Name": "St Faith's Church, Hitchin", "Contact Subtype": null, "Church/Organisation Profile: Church Postcode": "SG4 0AS", "Long": -0.257291, "Lat": 51.956902, "Church/Organisation Profile: Approved by IC": null, "Organisation Details: Date Trustees Approval": null, "Organisation Details: Welcome Email Date": null, "Denom": null, "Organisation Details: Denomination": null, "Church/Organisation Profile: Church Denomination": null, "field_13": "C2252" }, "geometry": { "type": "Point", "coordinates": [ -0.257291, 51.956902 ] } },
{ "type": "Feature", "properties": { "Contact ID": 235122, "Sort Name": "St Finnian's, Scottish Episcopal Church, Lochgelly, Fife", "Contact Subtype": null, "Church/Organisation Profile: Church Postcode": "KY5 9AT", "Long": -3.320682, "Lat": 56.122282, "Church/Organisation Profile: Approved by IC": null, "Organisation Details: Date Trustees Approval": null, "Organisation Details: Welcome Email Date": null, "Denom": "SEC", "Organisation Details: Denomination": null, "Church/Organisation Profile: Church Denomination": null, "field_13": "4839" }, "geometry": { "type": "Point", "coordinates": [ -3.320682, 56.122282 ] } },
{ "type": "Feature", "properties": { "Contact ID": 3943, "Sort Name": "St Francis Church", "Contact Subtype": null, "Church/Organisation Profile: Church Postcode": "CM8 3SY", "Long": 0.627105, "Lat": 51.846913, "Church/Organisation Profile: Approved by IC": null, "Organisation Details: Date Trustees Approval": null, "Organisation Details: Welcome Email Date": null, "Denom": null, "Organisation Details: Denomination": null, "Church/Organisation Profile: Church Denomination": null, "field_13": "C3500" }, "geometry": { "type": "Point", "coordinates": [ 0.627105, 51.846913 ] } },
{ "type": "Feature", "properties": { "Contact ID": 167079, "Sort Name": "St Francis Church Bournville", "Contact Subtype": null, "Church/Organisation Profile: Church Postcode": "B30 2AA", "Long": -1.933132, "Lat": 52.431142, "Church/Organisation Profile: Approved by IC": null, "Organisation Details: Date Trustees Approval": null, "Organisation Details: Welcome Email Date": null, "Denom": null, "Organisation Details: Denomination": null, "Church/Organisation Profile: Church Denomination": null, "field_13": "9759" }, "geometry": { "type": "Point", "coordinates": [ -1.933132, 52.431142 ] } },
{ "type": "Feature", "properties": { "Contact ID": 3965, "Sort Name": "St Francis of Assisi, Welwyn Garden City", "Contact Subtype": null, "Church/Organisation Profile: Church Postcode": "AL8 6QJ", "Long": -0.210374, "Lat": 51.800592, "Church/Organisation Profile: Approved by IC": null, "Organisation Details: Date Trustees Approval": null, "Organisation Details: Welcome Email Date": null, "Denom": null, "Organisation Details: Denomination": null, "Church/Organisation Profile: Church Denomination": null, "field_13": "3525" }, "geometry": { "type": "Point", "coordinates": [ -0.210374, 51.800592 ] } },
{ "type": "Feature", "properties": { "Contact ID": 234854, "Sort Name": "St Francis, Silver End (with Rivenhall, Essex)", "Contact Subtype": null, "Church/Organisation Profile: Church Postcode": "CM8 3PQ", "Long": 0.652075, "Lat": 51.826576, "Church/Organisation Profile: Approved by IC": null, "Organisation Details: Date Trustees Approval": null, "Organisation Details: Welcome Email Date": null, "Denom": "Church of England", "Organisation Details: Denomination": null, "Church/Organisation Profile: Church Denomination": null, "field_13": "3500" }, "geometry": { "type": "Point", "coordinates": [ 0.652075, 51.826576 ] } },
{ "type": "Feature", "properties": { "Contact ID": 265236, "Sort Name": "St Gabriel's Aldersbrook", "Contact Subtype": null, "Church/Organisation Profile: Church Postcode": "E12 5HH", "Long": 0.033912, "Lat": 51.562315, "Church/Organisation Profile: Approved by IC": null, "Organisation Details: Date Trustees Approval": null, "Organisation Details: Welcome Email Date": null, "Denom": "Church of England", "Organisation Details: Denomination": null, "Church/Organisation Profile: Church Denomination": null, "field_13": "5879" }, "geometry": { "type": "Point", "coordinates": [ 0.033912, 51.562315 ] } },
{ "type": "Feature", "properties": { "Contact ID": 2306, "Sort Name": "St Garmon, Llanarmon", "Contact Subtype": null, "Church/Organisation Profile: Church Postcode": "LL53 6PU", "Long": -4.35535, "Lat": 52.931567, "Church/Organisation Profile: Approved by IC": null, "Organisation Details: Date Trustees Approval": null, "Organisation Details: Welcome Email Date": null, "Denom": "Church in Wales", "Organisation Details: Denomination": null, "Church/Organisation Profile: Church Denomination": null, "field_13": "2137" }, "geometry": { "type": "Point", "coordinates": [ -4.35535, 52.931567 ] } },
{ "type": "Feature", "properties": { "Contact ID": 2647, "Sort Name": "St George Camberwell", "Contact Subtype": null, "Church/Organisation Profile: Church Postcode": "SE5 7SZ", "Long": -0.085182, "Lat": 51.479357, "Church/Organisation Profile: Approved by IC": null, "Organisation Details: Date Trustees Approval": null, "Organisation Details: Welcome Email Date": null, "Denom": null, "Organisation Details: Denomination": null, "Church/Organisation Profile: Church Denomination": null, "field_13": "2504" }, "geometry": { "type": "Point", "coordinates": [ -0.085182, 51.479357 ] } },
{ "type": "Feature", "properties": { "Contact ID": 234945, "Sort Name": "St George Colegate, Norwich", "Contact Subtype": null, "Church/Organisation Profile: Church Postcode": "NR3 1DA", "Long": 1.294142, "Lat": 52.633799, "Church/Organisation Profile: Approved by IC": null, "Organisation Details: Date Trustees Approval": null, "Organisation Details: Welcome Email Date": null, "Denom": null, "Organisation Details: Denomination": null, "Church/Organisation Profile: Church Denomination": null, "field_13": "6342" }, "geometry": { "type": "Point", "coordinates": [ 1.294142, 52.633799 ] } },
{ "type": "Feature", "properties": { "Contact ID": 2435, "Sort Name": "St George the Martyr, Borough", "Contact Subtype": null, "Church/Organisation Profile: Church Postcode": "SE1 1JA", "Long": -0.092358, "Lat": 51.501695, "Church/Organisation Profile: Approved by IC": null, "Organisation Details: Date Trustees Approval": null, "Organisation Details: Welcome Email Date": null, "Denom": null, "Organisation Details: Denomination": null, "Church/Organisation Profile: Church Denomination": null, "field_13": "C2286" }, "geometry": { "type": "Point", "coordinates": [ -0.092358, 51.501695 ] } },
{ "type": "Feature", "properties": { "Contact ID": 2444, "Sort Name": "St George the Martyr, Shirley", "Contact Subtype": null, "Church/Organisation Profile: Church Postcode": "CR0 7QJ", "Long": -0.044463, "Lat": 51.385158, "Church/Organisation Profile: Approved by IC": null, "Organisation Details: Date Trustees Approval": null, "Organisation Details: Welcome Email Date": null, "Denom": null, "Organisation Details: Denomination": null, "Church/Organisation Profile: Church Denomination": null, "field_13": "2295" }, "geometry": { "type": "Point", "coordinates": [ -0.044463, 51.385158 ] } },
{ "type": "Feature", "properties": { "Contact ID": 2296, "Sort Name": "St George Tombland, Norwich", "Contact Subtype": null, "Church/Organisation Profile: Church Postcode": "NR3 1AF", "Long": 1.298078, "Lat": 52.631099, "Church/Organisation Profile: Approved by IC": null, "Organisation Details: Date Trustees Approval": null, "Organisation Details: Welcome Email Date": null, "Denom": "Church of England", "Organisation Details: Denomination": null, "Church/Organisation Profile: Church Denomination": null, "field_13": "2127" }, "geometry": { "type": "Point", "coordinates": [ 1.298078, 52.631099 ] } },
{ "type": "Feature", "properties": { "Contact ID": 265137, "Sort Name": "St George with St Mary Magdalene Church, Worcester", "Contact Subtype": null, "Church/Organisation Profile: Church Postcode": "WR1 1HX", "Long": -2.225409, "Lat": 52.203401, "Church/Organisation Profile: Approved by IC": null, "Organisation Details: Date Trustees Approval": null, "Organisation Details: Welcome Email Date": null, "Denom": "Church of England", "Organisation Details: Denomination": null, "Church/Organisation Profile: Church Denomination": null, "field_13": "21423" }, "geometry": { "type": "Point", "coordinates": [ -2.225409, 52.203401 ] } },
{ "type": "Feature", "properties": { "Contact ID": 235049, "Sort Name": "St George, Campden Hill (Holland Park)", "Contact Subtype": null, "Church/Organisation Profile: Church Postcode": "W11 3RP", "Long": -0.205121, "Lat": 51.506433, "Church/Organisation Profile: Approved by IC": null, "Organisation Details: Date Trustees Approval": null, "Organisation Details: Welcome Email Date": null, "Denom": null, "Organisation Details: Denomination": null, "Church/Organisation Profile: Church Denomination": null, "field_13": "5146" }, "geometry": { "type": "Point", "coordinates": [ -0.205121, 51.506433 ] } },
{ "type": "Feature", "properties": { "Contact ID": 2591, "Sort Name": "St George, Falfield", "Contact Subtype": null, "Church/Organisation Profile: Church Postcode": "GL12 8DH", "Long": -2.458938, "Lat": 51.638103, "Church/Organisation Profile: Approved by IC": null, "Organisation Details: Date Trustees Approval": null, "Organisation Details: Welcome Email Date": null, "Denom": null, "Organisation Details: Denomination": null, "Church/Organisation Profile: Church Denomination": null, "field_13": "2448" }, "geometry": { "type": "Point", "coordinates": [ -2.458938, 51.638103 ] } },
{ "type": "Feature", "properties": { "Contact ID": 2440, "Sort Name": "St George, Orleton", "Contact Subtype": null, "Church/Organisation Profile: Church Postcode": "SY8 4JN", "Long": -2.743821, "Lat": 52.301641, "Church/Organisation Profile: Approved by IC": null, "Organisation Details: Date Trustees Approval": null, "Organisation Details: Welcome Email Date": null, "Denom": null, "Organisation Details: Denomination": null, "Church/Organisation Profile: Church Denomination": null, "field_13": "2291" }, "geometry": { "type": "Point", "coordinates": [ -2.743821, 52.301641 ] } },
{ "type": "Feature", "properties": { "Contact ID": 2717, "Sort Name": "St George?s Portsea (Gunwharf) [now Harbour Church Portsmouth, HGTB]", "Contact Subtype": null, "Church/Organisation Profile: Church Postcode": "PO1 3AT", "Long": -1.102733, "Lat": 50.796956, "Church/Organisation Profile: Approved by IC": null, "Organisation Details: Date Trustees Approval": null, "Organisation Details: Welcome Email Date": null, "Denom": null, "Organisation Details: Denomination": null, "Church/Organisation Profile: Church Denomination": null, "field_13": "C2574" }, "geometry": { "type": "Point", "coordinates": [ -1.102733, 50.796956 ] } },
{ "type": "Feature", "properties": { "Contact ID": 2284, "Sort Name": "St George's Church", "Contact Subtype": null, "Church/Organisation Profile: Church Postcode": "W8 7JG", "Long": -0.201054, "Lat": 51.506524, "Church/Organisation Profile: Approved by IC": null, "Organisation Details: Date Trustees Approval": null, "Organisation Details: Welcome Email Date": null, "Denom": "Church of England", "Organisation Details: Denomination": null, "Church/Organisation Profile: Church Denomination": null, "field_13": "C2115" }, "geometry": { "type": "Point", "coordinates": [ -0.201054, 51.506524 ] } },
{ "type": "Feature", "properties": { "Contact ID": 235563, "Sort Name": "St George's Church, Goodrington, Paignton", "Contact Subtype": null, "Church/Organisation Profile: Church Postcode": "TQ4 6NY", "Long": -3.560476, "Lat": 50.416891, "Church/Organisation Profile: Approved by IC": null, "Organisation Details: Date Trustees Approval": null, "Organisation Details: Welcome Email Date": null, "Denom": "Church of England", "Organisation Details: Denomination": null, "Church/Organisation Profile: Church Denomination": null, "field_13": "20471" }, "geometry": { "type": "Point", "coordinates": [ -3.560476, 50.416891 ] } },
{ "type": "Feature", "properties": { "Contact ID": 2715, "Sort Name": "St George's Crosby", "Contact Subtype": null, "Church/Organisation Profile: Church Postcode": "DN15 7LU", "Long": -0.657611, "Lat": 53.595906, "Church/Organisation Profile: Approved by IC": null, "Organisation Details: Date Trustees Approval": null, "Organisation Details: Welcome Email Date": null, "Denom": "Church of England", "Organisation Details: Denomination": null, "Church/Organisation Profile: Church Denomination": null, "field_13": "5217" }, "geometry": { "type": "Point", "coordinates": [ -0.657611, 53.595906 ] } },
{ "type": "Feature", "properties": { "Contact ID": 7368, "Sort Name": "St George's Harold Hill", "Contact Subtype": null, "Church/Organisation Profile: Church Postcode": "RM3 8ED", "Long": 0.219267, "Lat": 51.60643, "Church/Organisation Profile: Approved by IC": null, "Organisation Details: Date Trustees Approval": null, "Organisation Details: Welcome Email Date": null, "Denom": null, "Organisation Details: Denomination": null, "Church/Organisation Profile: Church Denomination": null, "field_13": "9026" }, "geometry": { "type": "Point", "coordinates": [ 0.219267, 51.60643 ] } },
{ "type": "Feature", "properties": { "Contact ID": 2716, "Sort Name": "St George's Jesmond", "Contact Subtype": null, "Church/Organisation Profile: Church Postcode": "NE2 2TF", "Long": -1.602864, "Lat": 54.99514, "Church/Organisation Profile: Approved by IC": null, "Organisation Details: Date Trustees Approval": null, "Organisation Details: Welcome Email Date": null, "Denom": null, "Organisation Details: Denomination": null, "Church/Organisation Profile: Church Denomination": null, "field_13": "2573" }, "geometry": { "type": "Point", "coordinates": [ -1.602864, 54.99514 ] } },
{ "type": "Feature", "properties": { "Contact ID": 235389, "Sort Name": "St George's Perry Hill (Catford/Forest Hill, Lewisham)", "Contact Subtype": null, "Church/Organisation Profile: Church Postcode": "SE23 2AG", "Long": -0.036647, "Lat": 51.439165, "Church/Organisation Profile: Approved by IC": null, "Organisation Details: Date Trustees Approval": null, "Organisation Details: Welcome Email Date": null, "Denom": "Church of England", "Organisation Details: Denomination": null, "Church/Organisation Profile: Church Denomination": null, "field_13": "2602" }, "geometry": { "type": "Point", "coordinates": [ -0.036647, 51.439165 ] } },
{ "type": "Feature", "properties": { "Contact ID": 6781, "Sort Name": "St George's Tufnell Park", "Contact Subtype": null, "Church/Organisation Profile: Church Postcode": "N7 0ND", "Long": -0.125288, "Lat": 51.556272, "Church/Organisation Profile: Approved by IC": null, "Organisation Details: Date Trustees Approval": null, "Organisation Details: Welcome Email Date": null, "Denom": "Anglican", "Organisation Details: Denomination": null, "Church/Organisation Profile: Church Denomination": null, "field_13": "8068" }, "geometry": { "type": "Point", "coordinates": [ -0.125288, 51.556272 ] } },
{ "type": "Feature", "properties": { "Contact ID": 2587, "Sort Name": "St George's Westcombe Park (East Greenwich)", "Contact Subtype": null, "Church/Organisation Profile: Church Postcode": "SE3 7SD", "Long": 0.018568, "Lat": 51.480035, "Church/Organisation Profile: Approved by IC": null, "Organisation Details: Date Trustees Approval": null, "Organisation Details: Welcome Email Date": null, "Denom": null, "Organisation Details: Denomination": null, "Church/Organisation Profile: Church Denomination": null, "field_13": "2444" }, "geometry": { "type": "Point", "coordinates": [ 0.018568, 51.480035 ] } },
{ "type": "Feature", "properties": { "Contact ID": 5806, "Sort Name": "St George's, Kemp Town, Brighton", "Contact Subtype": null, "Church/Organisation Profile: Church Postcode": "BN2", "Long": 0.0, "Lat": 0.0, "Church/Organisation Profile: Approved by IC": null, "Organisation Details: Date Trustees Approval": null, "Organisation Details: Welcome Email Date": null, "Denom": "Church of England", "Organisation Details: Denomination": null, "Church/Organisation Profile: Church Denomination": null, "field_13": "5041" }, "geometry": { "type": "Point", "coordinates": [ 0.0, 0.0 ] } },
{ "type": "Feature", "properties": { "Contact ID": 2566, "Sort Name": "St George's, Whyke", "Contact Subtype": null, "Church/Organisation Profile: Church Postcode": "PO19 7AD", "Long": -0.766425, "Lat": 50.832475, "Church/Organisation Profile: Approved by IC": null, "Organisation Details: Date Trustees Approval": null, "Organisation Details: Welcome Email Date": null, "Denom": null, "Organisation Details: Denomination": null, "Church/Organisation Profile: Church Denomination": null, "field_13": "2423" }, "geometry": { "type": "Point", "coordinates": [ -0.766425, 50.832475 ] } },
{ "type": "Feature", "properties": { "Contact ID": 235533, "Sort Name": "St German's Church, Cardiff", "Contact Subtype": null, "Church/Organisation Profile: Church Postcode": "CF23 9JF", "Long": -3.153144, "Lat": 51.505562, "Church/Organisation Profile: Approved by IC": null, "Organisation Details: Date Trustees Approval": null, "Organisation Details: Welcome Email Date": null, "Denom": "Church in Wales", "Organisation Details: Denomination": null, "Church/Organisation Profile: Church Denomination": null, "field_13": "12595" }, "geometry": { "type": "Point", "coordinates": [ -3.153144, 51.505562 ] } },
{ "type": "Feature", "properties": { "Contact ID": 265248, "Sort Name": "St Germanus, Faulkbourne", "Contact Subtype": null, "Church/Organisation Profile: Church Postcode": "CM8 1SP", "Long": 0.615665, "Lat": 51.813902, "Church/Organisation Profile: Approved by IC": null, "Organisation Details: Date Trustees Approval": null, "Organisation Details: Welcome Email Date": null, "Denom": "Church of England", "Organisation Details: Denomination": null, "Church/Organisation Profile: Church Denomination": null, "field_13": "21162" }, "geometry": { "type": "Point", "coordinates": [ 0.615665, 51.813902 ] } },
{ "type": "Feature", "properties": { "Contact ID": 2616, "Sort Name": "St Giles Cripplegate", "Contact Subtype": null, "Church/Organisation Profile: Church Postcode": "EC2Y 8DA,", "Long": 0.0, "Lat": 0.0, "Church/Organisation Profile: Approved by IC": null, "Organisation Details: Date Trustees Approval": null, "Organisation Details: Welcome Email Date": null, "Denom": null, "Organisation Details: Denomination": null, "Church/Organisation Profile: Church Denomination": null, "field_13": "2473" }, "geometry": { "type": "Point", "coordinates": [ 0.0, 0.0 ] } },
{ "type": "Feature", "properties": { "Contact ID": 2270, "Sort Name": "St Giles Desborough", "Contact Subtype": null, "Church/Organisation Profile: Church Postcode": "NN14 2NP", "Long": -0.821002, "Lat": 52.439951, "Church/Organisation Profile: Approved by IC": null, "Organisation Details: Date Trustees Approval": null, "Organisation Details: Welcome Email Date": null, "Denom": null, "Organisation Details: Denomination": null, "Church/Organisation Profile: Church Denomination": null, "field_13": "2100" }, "geometry": { "type": "Point", "coordinates": [ -0.821002, 52.439951 ] } },
{ "type": "Feature", "properties": { "Contact ID": 6300, "Sort Name": "St Giles Lincoln", "Contact Subtype": null, "Church/Organisation Profile: Church Postcode": "LN2 1PP", "Long": -0.534793, "Lat": 53.233317, "Church/Organisation Profile: Approved by IC": null, "Organisation Details: Date Trustees Approval": null, "Organisation Details: Welcome Email Date": null, "Denom": "Church of England", "Organisation Details: Denomination": null, "Church/Organisation Profile: Church Denomination": null, "field_13": "6627" }, "geometry": { "type": "Point", "coordinates": [ -0.534793, 53.233317 ] } },
{ "type": "Feature", "properties": { "Contact ID": 235534, "Sort Name": "St Giles Marfleet", "Contact Subtype": null, "Church/Organisation Profile: Church Postcode": "HU9 5RL", "Long": -0.267725, "Lat": 53.749747, "Church/Organisation Profile: Approved by IC": null, "Organisation Details: Date Trustees Approval": null, "Organisation Details: Welcome Email Date": null, "Denom": "Church of England", "Organisation Details: Denomination": null, "Church/Organisation Profile: Church Denomination": null, "field_13": "12606" }, "geometry": { "type": "Point", "coordinates": [ -0.267725, 53.749747 ] } },
{ "type": "Feature", "properties": { "Contact ID": 3995, "Sort Name": "St Giles Nazeing", "Contact Subtype": null, "Church/Organisation Profile: Church Postcode": "EN9", "Long": 0.0, "Lat": 0.0, "Church/Organisation Profile: Approved by IC": null, "Organisation Details: Date Trustees Approval": null, "Organisation Details: Welcome Email Date": null, "Denom": null, "Organisation Details: Denomination": null, "Church/Organisation Profile: Church Denomination": null, "field_13": "C2249" }, "geometry": { "type": "Point", "coordinates": [ 0.0, 0.0 ] } },
{ "type": "Feature", "properties": { "Contact ID": 235052, "Sort Name": "St Giles Nazeing (Epping)", "Contact Subtype": null, "Church/Organisation Profile: Church Postcode": "EN9 2QG", "Long": 0.020803, "Lat": 51.737657, "Church/Organisation Profile: Approved by IC": null, "Organisation Details: Date Trustees Approval": null, "Organisation Details: Welcome Email Date": null, "Denom": null, "Organisation Details: Denomination": null, "Church/Organisation Profile: Church Denomination": null, "field_13": "2249" }, "geometry": { "type": "Point", "coordinates": [ 0.020803, 51.737657 ] } },
{ "type": "Feature", "properties": { "Contact ID": 6857, "Sort Name": "St Giles on the Hill Norwich", "Contact Subtype": null, "Church/Organisation Profile: Church Postcode": "NR2 1AB", "Long": 1.285996, "Lat": 52.629448, "Church/Organisation Profile: Approved by IC": null, "Organisation Details: Date Trustees Approval": null, "Organisation Details: Welcome Email Date": null, "Denom": "Church of England", "Organisation Details: Denomination": null, "Church/Organisation Profile: Church Denomination": null, "field_13": "8468" }, "geometry": { "type": "Point", "coordinates": [ 1.285996, 52.629448 ] } },
{ "type": "Feature", "properties": { "Contact ID": 2570, "Sort Name": "St Giles Oxford", "Contact Subtype": null, "Church/Organisation Profile: Church Postcode": "OX2 6HT", "Long": -1.261374, "Lat": 51.760413, "Church/Organisation Profile: Approved by IC": null, "Organisation Details: Date Trustees Approval": null, "Organisation Details: Welcome Email Date": null, "Denom": null, "Organisation Details: Denomination": null, "Church/Organisation Profile: Church Denomination": null, "field_13": "2427" }, "geometry": { "type": "Point", "coordinates": [ -1.261374, 51.760413 ] } },
{ "type": "Feature", "properties": { "Contact ID": 2479, "Sort Name": "St Giles with St Peters Church, Cambridge", "Contact Subtype": null, "Church/Organisation Profile: Church Postcode": "CB3 0AQ", "Long": 0.11448, "Lat": 52.210949, "Church/Organisation Profile: Approved by IC": null, "Organisation Details: Date Trustees Approval": null, "Organisation Details: Welcome Email Date": null, "Denom": null, "Organisation Details: Denomination": null, "Church/Organisation Profile: Church Denomination": null, "field_13": "2338" }, "geometry": { "type": "Point", "coordinates": [ 0.11448, 52.210949 ] } },
{ "type": "Feature", "properties": { "Contact ID": 181895, "Sort Name": "St Giles, Balderton", "Contact Subtype": null, "Church/Organisation Profile: Church Postcode": "NG24", "Long": 0.0, "Lat": 0.0, "Church/Organisation Profile: Approved by IC": null, "Organisation Details: Date Trustees Approval": null, "Organisation Details: Welcome Email Date": null, "Denom": null, "Organisation Details: Denomination": null, "Church/Organisation Profile: Church Denomination": null, "field_13": "10060" }, "geometry": { "type": "Point", "coordinates": [ 0.0, 0.0 ] } },
{ "type": "Feature", "properties": { "Contact ID": 2400, "Sort Name": "St Gregory the Great", "Contact Subtype": null, "Church/Organisation Profile: Church Postcode": "WV11 1BJ", "Long": -2.092067, "Lat": 52.614961, "Church/Organisation Profile: Approved by IC": null, "Organisation Details: Date Trustees Approval": null, "Organisation Details: Welcome Email Date": null, "Denom": null, "Organisation Details: Denomination": null, "Church/Organisation Profile: Church Denomination": null, "field_13": "C2251" }, "geometry": { "type": "Point", "coordinates": [ -2.092067, 52.614961 ] } },
{ "type": "Feature", "properties": { "Contact ID": 6445, "Sort Name": "St Guthlac, Market Deeping", "Contact Subtype": null, "Church/Organisation Profile: Church Postcode": "PE6 8AN", "Long": -0.31809, "Lat": 52.676418, "Church/Organisation Profile: Approved by IC": null, "Organisation Details: Date Trustees Approval": null, "Organisation Details: Welcome Email Date": null, "Denom": null, "Organisation Details: Denomination": null, "Church/Organisation Profile: Church Denomination": null, "field_13": "6958" }, "geometry": { "type": "Point", "coordinates": [ -0.31809, 52.676418 ] } },
{ "type": "Feature", "properties": { "Contact ID": 234778, "Sort Name": "St Gwyddelan's Dolwyddelan (Bro Gwydr)", "Contact Subtype": null, "Church/Organisation Profile: Church Postcode": "LL25 0SJ", "Long": -3.888164, "Lat": 53.053336, "Church/Organisation Profile: Approved by IC": null, "Organisation Details: Date Trustees Approval": null, "Organisation Details: Welcome Email Date": null, "Denom": "Church in Wales", "Organisation Details: Denomination": null, "Church/Organisation Profile: Church Denomination": null, "field_13": "8946" }, "geometry": { "type": "Point", "coordinates": [ -3.888164, 53.053336 ] } },
{ "type": "Feature", "properties": { "Contact ID": 235609, "Sort Name": "St Helen Wheldrake", "Contact Subtype": null, "Church/Organisation Profile: Church Postcode": "YO19 6AW", "Long": -0.960997, "Lat": 53.896468, "Church/Organisation Profile: Approved by IC": null, "Organisation Details: Date Trustees Approval": null, "Organisation Details: Welcome Email Date": null, "Denom": "Church of England", "Organisation Details: Denomination": null, "Church/Organisation Profile: Church Denomination": null, "field_13": "20472" }, "geometry": { "type": "Point", "coordinates": [ -0.960997, 53.896468 ] } },
{ "type": "Feature", "properties": { "Contact ID": 235620, "Sort Name": "St Helen, Thorganby", "Contact Subtype": null, "Church/Organisation Profile: Church Postcode": "YO16 9AW", "Long": 0.0, "Lat": 0.0, "Church/Organisation Profile: Approved by IC": null, "Organisation Details: Date Trustees Approval": null, "Organisation Details: Welcome Email Date": null, "Denom": null, "Organisation Details: Denomination": null, "Church/Organisation Profile: Church Denomination": null, "field_13": "12472" }, "geometry": { "type": "Point", "coordinates": [ 0.0, 0.0 ] } },
{ "type": "Feature", "properties": { "Contact ID": 2437, "Sort Name": "St Helen's, Darley Dale", "Contact Subtype": null, "Church/Organisation Profile: Church Postcode": "DE4 2GL", "Long": -1.602875, "Lat": 53.164108, "Church/Organisation Profile: Approved by IC": null, "Organisation Details: Date Trustees Approval": null, "Organisation Details: Welcome Email Date": null, "Denom": "Church of England", "Organisation Details: Denomination": null, "Church/Organisation Profile: Church Denomination": null, "field_13": "2288" }, "geometry": { "type": "Point", "coordinates": [ -1.602875, 53.164108 ] } },
{ "type": "Feature", "properties": { "Contact ID": 234743, "Sort Name": "St Helen's, Welton (Yorks)", "Contact Subtype": null, "Church/Organisation Profile: Church Postcode": "HU15", "Long": 0.0, "Lat": 0.0, "Church/Organisation Profile: Approved by IC": null, "Organisation Details: Date Trustees Approval": null, "Organisation Details: Welcome Email Date": null, "Denom": null, "Organisation Details: Denomination": null, "Church/Organisation Profile: Church Denomination": null, "field_13": "6647" }, "geometry": { "type": "Point", "coordinates": [ 0.0, 0.0 ] } },
{ "type": "Feature", "properties": { "Contact ID": 235524, "Sort Name": "St Helen's, Witton", "Contact Subtype": null, "Church/Organisation Profile: Church Postcode": "CW9 5PW", "Long": -2.501879, "Lat": 53.255161, "Church/Organisation Profile: Approved by IC": null, "Organisation Details: Date Trustees Approval": null, "Organisation Details: Welcome Email Date": null, "Denom": "Church of England", "Organisation Details: Denomination": null, "Church/Organisation Profile: Church Denomination": null, "field_13": "12494" }, "geometry": { "type": "Point", "coordinates": [ -2.501879, 53.255161 ] } },
{ "type": "Feature", "properties": { "Contact ID": 89025, "Sort Name": "St Helens", "Contact Subtype": null, "Church/Organisation Profile: Church Postcode": "YO1 8AN", "Long": -1.083714, "Lat": 53.960634, "Church/Organisation Profile: Approved by IC": null, "Organisation Details: Date Trustees Approval": null, "Organisation Details: Welcome Email Date": null, "Denom": null, "Organisation Details: Denomination": null, "Church/Organisation Profile: Church Denomination": null, "field_13": "9495" }, "geometry": { "type": "Point", "coordinates": [ -1.083714, 53.960634 ] } },
{ "type": "Feature", "properties": { "Contact ID": 235531, "Sort Name": "St Hilda's Church, Jesmond", "Contact Subtype": null, "Church/Organisation Profile: Church Postcode": "NE23ET", "Long": -1.607531, "Lat": 54.992531, "Church/Organisation Profile: Approved by IC": null, "Organisation Details: Date Trustees Approval": null, "Organisation Details: Welcome Email Date": null, "Denom": "Church of England", "Organisation Details: Denomination": null, "Church/Organisation Profile: Church Denomination": null, "field_13": "12596" }, "geometry": { "type": "Point", "coordinates": [ -1.607531, 54.992531 ] } },
{ "type": "Feature", "properties": { "Contact ID": 235535, "Sort Name": "St Hilda's Greatfield", "Contact Subtype": null, "Church/Organisation Profile: Church Postcode": "HU9 4JY", "Long": -0.254971, "Lat": 53.755954, "Church/Organisation Profile: Approved by IC": null, "Organisation Details: Date Trustees Approval": null, "Organisation Details: Welcome Email Date": null, "Denom": "Church of England", "Organisation Details: Denomination": null, "Church/Organisation Profile: Church Denomination": null, "field_13": "12609" }, "geometry": { "type": "Point", "coordinates": [ -0.254971, 53.755954 ] } },
{ "type": "Feature", "properties": { "Contact ID": 89028, "Sort Name": "St Hilda's, Warley Woods", "Contact Subtype": null, "Church/Organisation Profile: Church Postcode": "B67 5ED", "Long": -1.981447, "Lat": 52.469026, "Church/Organisation Profile: Approved by IC": null, "Organisation Details: Date Trustees Approval": null, "Organisation Details: Welcome Email Date": null, "Denom": "Church of England", "Organisation Details: Denomination": null, "Church/Organisation Profile: Church Denomination": null, "field_13": "9501" }, "geometry": { "type": "Point", "coordinates": [ -1.981447, 52.469026 ] } },
{ "type": "Feature", "properties": { "Contact ID": 234951, "Sort Name": "St Hugh Little Bowden (Market Harborough)", "Contact Subtype": null, "Church/Organisation Profile: Church Postcode": "LE16 9HF", "Long": -0.915884, "Lat": 52.466662, "Church/Organisation Profile: Approved by IC": null, "Organisation Details: Date Trustees Approval": null, "Organisation Details: Welcome Email Date": null, "Denom": null, "Organisation Details: Denomination": null, "Church/Organisation Profile: Church Denomination": null, "field_13": "5640" }, "geometry": { "type": "Point", "coordinates": [ -0.915884, 52.466662 ] } },
{ "type": "Feature", "properties": { "Contact ID": 6787, "Sort Name": "St James Community Church, Bolton, Bradford", "Contact Subtype": null, "Church/Organisation Profile: Church Postcode": "BD2 4LH", "Long": -1.74124, "Lat": 53.812687, "Church/Organisation Profile: Approved by IC": null, "Organisation Details: Date Trustees Approval": null, "Organisation Details: Welcome Email Date": null, "Denom": "Church of England", "Organisation Details: Denomination": null, "Church/Organisation Profile: Church Denomination": null, "field_13": "8091" }, "geometry": { "type": "Point", "coordinates": [ -1.74124, 53.812687 ] } },
{ "type": "Feature", "properties": { "Contact ID": 2792, "Sort Name": "St James Didsbury", "Contact Subtype": null, "Church/Organisation Profile: Church Postcode": "M20 2RQ", "Long": -2.231807, "Lat": 53.409996, "Church/Organisation Profile: Approved by IC": null, "Organisation Details: Date Trustees Approval": null, "Organisation Details: Welcome Email Date": null, "Denom": null, "Organisation Details: Denomination": null, "Church/Organisation Profile: Church Denomination": null, "field_13": "C2305" }, "geometry": { "type": "Point", "coordinates": [ -2.231807, 53.409996 ] } },
{ "type": "Feature", "properties": { "Contact ID": 2209, "Sort Name": "St James Episcopal Church, Leith", "Contact Subtype": null, "Church/Organisation Profile: Church Postcode": "EH6 7NQ", "Long": -3.155526, "Lat": 55.968996, "Church/Organisation Profile: Approved by IC": null, "Organisation Details: Date Trustees Approval": null, "Organisation Details: Welcome Email Date": null, "Denom": "Scottish Episcopal Church", "Organisation Details: Denomination": null, "Church/Organisation Profile: Church Denomination": null, "field_13": "3601" }, "geometry": { "type": "Point", "coordinates": [ -3.155526, 55.968996 ] } },
{ "type": "Feature", "properties": { "Contact ID": 6575, "Sort Name": "St James Mangotsfield", "Contact Subtype": null, "Church/Organisation Profile: Church Postcode": "BS16 9EZ", "Long": -2.485007, "Lat": 51.486327, "Church/Organisation Profile: Approved by IC": null, "Organisation Details: Date Trustees Approval": null, "Organisation Details: Welcome Email Date": null, "Denom": null, "Organisation Details: Denomination": null, "Church/Organisation Profile: Church Denomination": null, "field_13": "7377" }, "geometry": { "type": "Point", "coordinates": [ -2.485007, 51.486327 ] } },
{ "type": "Feature", "properties": { "Contact ID": 2648, "Sort Name": "St James Merton", "Contact Subtype": null, "Church/Organisation Profile: Church Postcode": "SW20 9LB", "Long": -0.211112, "Lat": 51.403783, "Church/Organisation Profile: Approved by IC": null, "Organisation Details: Date Trustees Approval": null, "Organisation Details: Welcome Email Date": null, "Denom": null, "Organisation Details: Denomination": null, "Church/Organisation Profile: Church Denomination": null, "field_13": "C2505" }, "geometry": { "type": "Point", "coordinates": [ -0.211112, 51.403783 ] } },
{ "type": "Feature", "properties": { "Contact ID": 235318, "Sort Name": "St James Merton (London)", "Contact Subtype": null, "Church/Organisation Profile: Church Postcode": "SM4 4AR", "Long": -0.210647, "Lat": 51.403174, "Church/Organisation Profile: Approved by IC": null, "Organisation Details: Date Trustees Approval": null, "Organisation Details: Welcome Email Date": null, "Denom": null, "Organisation Details: Denomination": null, "Church/Organisation Profile: Church Denomination": null, "field_13": "2505" }, "geometry": { "type": "Point", "coordinates": [ -0.210647, 51.403174 ] } },
{ "type": "Feature", "properties": { "Contact ID": 2713, "Sort Name": "St James Nether Worton", "Contact Subtype": null, "Church/Organisation Profile: Church Postcode": "OX7 7AS", "Long": -1.379533, "Lat": 51.968568, "Church/Organisation Profile: Approved by IC": null, "Organisation Details: Date Trustees Approval": null, "Organisation Details: Welcome Email Date": null, "Denom": "Church of England", "Organisation Details: Denomination": null, "Church/Organisation Profile: Church Denomination": null, "field_13": "2570" }, "geometry": { "type": "Point", "coordinates": [ -1.379533, 51.968568 ] } },
{ "type": "Feature", "properties": { "Contact ID": 2712, "Sort Name": "St James Piccadilly", "Contact Subtype": null, "Church/Organisation Profile: Church Postcode": "W1J 9LL", "Long": -0.136565, "Lat": 51.508737, "Church/Organisation Profile: Approved by IC": null, "Organisation Details: Date Trustees Approval": null, "Organisation Details: Welcome Email Date": null, "Denom": null, "Organisation Details: Denomination": null, "Church/Organisation Profile: Church Denomination": null, "field_13": "2569" }, "geometry": { "type": "Point", "coordinates": [ -0.136565, 51.508737 ] } },
{ "type": "Feature", "properties": { "Contact ID": 6579, "Sort Name": "St James Quedgeley", "Contact Subtype": null, "Church/Organisation Profile: Church Postcode": "GL2 4PN", "Long": -2.281975, "Lat": 51.825179, "Church/Organisation Profile: Approved by IC": null, "Organisation Details: Date Trustees Approval": null, "Organisation Details: Welcome Email Date": null, "Denom": "Church of England", "Organisation Details: Denomination": null, "Church/Organisation Profile: Church Denomination": null, "field_13": "7373" }, "geometry": { "type": "Point", "coordinates": [ -2.281975, 51.825179 ] } },
{ "type": "Feature", "properties": { "Contact ID": 2559, "Sort Name": "St James Seacroft Leeds", "Contact Subtype": null, "Church/Organisation Profile: Church Postcode": "LS14 6PA", "Long": -1.461539, "Lat": 53.820873, "Church/Organisation Profile: Approved by IC": null, "Organisation Details: Date Trustees Approval": null, "Organisation Details: Welcome Email Date": null, "Denom": null, "Organisation Details: Denomination": null, "Church/Organisation Profile: Church Denomination": null, "field_13": "2417" }, "geometry": { "type": "Point", "coordinates": [ -1.461539, 53.820873 ] } },
{ "type": "Feature", "properties": { "Contact ID": 7292, "Sort Name": "St James the Deacon, York", "Contact Subtype": null, "Church/Organisation Profile: Church Postcode": "YO24 2SE", "Long": -1.124842, "Lat": 53.940645, "Church/Organisation Profile: Approved by IC": null, "Organisation Details: Date Trustees Approval": null, "Organisation Details: Welcome Email Date": null, "Denom": "Church of England", "Organisation Details: Denomination": null, "Church/Organisation Profile: Church Denomination": null, "field_13": "8895" }, "geometry": { "type": "Point", "coordinates": [ -1.124842, 53.940645 ] } },
{ "type": "Feature", "properties": { "Contact ID": 265127, "Sort Name": "St James the Great, Daisy Hill", "Contact Subtype": null, "Church/Organisation Profile: Church Postcode": "BL5 2EB", "Long": -2.519497, "Lat": 53.533223, "Church/Organisation Profile: Approved by IC": null, "Organisation Details: Date Trustees Approval": null, "Organisation Details: Welcome Email Date": null, "Denom": "Church of England", "Organisation Details: Denomination": null, "Church/Organisation Profile: Church Denomination": null, "field_13": "21399" }, "geometry": { "type": "Point", "coordinates": [ -2.519497, 53.533223 ] } },
{ "type": "Feature", "properties": { "Contact ID": 2258, "Sort Name": "St James the Great, East Malling", "Contact Subtype": null, "Church/Organisation Profile: Church Postcode": "ME19 6AG", "Long": 0.439599, "Lat": 51.287483, "Church/Organisation Profile: Approved by IC": null, "Organisation Details: Date Trustees Approval": null, "Organisation Details: Welcome Email Date": null, "Denom": null, "Organisation Details: Denomination": null, "Church/Organisation Profile: Church Denomination": null, "field_13": "2085" }, "geometry": { "type": "Point", "coordinates": [ 0.439599, 51.287483 ] } },
{ "type": "Feature", "properties": { "Contact ID": 6927, "Sort Name": "St James the Great, Woodhall and Waterloo", "Contact Subtype": null, "Church/Organisation Profile: Church Postcode": "LS28 8RD", "Long": -1.690444, "Lat": 53.799624, "Church/Organisation Profile: Approved by IC": null, "Organisation Details: Date Trustees Approval": null, "Organisation Details: Welcome Email Date": null, "Denom": "Church of England", "Organisation Details: Denomination": null, "Church/Organisation Profile: Church Denomination": null, "field_13": "8685" }, "geometry": { "type": "Point", "coordinates": [ -1.690444, 53.799624 ] } },
{ "type": "Feature", "properties": { "Contact ID": 235617, "Sort Name": "St James the Less, Pangbourne", "Contact Subtype": null, "Church/Organisation Profile: Church Postcode": "RG8 7AX", "Long": -1.090023, "Lat": 51.482242, "Church/Organisation Profile: Approved by IC": null, "Organisation Details: Date Trustees Approval": null, "Organisation Details: Welcome Email Date": null, "Denom": "Church of England", "Organisation Details: Denomination": null, "Church/Organisation Profile: Church Denomination": null, "field_13": "20473" }, "geometry": { "type": "Point", "coordinates": [ -1.090023, 51.482242 ] } },
{ "type": "Feature", "properties": { "Contact ID": 2684, "Sort Name": "St James West Hampstead", "Contact Subtype": null, "Church/Organisation Profile: Church Postcode": "NW6 2AP", "Long": -0.192249, "Lat": 51.54583, "Church/Organisation Profile: Approved by IC": null, "Organisation Details: Date Trustees Approval": null, "Organisation Details: Welcome Email Date": null, "Denom": null, "Organisation Details: Denomination": null, "Church/Organisation Profile: Church Denomination": null, "field_13": "2568" }, "geometry": { "type": "Point", "coordinates": [ -0.192249, 51.54583 ] } },
{ "type": "Feature", "properties": { "Contact ID": 235682, "Sort Name": "St James with Holy Trinity Scarborough", "Contact Subtype": null, "Church/Organisation Profile: Church Postcode": "YO12 5NG", "Long": -0.432594, "Lat": 54.273059, "Church/Organisation Profile: Approved by IC": null, "Organisation Details: Date Trustees Approval": null, "Organisation Details: Welcome Email Date": null, "Denom": "Church of England", "Organisation Details: Denomination": null, "Church/Organisation Profile: Church Denomination": null, "field_13": "20407" }, "geometry": { "type": "Point", "coordinates": [ -0.432594, 54.273059 ] } },
{ "type": "Feature", "properties": { "Contact ID": 235537, "Sort Name": "St James, Alderholt", "Contact Subtype": null, "Church/Organisation Profile: Church Postcode": "SP6 3DN", "Long": -1.852352, "Lat": 50.912801, "Church/Organisation Profile: Approved by IC": null, "Organisation Details: Date Trustees Approval": null, "Organisation Details: Welcome Email Date": null, "Denom": "Church of England", "Organisation Details: Denomination": null, "Church/Organisation Profile: Church Denomination": null, "field_13": "12597" }, "geometry": { "type": "Point", "coordinates": [ -1.852352, 50.912801 ] } },
{ "type": "Feature", "properties": { "Contact ID": 2714, "Sort Name": "St James, East Crompton", "Contact Subtype": null, "Church/Organisation Profile: Church Postcode": "OL2 7TE", "Long": -2.093558, "Lat": 53.580615, "Church/Organisation Profile: Approved by IC": null, "Organisation Details: Date Trustees Approval": null, "Organisation Details: Welcome Email Date": null, "Denom": null, "Organisation Details: Denomination": null, "Church/Organisation Profile: Church Denomination": null, "field_13": "2571" }, "geometry": { "type": "Point", "coordinates": [ -2.093558, 53.580615 ] } },
{ "type": "Feature", "properties": { "Contact ID": 234724, "Sort Name": "St James, Heyshott (Churches Under the Downs)", "Contact Subtype": null, "Church/Organisation Profile: Church Postcode": "GU29", "Long": 0.0, "Lat": 0.0, "Church/Organisation Profile: Approved by IC": null, "Organisation Details: Date Trustees Approval": null, "Organisation Details: Welcome Email Date": null, "Denom": null, "Organisation Details: Denomination": null, "Church/Organisation Profile: Church Denomination": null, "field_13": "4512" }, "geometry": { "type": "Point", "coordinates": [ 0.0, 0.0 ] } },
{ "type": "Feature", "properties": { "Contact ID": 167119, "Sort Name": "St James, Thornham", "Contact Subtype": null, "Church/Organisation Profile: Church Postcode": "OL2 6UW", "Long": -2.13388, "Lat": 53.583668, "Church/Organisation Profile: Approved by IC": null, "Organisation Details: Date Trustees Approval": null, "Organisation Details: Welcome Email Date": null, "Denom": "Church of England", "Organisation Details: Denomination": null, "Church/Organisation Profile: Church Denomination": null, "field_13": "9863" }, "geometry": { "type": "Point", "coordinates": [ -2.13388, 53.583668 ] } },
{ "type": "Feature", "properties": { "Contact ID": 7376, "Sort Name": "St James, West End", "Contact Subtype": null, "Church/Organisation Profile: Church Postcode": "SO30 3AT", "Long": -1.340545, "Lat": 50.92604, "Church/Organisation Profile: Approved by IC": null, "Organisation Details: Date Trustees Approval": null, "Organisation Details: Welcome Email Date": null, "Denom": "Church of England", "Organisation Details: Denomination": null, "Church/Organisation Profile: Church Denomination": null, "field_13": "9071" }, "geometry": { "type": "Point", "coordinates": [ -1.340545, 50.92604 ] } },
{ "type": "Feature", "properties": { "Contact ID": 3996, "Sort Name": "St James' Church", "Contact Subtype": null, "Church/Organisation Profile: Church Postcode": "W11", "Long": 0.0, "Lat": 0.0, "Church/Organisation Profile: Approved by IC": null, "Organisation Details: Date Trustees Approval": null, "Organisation Details: Welcome Email Date": null, "Denom": null, "Organisation Details: Denomination": null, "Church/Organisation Profile: Church Denomination": null, "field_13": "C2258" }, "geometry": { "type": "Point", "coordinates": [ 0.0, 0.0 ] } },
{ "type": "Feature", "properties": { "Contact ID": 6297, "Sort Name": "St James' Church Westbrook", "Contact Subtype": null, "Church/Organisation Profile: Church Postcode": "WA5 1EU", "Long": -2.626744, "Lat": 53.393789, "Church/Organisation Profile: Approved by IC": null, "Organisation Details: Date Trustees Approval": null, "Organisation Details: Welcome Email Date": null, "Denom": "Church of England", "Organisation Details: Denomination": null, "Church/Organisation Profile: Church Denomination": null, "field_13": "6613" }, "geometry": { "type": "Point", "coordinates": [ -2.626744, 53.393789 ] } },
{ "type": "Feature", "properties": { "Contact ID": 6720, "Sort Name": "St James' Church Weybridge", "Contact Subtype": null, "Church/Organisation Profile: Church Postcode": "KT13 8DN", "Long": -0.460816, "Lat": 51.371359, "Church/Organisation Profile: Approved by IC": null, "Organisation Details: Date Trustees Approval": null, "Organisation Details: Welcome Email Date": null, "Denom": "Church of England", "Organisation Details: Denomination": null, "Church/Organisation Profile: Church Denomination": null, "field_13": "7833" }, "geometry": { "type": "Point", "coordinates": [ -0.460816, 51.371359 ] } },
{ "type": "Feature", "properties": { "Contact ID": 265160, "Sort Name": "St James' with St Peter's, Islington", "Contact Subtype": null, "Church/Organisation Profile: Church Postcode": "N1 8PH", "Long": -0.09555, "Lat": 51.53743, "Church/Organisation Profile: Approved by IC": null, "Organisation Details: Date Trustees Approval": null, "Organisation Details: Welcome Email Date": null, "Denom": "Church of England", "Organisation Details: Denomination": null, "Church/Organisation Profile: Church Denomination": null, "field_13": "21063" }, "geometry": { "type": "Point", "coordinates": [ -0.09555, 51.53743 ] } },
{ "type": "Feature", "properties": { "Contact ID": 6477, "Sort Name": "St James', Haslingden", "Contact Subtype": null, "Church/Organisation Profile: Church Postcode": "BB4 5QU", "Long": -2.324808, "Lat": 53.707752, "Church/Organisation Profile: Approved by IC": null, "Organisation Details: Date Trustees Approval": null, "Organisation Details: Welcome Email Date": null, "Denom": "Church of England", "Organisation Details: Denomination": null, "Church/Organisation Profile: Church Denomination": null, "field_13": "7063" }, "geometry": { "type": "Point", "coordinates": [ -2.324808, 53.707752 ] } },
{ "type": "Feature", "properties": { "Contact ID": 6272, "Sort Name": "St James', Riding Mill", "Contact Subtype": null, "Church/Organisation Profile: Church Postcode": "NE44 6AT", "Long": -1.972222, "Lat": 54.946001, "Church/Organisation Profile: Approved by IC": null, "Organisation Details: Date Trustees Approval": null, "Organisation Details: Welcome Email Date": null, "Denom": "Church of England", "Organisation Details: Denomination": null, "Church/Organisation Profile: Church Denomination": null, "field_13": "6516" }, "geometry": { "type": "Point", "coordinates": [ -1.972222, 54.946001 ] } },
{ "type": "Feature", "properties": { "Contact ID": 2459, "Sort Name": "St James's Great Horwood", "Contact Subtype": null, "Church/Organisation Profile: Church Postcode": "MK17 0QL", "Long": -0.879704, "Lat": 51.973435, "Church/Organisation Profile: Approved by IC": null, "Organisation Details: Date Trustees Approval": null, "Organisation Details: Welcome Email Date": null, "Denom": null, "Organisation Details: Denomination": null, "Church/Organisation Profile: Church Denomination": null, "field_13": "2312" }, "geometry": { "type": "Point", "coordinates": [ -0.879704, 51.973435 ] } },
{ "type": "Feature", "properties": { "Contact ID": 7176, "Sort Name": "St James's Woolton, Liverpool", "Contact Subtype": null, "Church/Organisation Profile: Church Postcode": "L25", "Long": 0.0, "Lat": 0.0, "Church/Organisation Profile: Approved by IC": null, "Organisation Details: Date Trustees Approval": null, "Organisation Details: Welcome Email Date": null, "Denom": "Methodist & United Reformed Church", "Organisation Details: Denomination": null, "Church/Organisation Profile: Church Denomination": null, "field_13": "8860" }, "geometry": { "type": "Point", "coordinates": [ 0.0, 0.0 ] } },
{ "type": "Feature", "properties": { "Contact ID": 265258, "Sort Name": "St John & St Luke Clay Hill, Enfield", "Contact Subtype": null, "Church/Organisation Profile: Church Postcode": "EN2 0HL", "Long": -0.085924, "Lat": 51.667763, "Church/Organisation Profile: Approved by IC": null, "Organisation Details: Date Trustees Approval": null, "Organisation Details: Welcome Email Date": null, "Denom": "Church of England", "Organisation Details: Denomination": null, "Church/Organisation Profile: Church Denomination": null, "field_13": "21060" }, "geometry": { "type": "Point", "coordinates": [ -0.085924, 51.667763 ] } },
{ "type": "Feature", "properties": { "Contact ID": 2710, "Sort Name": "St John at Hampstead (Hampstead Parish Church)", "Contact Subtype": null, "Church/Organisation Profile: Church Postcode": "NW3 6UU", "Long": -0.181867, "Lat": 51.555166, "Church/Organisation Profile: Approved by IC": null, "Organisation Details: Date Trustees Approval": null, "Organisation Details: Welcome Email Date": null, "Denom": null, "Organisation Details: Denomination": null, "Church/Organisation Profile: Church Denomination": null, "field_13": "2567" }, "geometry": { "type": "Point", "coordinates": [ -0.181867, 51.555166 ] } },
{ "type": "Feature", "properties": { "Contact ID": 235541, "Sort Name": "St John Baptist Church, Claines, Worcester", "Contact Subtype": null, "Church/Organisation Profile: Church Postcode": "WR3 7RN", "Long": -2.216672, "Lat": 52.227297, "Church/Organisation Profile: Approved by IC": null, "Organisation Details: Date Trustees Approval": null, "Organisation Details: Welcome Email Date": null, "Denom": "Church of England", "Organisation Details: Denomination": null, "Church/Organisation Profile: Church Denomination": null, "field_13": "12598" }, "geometry": { "type": "Point", "coordinates": [ -2.216672, 52.227297 ] } },
{ "type": "Feature", "properties": { "Contact ID": 2305, "Sort Name": "St John Baptist, Llanystumdwy", "Contact Subtype": null, "Church/Organisation Profile: Church Postcode": "LL52 0SP", "Long": -4.272015, "Lat": 52.922949, "Church/Organisation Profile: Approved by IC": null, "Organisation Details: Date Trustees Approval": null, "Organisation Details: Welcome Email Date": null, "Denom": null, "Organisation Details: Denomination": null, "Church/Organisation Profile: Church Denomination": null, "field_13": "C2136" }, "geometry": { "type": "Point", "coordinates": [ -4.272015, 52.922949 ] } },
{ "type": "Feature", "properties": { "Contact ID": 234914, "Sort Name": "St John Baptist, Llanystumdwy (Bro Eifionydd)", "Contact Subtype": null, "Church/Organisation Profile: Church Postcode": "LL52", "Long": 0.0, "Lat": 0.0, "Church/Organisation Profile: Approved by IC": null, "Organisation Details: Date Trustees Approval": null, "Organisation Details: Welcome Email Date": null, "Denom": "Church in Wales", "Organisation Details: Denomination": null, "Church/Organisation Profile: Church Denomination": null, "field_13": "2136" }, "geometry": { "type": "Point", "coordinates": [ 0.0, 0.0 ] } },
{ "type": "Feature", "properties": { "Contact ID": 2467, "Sort Name": "St John Bridgwater", "Contact Subtype": null, "Church/Organisation Profile: Church Postcode": "TA6 5QS", "Long": -2.995852, "Lat": 51.131554, "Church/Organisation Profile: Approved by IC": null, "Organisation Details: Date Trustees Approval": null, "Organisation Details: Welcome Email Date": null, "Denom": null, "Organisation Details: Denomination": null, "Church/Organisation Profile: Church Denomination": null, "field_13": "5317" }, "geometry": { "type": "Point", "coordinates": [ -2.995852, 51.131554 ] } },
{ "type": "Feature", "properties": { "Contact ID": 3966, "Sort Name": "St John Fulham (Walham Green)", "Contact Subtype": null, "Church/Organisation Profile: Church Postcode": "SW6 1PB", "Long": -0.198755, "Lat": 51.481147, "Church/Organisation Profile: Approved by IC": null, "Organisation Details: Date Trustees Approval": null, "Organisation Details: Welcome Email Date": null, "Denom": null, "Organisation Details: Denomination": null, "Church/Organisation Profile: Church Denomination": null, "field_13": "3528" }, "geometry": { "type": "Point", "coordinates": [ -0.198755, 51.481147 ] } },
{ "type": "Feature", "properties": { "Contact ID": 234487, "Sort Name": "St John Lawley (Central Telford Parish)", "Contact Subtype": null, "Church/Organisation Profile: Church Postcode": "TF4 2PD", "Long": -2.493891, "Lat": 52.674332, "Church/Organisation Profile: Approved by IC": null, "Organisation Details: Date Trustees Approval": null, "Organisation Details: Welcome Email Date": null, "Denom": "Church of England", "Organisation Details: Denomination": null, "Church/Organisation Profile: Church Denomination": null, "field_13": "22994" }, "geometry": { "type": "Point", "coordinates": [ -2.493891, 52.674332 ] } },
{ "type": "Feature", "properties": { "Contact ID": 235530, "Sort Name": "St John the Apostle, Whetstone", "Contact Subtype": null, "Church/Organisation Profile: Church Postcode": "N20 0PG", "Long": -0.175957, "Lat": 51.62749, "Church/Organisation Profile: Approved by IC": null, "Organisation Details: Date Trustees Approval": null, "Organisation Details: Welcome Email Date": null, "Denom": null, "Organisation Details: Denomination": null, "Church/Organisation Profile: Church Denomination": null, "field_13": "12604" }, "geometry": { "type": "Point", "coordinates": [ -0.175957, 51.62749 ] } },
{ "type": "Feature", "properties": { "Contact ID": 5640, "Sort Name": "St John the Baptist", "Contact Subtype": null, "Church/Organisation Profile: Church Postcode": "AL3 8PY", "Long": -0.463268, "Lat": 51.839778, "Church/Organisation Profile: Approved by IC": null, "Organisation Details: Date Trustees Approval": null, "Organisation Details: Welcome Email Date": null, "Denom": "Church of England", "Organisation Details: Denomination": null, "Church/Organisation Profile: Church Denomination": null, "field_13": "4624" }, "geometry": { "type": "Point", "coordinates": [ -0.463268, 51.839778 ] } },
{ "type": "Feature", "properties": { "Contact ID": 6447, "Sort Name": "St John the Baptist Broadstone (Dorset)", "Contact Subtype": null, "Church/Organisation Profile: Church Postcode": "BH18", "Long": 0.0, "Lat": 0.0, "Church/Organisation Profile: Approved by IC": null, "Organisation Details: Date Trustees Approval": null, "Organisation Details: Welcome Email Date": null, "Denom": "Chruch of England", "Organisation Details: Denomination": null, "Church/Organisation Profile: Church Denomination": null, "field_13": "6966" }, "geometry": { "type": "Point", "coordinates": [ 0.0, 0.0 ] } },
{ "type": "Feature", "properties": { "Contact ID": 235768, "Sort Name": "St John the Baptist Church, Bishops Tawton", "Contact Subtype": null, "Church/Organisation Profile: Church Postcode": "EX32 0AB", "Long": -4.047591, "Lat": 51.052222, "Church/Organisation Profile: Approved by IC": null, "Organisation Details: Date Trustees Approval": null, "Organisation Details: Welcome Email Date": null, "Denom": "Church of England", "Organisation Details: Denomination": null, "Church/Organisation Profile: Church Denomination": null, "field_13": "20461" }, "geometry": { "type": "Point", "coordinates": [ -4.047591, 51.052222 ] } },
{ "type": "Feature", "properties": { "Contact ID": 3956, "Sort Name": "St John the Baptist Ermine, Lincoln", "Contact Subtype": null, "Church/Organisation Profile: Church Postcode": "LN2 2EF", "Long": -0.532294, "Lat": 53.24767, "Church/Organisation Profile: Approved by IC": null, "Organisation Details: Date Trustees Approval": null, "Organisation Details: Welcome Email Date": null, "Denom": null, "Organisation Details: Denomination": null, "Church/Organisation Profile: Church Denomination": null, "field_13": "3515" }, "geometry": { "type": "Point", "coordinates": [ -0.532294, 53.24767 ] } },
{ "type": "Feature", "properties": { "Contact ID": 2377, "Sort Name": "St John the Baptist Glastonbury", "Contact Subtype": null, "Church/Organisation Profile: Church Postcode": "BA6 9JQ", "Long": -2.716531, "Lat": 51.147994, "Church/Organisation Profile: Approved by IC": null, "Organisation Details: Date Trustees Approval": null, "Organisation Details: Welcome Email Date": null, "Denom": null, "Organisation Details: Denomination": null, "Church/Organisation Profile: Church Denomination": null, "field_13": "2227" }, "geometry": { "type": "Point", "coordinates": [ -2.716531, 51.147994 ] } },
{ "type": "Feature", "properties": { "Contact ID": 5932, "Sort Name": "St John the Baptist Halesowen (Halas)", "Contact Subtype": null, "Church/Organisation Profile: Church Postcode": "B63 4AF", "Long": -2.050964, "Lat": 52.45029, "Church/Organisation Profile: Approved by IC": null, "Organisation Details: Date Trustees Approval": null, "Organisation Details: Welcome Email Date": null, "Denom": "Church of England", "Organisation Details: Denomination": null, "Church/Organisation Profile: Church Denomination": null, "field_13": "5376" }, "geometry": { "type": "Point", "coordinates": [ -2.050964, 52.45029 ] } },
{ "type": "Feature", "properties": { "Contact ID": 2257, "Sort Name": "St John the Baptist Kingston Vale", "Contact Subtype": null, "Church/Organisation Profile: Church Postcode": "SW15 3PY", "Long": -0.258644, "Lat": 51.432943, "Church/Organisation Profile: Approved by IC": null, "Organisation Details: Date Trustees Approval": null, "Organisation Details: Welcome Email Date": null, "Denom": null, "Organisation Details: Denomination": null, "Church/Organisation Profile: Church Denomination": null, "field_13": "C2084" }, "geometry": { "type": "Point", "coordinates": [ -0.258644, 51.432943 ] } },
{ "type": "Feature", "properties": { "Contact ID": 2383, "Sort Name": "St John the Baptist Malden", "Contact Subtype": null, "Church/Organisation Profile: Church Postcode": "KT4 7RY", "Long": -0.261214, "Lat": 51.382272, "Church/Organisation Profile: Approved by IC": null, "Organisation Details: Date Trustees Approval": null, "Organisation Details: Welcome Email Date": null, "Denom": null, "Organisation Details: Denomination": null, "Church/Organisation Profile: Church Denomination": null, "field_13": "2234" }, "geometry": { "type": "Point", "coordinates": [ -0.261214, 51.382272 ] } },
{ "type": "Feature", "properties": { "Contact ID": 235671, "Sort Name": "St John the Baptist Parish, Windsor", "Contact Subtype": null, "Church/Organisation Profile: Church Postcode": "SL4 3HD", "Long": -0.618, "Lat": 51.477441, "Church/Organisation Profile: Approved by IC": null, "Organisation Details: Date Trustees Approval": null, "Organisation Details: Welcome Email Date": null, "Denom": "Church of England", "Organisation Details: Denomination": null, "Church/Organisation Profile: Church Denomination": null, "field_13": "20404" }, "geometry": { "type": "Point", "coordinates": [ -0.618, 51.477441 ] } },
{ "type": "Feature", "properties": { "Contact ID": 2356, "Sort Name": "St John the Baptist Peterborough", "Contact Subtype": null, "Church/Organisation Profile: Church Postcode": "PE1 1XB", "Long": -0.244143, "Lat": 52.572355, "Church/Organisation Profile: Approved by IC": null, "Organisation Details: Date Trustees Approval": null, "Organisation Details: Welcome Email Date": null, "Denom": null, "Organisation Details: Denomination": null, "Church/Organisation Profile: Church Denomination": null, "field_13": "2201" }, "geometry": { "type": "Point", "coordinates": [ -0.244143, 52.572355 ] } },
{ "type": "Feature", "properties": { "Contact ID": 2470, "Sort Name": "St John the Baptist with St Edmund King and Martyr Felixstowe", "Contact Subtype": null, "Church/Organisation Profile: Church Postcode": "IP11 7PW", "Long": 1.346729, "Lat": 51.960922, "Church/Organisation Profile: Approved by IC": null, "Organisation Details: Date Trustees Approval": null, "Organisation Details: Welcome Email Date": null, "Denom": null, "Organisation Details: Denomination": null, "Church/Organisation Profile: Church Denomination": null, "field_13": "2324" }, "geometry": { "type": "Point", "coordinates": [ 1.346729, 51.960922 ] } },
{ "type": "Feature", "properties": { "Contact ID": 6811, "Sort Name": "St John the Baptist, Bishop's Castle", "Contact Subtype": null, "Church/Organisation Profile: Church Postcode": "SY9 5AF", "Long": -2.999622, "Lat": 52.488087, "Church/Organisation Profile: Approved by IC": null, "Organisation Details: Date Trustees Approval": null, "Organisation Details: Welcome Email Date": null, "Denom": "Church of England", "Organisation Details: Denomination": null, "Church/Organisation Profile: Church Denomination": null, "field_13": "8158" }, "geometry": { "type": "Point", "coordinates": [ -2.999622, 52.488087 ] } },
{ "type": "Feature", "properties": { "Contact ID": 2287, "Sort Name": "St John the Baptist, Frome", "Contact Subtype": null, "Church/Organisation Profile: Church Postcode": "BA11 1PL", "Long": -2.321055, "Lat": 51.230147, "Church/Organisation Profile: Approved by IC": null, "Organisation Details: Date Trustees Approval": null, "Organisation Details: Welcome Email Date": null, "Denom": null, "Organisation Details: Denomination": null, "Church/Organisation Profile: Church Denomination": null, "field_13": "2180" }, "geometry": { "type": "Point", "coordinates": [ -2.321055, 51.230147 ] } },
{ "type": "Feature", "properties": { "Contact ID": 2709, "Sort Name": "St John The Baptist, Hey", "Contact Subtype": null, "Church/Organisation Profile: Church Postcode": "OL4 3DS", "Long": -2.068152, "Lat": 53.542135, "Church/Organisation Profile: Approved by IC": null, "Organisation Details: Date Trustees Approval": null, "Organisation Details: Welcome Email Date": null, "Denom": null, "Organisation Details: Denomination": null, "Church/Organisation Profile: Church Denomination": null, "field_13": "2566" }, "geometry": { "type": "Point", "coordinates": [ -2.068152, 53.542135 ] } },
{ "type": "Feature", "properties": { "Contact ID": 2283, "Sort Name": "St John the Baptist, Holland Road", "Contact Subtype": null, "Church/Organisation Profile: Church Postcode": "W14 8AH", "Long": -0.214382, "Lat": 51.50323, "Church/Organisation Profile: Approved by IC": null, "Organisation Details: Date Trustees Approval": null, "Organisation Details: Welcome Email Date": null, "Denom": "Church of England", "Organisation Details: Denomination": null, "Church/Organisation Profile: Church Denomination": null, "field_13": "5149" }, "geometry": { "type": "Point", "coordinates": [ -0.214382, 51.50323 ] } },
{ "type": "Feature", "properties": { "Contact ID": 2313, "Sort Name": "St John the Baptist, Moordown", "Contact Subtype": null, "Church/Organisation Profile: Church Postcode": "BH9 2EG", "Long": -1.877856, "Lat": 50.748534, "Church/Organisation Profile: Approved by IC": null, "Organisation Details: Date Trustees Approval": null, "Organisation Details: Welcome Email Date": null, "Denom": "Church of England", "Organisation Details: Denomination": null, "Church/Organisation Profile: Church Denomination": null, "field_13": "2482" }, "geometry": { "type": "Point", "coordinates": [ -1.877856, 50.748534 ] } },
{ "type": "Feature", "properties": { "Contact ID": 235695, "Sort Name": "St John the Baptist, North Baddesley", "Contact Subtype": null, "Church/Organisation Profile: Church Postcode": "SO52 9EQ", "Long": -1.439398, "Lat": 50.976349, "Church/Organisation Profile: Approved by IC": null, "Organisation Details: Date Trustees Approval": null, "Organisation Details: Welcome Email Date": null, "Denom": "Church of England", "Organisation Details: Denomination": null, "Church/Organisation Profile: Church Denomination": null, "field_13": "20460" }, "geometry": { "type": "Point", "coordinates": [ -1.439398, 50.976349 ] } },
{ "type": "Feature", "properties": { "Contact ID": 6340, "Sort Name": "St John the Baptist, Northwood (Isle of Wight)", "Contact Subtype": null, "Church/Organisation Profile: Church Postcode": "PO31 8QT", "Long": -1.301784, "Lat": 50.733928, "Church/Organisation Profile: Approved by IC": null, "Organisation Details: Date Trustees Approval": null, "Organisation Details: Welcome Email Date": null, "Denom": null, "Organisation Details: Denomination": null, "Church/Organisation Profile: Church Denomination": null, "field_13": "6702" }, "geometry": { "type": "Point", "coordinates": [ -1.301784, 50.733928 ] } },
{ "type": "Feature", "properties": { "Contact ID": 2649, "Sort Name": "St John the Baptist, Pinner", "Contact Subtype": null, "Church/Organisation Profile: Church Postcode": "HA5 3AA", "Long": -0.377068, "Lat": 51.593727, "Church/Organisation Profile: Approved by IC": null, "Organisation Details: Date Trustees Approval": null, "Organisation Details: Welcome Email Date": null, "Denom": null, "Organisation Details: Denomination": null, "Church/Organisation Profile: Church Denomination": null, "field_13": "2506" }, "geometry": { "type": "Point", "coordinates": [ -0.377068, 51.593727 ] } },
{ "type": "Feature", "properties": { "Contact ID": 182017, "Sort Name": "St John the Baptist, Smallwood, Sandbach", "Contact Subtype": null, "Church/Organisation Profile: Church Postcode": "CW11", "Long": 0.0, "Lat": 0.0, "Church/Organisation Profile: Approved by IC": null, "Organisation Details: Date Trustees Approval": null, "Organisation Details: Welcome Email Date": null, "Denom": null, "Organisation Details: Denomination": null, "Church/Organisation Profile: Church Denomination": null, "field_13": "10432" }, "geometry": { "type": "Point", "coordinates": [ 0.0, 0.0 ] } },
{ "type": "Feature", "properties": { "Contact ID": 235583, "Sort Name": "St John the Baptist, Winchester", "Contact Subtype": null, "Church/Organisation Profile: Church Postcode": "SO21 4PF", "Long": 0.0, "Lat": 0.0, "Church/Organisation Profile: Approved by IC": null, "Organisation Details: Date Trustees Approval": null, "Organisation Details: Welcome Email Date": null, "Denom": "Church of England", "Organisation Details: Denomination": null, "Church/Organisation Profile: Church Denomination": null, "field_13": "20474" }, "geometry": { "type": "Point", "coordinates": [ 0.0, 0.0 ] } },
{ "type": "Feature", "properties": { "Contact ID": 2403, "Sort Name": "St John the Divine, Merton", "Contact Subtype": null, "Church/Organisation Profile: Church Postcode": "SW19 2JY", "Long": -0.190118, "Lat": 51.413668, "Church/Organisation Profile: Approved by IC": null, "Organisation Details: Date Trustees Approval": null, "Organisation Details: Welcome Email Date": null, "Denom": null, "Organisation Details: Denomination": null, "Church/Organisation Profile: Church Denomination": null, "field_13": "2254" }, "geometry": { "type": "Point", "coordinates": [ -0.190118, 51.413668 ] } },
{ "type": "Feature", "properties": { "Contact ID": 2708, "Sort Name": "St John the Divine, Richmond (London)", "Contact Subtype": null, "Church/Organisation Profile: Church Postcode": "TW9 2NA", "Long": -0.300605, "Lat": 51.464079, "Church/Organisation Profile: Approved by IC": null, "Organisation Details: Date Trustees Approval": null, "Organisation Details: Welcome Email Date": null, "Denom": null, "Organisation Details: Denomination": null, "Church/Organisation Profile: Church Denomination": null, "field_13": "2565" }, "geometry": { "type": "Point", "coordinates": [ -0.300605, 51.464079 ] } },
{ "type": "Feature", "properties": { "Contact ID": 6420, "Sort Name": "St John the Evangelist", "Contact Subtype": null, "Church/Organisation Profile: Church Postcode": "RH1", "Long": 0.0, "Lat": 0.0, "Church/Organisation Profile: Approved by IC": null, "Organisation Details: Date Trustees Approval": null, "Organisation Details: Welcome Email Date": null, "Denom": "Church of England", "Organisation Details: Denomination": null, "Church/Organisation Profile: Church Denomination": null, "field_13": "9258" }, "geometry": { "type": "Point", "coordinates": [ 0.0, 0.0 ] } },
{ "type": "Feature", "properties": { "Contact ID": 181811, "Sort Name": "St John the Evangelist", "Contact Subtype": null, "Church/Organisation Profile: Church Postcode": "BD20 8PB", "Long": -2.024952, "Lat": 53.918093, "Church/Organisation Profile: Approved by IC": null, "Organisation Details: Date Trustees Approval": null, "Organisation Details: Welcome Email Date": null, "Denom": null, "Organisation Details: Denomination": null, "Church/Organisation Profile: Church Denomination": null, "field_13": "9890" }, "geometry": { "type": "Point", "coordinates": [ -2.024952, 53.918093 ] } },
{ "type": "Feature", "properties": { "Contact ID": 2706, "Sort Name": "St John the Evangelist Bury St Edmund's", "Contact Subtype": null, "Church/Organisation Profile: Church Postcode": "IP33 1JY", "Long": 0.713187, "Lat": 52.249429, "Church/Organisation Profile: Approved by IC": null, "Organisation Details: Date Trustees Approval": null, "Organisation Details: Welcome Email Date": null, "Denom": null, "Organisation Details: Denomination": null, "Church/Organisation Profile: Church Denomination": null, "field_13": "2563" }, "geometry": { "type": "Point", "coordinates": [ 0.713187, 52.249429 ] } },
{ "type": "Feature", "properties": { "Contact ID": 2769, "Sort Name": "St John the Evangelist Cardiff", "Contact Subtype": null, "Church/Organisation Profile: Church Postcode": "CF5 1NX", "Long": -3.202422, "Lat": 51.48042, "Church/Organisation Profile: Approved by IC": null, "Organisation Details: Date Trustees Approval": null, "Organisation Details: Welcome Email Date": null, "Denom": "CinW", "Organisation Details: Denomination": null, "Church/Organisation Profile: Church Denomination": null, "field_13": "2334" }, "geometry": { "type": "Point", "coordinates": [ -3.202422, 51.48042 ] } },
{ "type": "Feature", "properties": { "Contact ID": 2315, "Sort Name": "St John the Evangelist Caterham Valley", "Contact Subtype": null, "Church/Organisation Profile: Church Postcode": "CR3 6LA", "Long": -0.077031, "Lat": 51.28013, "Church/Organisation Profile: Approved by IC": null, "Organisation Details: Date Trustees Approval": null, "Organisation Details: Welcome Email Date": null, "Denom": "Church of England", "Organisation Details: Denomination": null, "Church/Organisation Profile: Church Denomination": null, "field_13": "6309" }, "geometry": { "type": "Point", "coordinates": [ -0.077031, 51.28013 ] } },
{ "type": "Feature", "properties": { "Contact ID": 6937, "Sort Name": "St John the Evangelist Friern Barnet", "Contact Subtype": null, "Church/Organisation Profile: Church Postcode": "N11 3DP", "Long": -0.154636, "Lat": 51.613498, "Church/Organisation Profile: Approved by IC": null, "Organisation Details: Date Trustees Approval": null, "Organisation Details: Welcome Email Date": null, "Denom": "The Church of England", "Organisation Details: Denomination": null, "Church/Organisation Profile: Church Denomination": null, "field_13": "8706" }, "geometry": { "type": "Point", "coordinates": [ -0.154636, 51.613498 ] } },
{ "type": "Feature", "properties": { "Contact ID": 3940, "Sort Name": "St John the Evangelist Little Leighs (The Leighs and Little Waltham)", "Contact Subtype": null, "Church/Organisation Profile: Church Postcode": "CM3 1NP", "Long": 0.508893, "Lat": 51.831158, "Church/Organisation Profile: Approved by IC": null, "Organisation Details: Date Trustees Approval": null, "Organisation Details: Welcome Email Date": null, "Denom": null, "Organisation Details: Denomination": null, "Church/Organisation Profile: Church Denomination": null, "field_13": "3497" }, "geometry": { "type": "Point", "coordinates": [ 0.508893, 51.831158 ] } },
{ "type": "Feature", "properties": { "Contact ID": 5487, "Sort Name": "St John the Evangelist,  Bexley", "Contact Subtype": null, "Church/Organisation Profile: Church Postcode": "DA5 1HX", "Long": 0.140829, "Lat": 51.442857, "Church/Organisation Profile: Approved by IC": null, "Organisation Details: Date Trustees Approval": null, "Organisation Details: Welcome Email Date": null, "Denom": "Church of England", "Organisation Details: Denomination": null, "Church/Organisation Profile: Church Denomination": null, "field_13": "4301" }, "geometry": { "type": "Point", "coordinates": [ 0.140829, 51.442857 ] } },
{ "type": "Feature", "properties": { "Contact ID": 6472, "Sort Name": "St John the Evangelist, Abbeydale (Sheffield)", "Contact Subtype": null, "Church/Organisation Profile: Church Postcode": "S17 3LE", "Long": -1.517401, "Lat": 53.326095, "Church/Organisation Profile: Approved by IC": null, "Organisation Details: Date Trustees Approval": null, "Organisation Details: Welcome Email Date": null, "Denom": "Church of England", "Organisation Details: Denomination": null, "Church/Organisation Profile: Church Denomination": null, "field_13": "7031" }, "geometry": { "type": "Point", "coordinates": [ -1.517401, 53.326095 ] } },
{ "type": "Feature", "properties": { "Contact ID": 2750, "Sort Name": "St John the Evangelist, Angell Town (Brixton)", "Contact Subtype": null, "Church/Organisation Profile: Church Postcode": "SW9 7NE", "Long": -0.109989, "Lat": 51.466639, "Church/Organisation Profile: Approved by IC": null, "Organisation Details: Date Trustees Approval": null, "Organisation Details: Welcome Email Date": null, "Denom": null, "Organisation Details: Denomination": null, "Church/Organisation Profile: Church Denomination": null, "field_13": "2607" }, "geometry": { "type": "Point", "coordinates": [ -0.109989, 51.466639 ] } },
{ "type": "Feature", "properties": { "Contact ID": 2455, "Sort Name": "St John the Evangelist, Brighton", "Contact Subtype": null, "Church/Organisation Profile: Church Postcode": "BN1 6RB", "Long": -0.149772, "Lat": 50.844826, "Church/Organisation Profile: Approved by IC": null, "Organisation Details: Date Trustees Approval": null, "Organisation Details: Welcome Email Date": null, "Denom": null, "Organisation Details: Denomination": null, "Church/Organisation Profile: Church Denomination": null, "field_13": "5136" }, "geometry": { "type": "Point", "coordinates": [ -0.149772, 50.844826 ] } },
{ "type": "Feature", "properties": { "Contact ID": 6774, "Sort Name": "St John the Evangelist, Churchdown and Innsworth", "Contact Subtype": null, "Church/Organisation Profile: Church Postcode": "GL3 2DB", "Long": -2.185387, "Lat": 51.886285, "Church/Organisation Profile: Approved by IC": null, "Organisation Details: Date Trustees Approval": null, "Organisation Details: Welcome Email Date": null, "Denom": "Church of England", "Organisation Details: Denomination": null, "Church/Organisation Profile: Church Denomination": null, "field_13": "8042" }, "geometry": { "type": "Point", "coordinates": [ -2.185387, 51.886285 ] } },
{ "type": "Feature", "properties": { "Contact ID": 2650, "Sort Name": "St John the Evangelist, East Dulwich", "Contact Subtype": null, "Church/Organisation Profile: Church Postcode": "SE22 9AT", "Long": -0.074246, "Lat": 51.461705, "Church/Organisation Profile: Approved by IC": null, "Organisation Details: Date Trustees Approval": null, "Organisation Details: Welcome Email Date": null, "Denom": "Church of England", "Organisation Details: Denomination": null, "Church/Organisation Profile: Church Denomination": null, "field_13": "5796" }, "geometry": { "type": "Point", "coordinates": [ -0.074246, 51.461705 ] } },
{ "type": "Feature", "properties": { "Contact ID": 234764, "Sort Name": "St John the Evangelist, Farnworth & Kearsley", "Contact Subtype": null, "Church/Organisation Profile: Church Postcode": "BL4 8AQ", "Long": -2.389602, "Lat": 53.548745, "Church/Organisation Profile: Approved by IC": null, "Organisation Details: Date Trustees Approval": null, "Organisation Details: Welcome Email Date": null, "Denom": null, "Organisation Details: Denomination": null, "Church/Organisation Profile: Church Denomination": null, "field_13": "3609" }, "geometry": { "type": "Point", "coordinates": [ -2.389602, 53.548745 ] } },
{ "type": "Feature", "properties": { "Contact ID": 2462, "Sort Name": "St John the Evangelist, Kingston upon Thames", "Contact Subtype": null, "Church/Organisation Profile: Church Postcode": "KT1 2TT", "Long": -0.300938, "Lat": 51.402791, "Church/Organisation Profile: Approved by IC": null, "Organisation Details: Date Trustees Approval": null, "Organisation Details: Welcome Email Date": null, "Denom": null, "Organisation Details: Denomination": null, "Church/Organisation Profile: Church Denomination": null, "field_13": "C2315" }, "geometry": { "type": "Point", "coordinates": [ -0.300938, 51.402791 ] } },
{ "type": "Feature", "properties": { "Contact ID": 2705, "Sort Name": "St John the Evangelist, Little Tew", "Contact Subtype": null, "Church/Organisation Profile: Church Postcode": "OX7 4JB", "Long": -1.441348, "Lat": 51.953755, "Church/Organisation Profile: Approved by IC": null, "Organisation Details: Date Trustees Approval": null, "Organisation Details: Welcome Email Date": null, "Denom": "Church of England", "Organisation Details: Denomination": null, "Church/Organisation Profile: Church Denomination": null, "field_13": "2562" }, "geometry": { "type": "Point", "coordinates": [ -1.441348, 51.953755 ] } },
{ "type": "Feature", "properties": { "Contact ID": 181824, "Sort Name": "St John the Evangelist, Moulsham", "Contact Subtype": null, "Church/Organisation Profile: Church Postcode": "CM2 0JD", "Long": 0.469259, "Lat": 51.727793, "Church/Organisation Profile: Approved by IC": null, "Organisation Details: Date Trustees Approval": null, "Organisation Details: Welcome Email Date": null, "Denom": "Church of England", "Organisation Details: Denomination": null, "Church/Organisation Profile: Church Denomination": null, "field_13": "9920" }, "geometry": { "type": "Point", "coordinates": [ 0.469259, 51.727793 ] } },
{ "type": "Feature", "properties": { "Contact ID": 265314, "Sort Name": "St John the Evangelist, Palmers Green", "Contact Subtype": null, "Church/Organisation Profile: Church Postcode": "N13 4DA", "Long": -0.105193, "Lat": 51.62395, "Church/Organisation Profile: Approved by IC": null, "Organisation Details: Date Trustees Approval": null, "Organisation Details: Welcome Email Date": null, "Denom": "Church of England", "Organisation Details: Denomination": null, "Church/Organisation Profile: Church Denomination": null, "field_13": "21441" }, "geometry": { "type": "Point", "coordinates": [ -0.105193, 51.62395 ] } },
{ "type": "Feature", "properties": { "Contact ID": 2405, "Sort Name": "St John the Evangelist, Perry Barr (Birmingham)", "Contact Subtype": null, "Church/Organisation Profile: Church Postcode": "B42 2LB", "Long": -1.898395, "Lat": 52.526664, "Church/Organisation Profile: Approved by IC": null, "Organisation Details: Date Trustees Approval": null, "Organisation Details: Welcome Email Date": null, "Denom": null, "Organisation Details: Denomination": null, "Church/Organisation Profile: Church Denomination": null, "field_13": "2255" }, "geometry": { "type": "Point", "coordinates": [ -1.898395, 52.526664 ] } },
{ "type": "Feature", "properties": { "Contact ID": 235055, "Sort Name": "St John the Evangelist, Sidcup", "Contact Subtype": null, "Church/Organisation Profile: Church Postcode": "DA14 6BX", "Long": 0.104764, "Lat": 51.424661, "Church/Organisation Profile: Approved by IC": null, "Organisation Details: Date Trustees Approval": null, "Organisation Details: Welcome Email Date": null, "Denom": null, "Organisation Details: Denomination": null, "Church/Organisation Profile: Church Denomination": null, "field_13": "4380" }, "geometry": { "type": "Point", "coordinates": [ 0.104764, 51.424661 ] } },
{ "type": "Feature", "properties": { "Contact ID": 234504, "Sort Name": "St John the Evangelist, St Leonards on Sea", "Contact Subtype": null, "Church/Organisation Profile: Church Postcode": "TN38 0RD", "Long": 0.553283, "Lat": 50.856878, "Church/Organisation Profile: Approved by IC": null, "Organisation Details: Date Trustees Approval": null, "Organisation Details: Welcome Email Date": null, "Denom": null, "Organisation Details: Denomination": null, "Church/Organisation Profile: Church Denomination": null, "field_13": "2152" }, "geometry": { "type": "Point", "coordinates": [ 0.553283, 50.856878 ] } },
{ "type": "Feature", "properties": { "Contact ID": 2702, "Sort Name": "St John the Evangelist, Taunton", "Contact Subtype": null, "Church/Organisation Profile: Church Postcode": "TA1 4DG", "Long": -3.109404, "Lat": 51.01353, "Church/Organisation Profile: Approved by IC": null, "Organisation Details: Date Trustees Approval": null, "Organisation Details: Welcome Email Date": null, "Denom": null, "Organisation Details: Denomination": null, "Church/Organisation Profile: Church Denomination": null, "field_13": "2559" }, "geometry": { "type": "Point", "coordinates": [ -3.109404, 51.01353 ] } },
{ "type": "Feature", "properties": { "Contact ID": 7363, "Sort Name": "St John, Gateshead Fell (with Windy Nook)", "Contact Subtype": null, "Church/Organisation Profile: Church Postcode": "NE9", "Long": 0.0, "Lat": 0.0, "Church/Organisation Profile: Approved by IC": null, "Organisation Details: Date Trustees Approval": null, "Organisation Details: Welcome Email Date": null, "Denom": "Church of England", "Organisation Details: Denomination": null, "Church/Organisation Profile: Church Denomination": null, "field_13": "9017" }, "geometry": { "type": "Point", "coordinates": [ 0.0, 0.0 ] } },
{ "type": "Feature", "properties": { "Contact ID": 2303, "Sort Name": "St John, Porthmadog", "Contact Subtype": null, "Church/Organisation Profile: Church Postcode": "LL49 9PA", "Long": -4.137772, "Lat": 52.927014, "Church/Organisation Profile: Approved by IC": null, "Organisation Details: Date Trustees Approval": null, "Organisation Details: Welcome Email Date": null, "Denom": "Church in Wales", "Organisation Details: Denomination": null, "Church/Organisation Profile: Church Denomination": null, "field_13": "2134" }, "geometry": { "type": "Point", "coordinates": [ -4.137772, 52.927014 ] } },
{ "type": "Feature", "properties": { "Contact ID": 2701, "Sort Name": "St John's Carrington", "Contact Subtype": null, "Church/Organisation Profile: Church Postcode": "NG5 2DP", "Long": -1.149818, "Lat": 52.976639, "Church/Organisation Profile: Approved by IC": null, "Organisation Details: Date Trustees Approval": null, "Organisation Details: Welcome Email Date": null, "Denom": "Church of England", "Organisation Details: Denomination": null, "Church/Organisation Profile: Church Denomination": null, "field_13": "2558" }, "geometry": { "type": "Point", "coordinates": [ -1.149818, 52.976639 ] } },
{ "type": "Feature", "properties": { "Contact ID": 234687, "Sort Name": "St John's Church, Redhill", "Contact Subtype": null, "Church/Organisation Profile: Church Postcode": "RH1 6QA", "Long": -0.175128, "Lat": 51.229371, "Church/Organisation Profile: Approved by IC": null, "Organisation Details: Date Trustees Approval": null, "Organisation Details: Welcome Email Date": null, "Denom": "Church of England", "Organisation Details: Denomination": null, "Church/Organisation Profile: Church Denomination": null, "field_13": "6890" }, "geometry": { "type": "Point", "coordinates": [ -0.175128, 51.229371 ] } },
{ "type": "Feature", "properties": { "Contact ID": 235520, "Sort Name": "St John's Church, Stansted Mountfitchet", "Contact Subtype": null, "Church/Organisation Profile: Church Postcode": "CM24 8JP", "Long": 0.196813, "Lat": 51.903533, "Church/Organisation Profile: Approved by IC": null, "Organisation Details: Date Trustees Approval": null, "Organisation Details: Welcome Email Date": null, "Denom": "Church of England", "Organisation Details: Denomination": null, "Church/Organisation Profile: Church Denomination": null, "field_13": "12599" }, "geometry": { "type": "Point", "coordinates": [ 0.196813, 51.903533 ] } },
{ "type": "Feature", "properties": { "Contact ID": 265254, "Sort Name": "St John's Community Church, Chase Terrace & Boney Hay", "Contact Subtype": null, "Church/Organisation Profile: Church Postcode": "WS7 1LR", "Long": -1.937727, "Lat": 52.688004, "Church/Organisation Profile: Approved by IC": null, "Organisation Details: Date Trustees Approval": null, "Organisation Details: Welcome Email Date": null, "Denom": "Church of England", "Organisation Details: Denomination": null, "Church/Organisation Profile: Church Denomination": null, "field_13": "21437" }, "geometry": { "type": "Point", "coordinates": [ -1.937727, 52.688004 ] } },
{ "type": "Feature", "properties": { "Contact ID": 2379, "Sort Name": "St John's Hedge End", "Contact Subtype": null, "Church/Organisation Profile: Church Postcode": "SO30 4AF", "Long": -1.307133, "Lat": 50.910011, "Church/Organisation Profile: Approved by IC": null, "Organisation Details: Date Trustees Approval": null, "Organisation Details: Welcome Email Date": null, "Denom": null, "Organisation Details: Denomination": null, "Church/Organisation Profile: Church Denomination": null, "field_13": "2230" }, "geometry": { "type": "Point", "coordinates": [ -1.307133, 50.910011 ] } },
{ "type": "Feature", "properties": { "Contact ID": 2703, "Sort Name": "St John's Hyde Park", "Contact Subtype": null, "Church/Organisation Profile: Church Postcode": "W2 2QD", "Long": -0.168112, "Lat": 51.51551, "Church/Organisation Profile: Approved by IC": null, "Organisation Details: Date Trustees Approval": null, "Organisation Details: Welcome Email Date": null, "Denom": null, "Organisation Details: Denomination": null, "Church/Organisation Profile: Church Denomination": null, "field_13": "2560" }, "geometry": { "type": "Point", "coordinates": [ -0.168112, 51.51551 ] } },
{ "type": "Feature", "properties": { "Contact ID": 3944, "Sort Name": "St John's Ranmoor (Three Spires Mission Area, Sheffield)", "Contact Subtype": null, "Church/Organisation Profile: Church Postcode": "S10 3GX", "Long": -1.522462, "Lat": 53.373081, "Church/Organisation Profile: Approved by IC": null, "Organisation Details: Date Trustees Approval": null, "Organisation Details: Welcome Email Date": null, "Denom": null, "Organisation Details: Denomination": null, "Church/Organisation Profile: Church Denomination": null, "field_13": "3501" }, "geometry": { "type": "Point", "coordinates": [ -1.522462, 53.373081 ] } },
{ "type": "Feature", "properties": { "Contact ID": 3955, "Sort Name": "St John's Sharow", "Contact Subtype": null, "Church/Organisation Profile: Church Postcode": "HG4 5BJ", "Long": -1.502118, "Lat": 54.144274, "Church/Organisation Profile: Approved by IC": null, "Organisation Details: Date Trustees Approval": null, "Organisation Details: Welcome Email Date": null, "Denom": null, "Organisation Details: Denomination": null, "Church/Organisation Profile: Church Denomination": null, "field_13": "3514" }, "geometry": { "type": "Point", "coordinates": [ -1.502118, 54.144274 ] } },
{ "type": "Feature", "properties": { "Contact ID": 2704, "Sort Name": "St John's Upper Norwood (St John the Evangelist)", "Contact Subtype": null, "Church/Organisation Profile: Church Postcode": "SE19 2RX", "Long": -0.079376, "Lat": 51.411168, "Church/Organisation Profile: Approved by IC": null, "Organisation Details: Date Trustees Approval": null, "Organisation Details: Welcome Email Date": null, "Denom": null, "Organisation Details: Denomination": null, "Church/Organisation Profile: Church Denomination": null, "field_13": "2561" }, "geometry": { "type": "Point", "coordinates": [ -0.079376, 51.411168 ] } },
{ "type": "Feature", "properties": { "Contact ID": 2759, "Sort Name": "St John's Waterloo", "Contact Subtype": null, "Church/Organisation Profile: Church Postcode": "SE1 8TY", "Long": -0.111997, "Lat": 51.504486, "Church/Organisation Profile: Approved by IC": null, "Organisation Details: Date Trustees Approval": null, "Organisation Details: Welcome Email Date": null, "Denom": null, "Organisation Details: Denomination": null, "Church/Organisation Profile: Church Denomination": null, "field_13": "C2616" }, "geometry": { "type": "Point", "coordinates": [ -0.111997, 51.504486 ] } },
{ "type": "Feature", "properties": { "Contact ID": 6790, "Sort Name": "St Jude on the Hill, Hampstead Garden Suburb", "Contact Subtype": null, "Church/Organisation Profile: Church Postcode": "NW11 7AH", "Long": -0.189283, "Lat": 51.580208, "Church/Organisation Profile: Approved by IC": null, "Organisation Details: Date Trustees Approval": null, "Organisation Details: Welcome Email Date": null, "Denom": "Church of England", "Organisation Details: Denomination": null, "Church/Organisation Profile: Church Denomination": null, "field_13": "8097" }, "geometry": { "type": "Point", "coordinates": [ -0.189283, 51.580208 ] } },
{ "type": "Feature", "properties": { "Contact ID": 5931, "Sort Name": "St Kenelm's Romsley (Halas)", "Contact Subtype": null, "Church/Organisation Profile: Church Postcode": "B62 0NG", "Long": -2.082669, "Lat": 52.424452, "Church/Organisation Profile: Approved by IC": null, "Organisation Details: Date Trustees Approval": null, "Organisation Details: Welcome Email Date": null, "Denom": "Church of England", "Organisation Details: Denomination": null, "Church/Organisation Profile: Church Denomination": null, "field_13": "6686" }, "geometry": { "type": "Point", "coordinates": [ -2.082669, 52.424452 ] } },
{ "type": "Feature", "properties": { "Contact ID": 2263, "Sort Name": "St Laurence Frodsham (aka Lawrence)", "Contact Subtype": null, "Church/Organisation Profile: Church Postcode": "WA6 6AD", "Long": -2.718697, "Lat": 53.289952, "Church/Organisation Profile: Approved by IC": null, "Organisation Details: Date Trustees Approval": null, "Organisation Details: Welcome Email Date": null, "Denom": null, "Organisation Details: Denomination": null, "Church/Organisation Profile: Church Denomination": null, "field_13": "2093" }, "geometry": { "type": "Point", "coordinates": [ -2.718697, 53.289952 ] } },
{ "type": "Feature", "properties": { "Contact ID": 2499, "Sort Name": "St Laurence Ludlow", "Contact Subtype": null, "Church/Organisation Profile: Church Postcode": "SY8 1AN", "Long": -2.719545, "Lat": 52.368267, "Church/Organisation Profile: Approved by IC": null, "Organisation Details: Date Trustees Approval": null, "Organisation Details: Welcome Email Date": null, "Denom": null, "Organisation Details: Denomination": null, "Church/Organisation Profile: Church Denomination": null, "field_13": "2356" }, "geometry": { "type": "Point", "coordinates": [ -2.719545, 52.368267 ] } },
{ "type": "Feature", "properties": { "Contact ID": 6920, "Sort Name": "St Laurence Stroud", "Contact Subtype": null, "Church/Organisation Profile: Church Postcode": "GL5 1JL", "Long": -2.215012, "Lat": 51.746171, "Church/Organisation Profile: Approved by IC": null, "Organisation Details: Date Trustees Approval": null, "Organisation Details: Welcome Email Date": null, "Denom": "Church of England", "Organisation Details: Denomination": null, "Church/Organisation Profile: Church Denomination": null, "field_13": "8661" }, "geometry": { "type": "Point", "coordinates": [ -2.215012, 51.746171 ] } },
{ "type": "Feature", "properties": { "Contact ID": 2458, "Sort Name": "St Laurence Winslow", "Contact Subtype": null, "Church/Organisation Profile: Church Postcode": "MK18 3AB", "Long": -0.882164, "Lat": 51.941259, "Church/Organisation Profile: Approved by IC": null, "Organisation Details: Date Trustees Approval": null, "Organisation Details: Welcome Email Date": null, "Denom": null, "Organisation Details: Denomination": null, "Church/Organisation Profile: Church Denomination": null, "field_13": "2311" }, "geometry": { "type": "Point", "coordinates": [ -0.882164, 51.941259 ] } },
{ "type": "Feature", "properties": { "Contact ID": 181979, "Sort Name": "St Laurence, Falmer, Brighton", "Contact Subtype": null, "Church/Organisation Profile: Church Postcode": "BN1", "Long": 0.0, "Lat": 0.0, "Church/Organisation Profile: Approved by IC": null, "Organisation Details: Date Trustees Approval": null, "Organisation Details: Welcome Email Date": null, "Denom": null, "Organisation Details: Denomination": null, "Church/Organisation Profile: Church Denomination": null, "field_13": "10305" }, "geometry": { "type": "Point", "coordinates": [ 0.0, 0.0 ] } },
{ "type": "Feature", "properties": { "Contact ID": 235618, "Sort Name": "St Laurence, Tidmarsh", "Contact Subtype": null, "Church/Organisation Profile: Church Postcode": "RG8", "Long": 0.0, "Lat": 0.0, "Church/Organisation Profile: Approved by IC": null, "Organisation Details: Date Trustees Approval": null, "Organisation Details: Welcome Email Date": null, "Denom": null, "Organisation Details: Denomination": null, "Church/Organisation Profile: Church Denomination": null, "field_13": "20475" }, "geometry": { "type": "Point", "coordinates": [ 0.0, 0.0 ] } },
{ "type": "Feature", "properties": { "Contact ID": 6910, "Sort Name": "St Lawrence Effingham (with Little Bookham)", "Contact Subtype": null, "Church/Organisation Profile: Church Postcode": "KT23 3AX", "Long": -0.39011, "Lat": 51.283729, "Church/Organisation Profile: Approved by IC": null, "Organisation Details: Date Trustees Approval": null, "Organisation Details: Welcome Email Date": null, "Denom": "Church of England", "Organisation Details: Denomination": null, "Church/Organisation Profile: Church Denomination": null, "field_13": "8632" }, "geometry": { "type": "Point", "coordinates": [ -0.39011, 51.283729 ] } },
{ "type": "Feature", "properties": { "Contact ID": 181970, "Sort Name": "St Lawrence, Fulstow, Lincolnshire", "Contact Subtype": null, "Church/Organisation Profile: Church Postcode": "LN11 0XW", "Long": -0.008152, "Lat": 53.459841, "Church/Organisation Profile: Approved by IC": null, "Organisation Details: Date Trustees Approval": null, "Organisation Details: Welcome Email Date": null, "Denom": "Church of England", "Organisation Details: Denomination": null, "Church/Organisation Profile: Church Denomination": null, "field_13": "10274" }, "geometry": { "type": "Point", "coordinates": [ -0.008152, 53.459841 ] } },
{ "type": "Feature", "properties": { "Contact ID": 6738, "Sort Name": "St Lawrence, Heanor", "Contact Subtype": null, "Church/Organisation Profile: Church Postcode": "DE75 7AH", "Long": -1.35012, "Lat": 53.013625, "Church/Organisation Profile: Approved by IC": null, "Organisation Details: Date Trustees Approval": null, "Organisation Details: Welcome Email Date": null, "Denom": "Church of England", "Organisation Details: Denomination": null, "Church/Organisation Profile: Church Denomination": null, "field_13": "7890" }, "geometry": { "type": "Point", "coordinates": [ -1.35012, 53.013625 ] } },
{ "type": "Feature", "properties": { "Contact ID": 2485, "Sort Name": "St Leonard Banbury", "Contact Subtype": null, "Church/Organisation Profile: Church Postcode": "OX16 4RE", "Long": -1.323991, "Lat": 52.06505, "Church/Organisation Profile: Approved by IC": null, "Organisation Details: Date Trustees Approval": null, "Organisation Details: Welcome Email Date": null, "Denom": null, "Organisation Details: Denomination": null, "Church/Organisation Profile: Church Denomination": null, "field_13": "2342" }, "geometry": { "type": "Point", "coordinates": [ -1.323991, 52.06505 ] } },
{ "type": "Feature", "properties": { "Contact ID": 234528, "Sort Name": "St Leonard Malinslee (Central Telford Parish)", "Contact Subtype": null, "Church/Organisation Profile: Church Postcode": "TF4 2DU", "Long": -2.461198, "Lat": 52.670616, "Church/Organisation Profile: Approved by IC": null, "Organisation Details: Date Trustees Approval": null, "Organisation Details: Welcome Email Date": null, "Denom": null, "Organisation Details: Denomination": null, "Church/Organisation Profile: Church Denomination": null, "field_13": "9203" }, "geometry": { "type": "Point", "coordinates": [ -2.461198, 52.670616 ] } },
{ "type": "Feature", "properties": { "Contact ID": 2363, "Sort Name": "St Leonard Streatham", "Contact Subtype": null, "Church/Organisation Profile: Church Postcode": "SW16 1HS", "Long": -0.130636, "Lat": 51.429947, "Church/Organisation Profile: Approved by IC": null, "Organisation Details: Date Trustees Approval": null, "Organisation Details: Welcome Email Date": null, "Denom": null, "Organisation Details: Denomination": null, "Church/Organisation Profile: Church Denomination": null, "field_13": "2207" }, "geometry": { "type": "Point", "coordinates": [ -0.130636, 51.429947 ] } },
{ "type": "Feature", "properties": { "Contact ID": 2590, "Sort Name": "St Leonard, Tortworth", "Contact Subtype": null, "Church/Organisation Profile: Church Postcode": "GL12 8HF", "Long": -2.428568, "Lat": 51.638623, "Church/Organisation Profile: Approved by IC": null, "Organisation Details: Date Trustees Approval": null, "Organisation Details: Welcome Email Date": null, "Denom": null, "Organisation Details: Denomination": null, "Church/Organisation Profile: Church Denomination": null, "field_13": "2447" }, "geometry": { "type": "Point", "coordinates": [ -2.428568, 51.638623 ] } },
{ "type": "Feature", "properties": { "Contact ID": 2346, "Sort Name": "St Leonard, Yarpole", "Contact Subtype": null, "Church/Organisation Profile: Church Postcode": "HR6 0BB", "Long": -2.778631, "Lat": 52.278706, "Church/Organisation Profile: Approved by IC": null, "Organisation Details: Date Trustees Approval": null, "Organisation Details: Welcome Email Date": null, "Denom": null, "Organisation Details: Denomination": null, "Church/Organisation Profile: Church Denomination": null, "field_13": "2183" }, "geometry": { "type": "Point", "coordinates": [ -2.778631, 52.278706 ] } },
{ "type": "Feature", "properties": { "Contact ID": 2249, "Sort Name": "St Leonard's Church, Hove", "Contact Subtype": null, "Church/Organisation Profile: Church Postcode": "BN3 4ED", "Long": -0.203025, "Lat": 50.832644, "Church/Organisation Profile: Approved by IC": null, "Organisation Details: Date Trustees Approval": null, "Organisation Details: Welcome Email Date": null, "Denom": "Church of England", "Organisation Details: Denomination": null, "Church/Organisation Profile: Church Denomination": null, "field_13": "3532" }, "geometry": { "type": "Point", "coordinates": [ -0.203025, 50.832644 ] } },
{ "type": "Feature", "properties": { "Contact ID": 5642, "Sort Name": "St Leonard's Flamstead", "Contact Subtype": null, "Church/Organisation Profile: Church Postcode": "AL3 8BS", "Long": -0.43598, "Lat": 51.819618, "Church/Organisation Profile: Approved by IC": null, "Organisation Details: Date Trustees Approval": null, "Organisation Details: Welcome Email Date": null, "Denom": "Church of England", "Organisation Details: Denomination": null, "Church/Organisation Profile: Church Denomination": null, "field_13": "4628" }, "geometry": { "type": "Point", "coordinates": [ -0.43598, 51.819618 ] } },
{ "type": "Feature", "properties": { "Contact ID": 2609, "Sort Name": "St Leonard's Hythe", "Contact Subtype": null, "Church/Organisation Profile: Church Postcode": "CT21 5DN", "Long": 1.083713, "Lat": 51.072511, "Church/Organisation Profile: Approved by IC": null, "Organisation Details: Date Trustees Approval": null, "Organisation Details: Welcome Email Date": null, "Denom": null, "Organisation Details: Denomination": null, "Church/Organisation Profile: Church Denomination": null, "field_13": "2466" }, "geometry": { "type": "Point", "coordinates": [ 1.083713, 51.072511 ] } },
{ "type": "Feature", "properties": { "Contact ID": 3985, "Sort Name": "St Leonard's, Leighton Buzzard", "Contact Subtype": null, "Church/Organisation Profile: Church Postcode": "LU7 0AA", "Long": -0.655462, "Lat": 51.941686, "Church/Organisation Profile: Approved by IC": null, "Organisation Details: Date Trustees Approval": null, "Organisation Details: Welcome Email Date": null, "Denom": null, "Organisation Details: Denomination": null, "Church/Organisation Profile: Church Denomination": null, "field_13": "C2075" }, "geometry": { "type": "Point", "coordinates": [ -0.655462, 51.941686 ] } },
{ "type": "Feature", "properties": { "Contact ID": 6463, "Sort Name": "St Luke Norwich", "Contact Subtype": null, "Church/Organisation Profile: Church Postcode": "NR3 2HF", "Long": 1.286798, "Lat": 52.642898, "Church/Organisation Profile: Approved by IC": null, "Organisation Details: Date Trustees Approval": null, "Organisation Details: Welcome Email Date": null, "Denom": "Church of England", "Organisation Details: Denomination": null, "Church/Organisation Profile: Church Denomination": null, "field_13": "7012" }, "geometry": { "type": "Point", "coordinates": [ 1.286798, 52.642898 ] } },
{ "type": "Feature", "properties": { "Contact ID": 2642, "Sort Name": "St Luke with Holy Trinity, Charlton", "Contact Subtype": null, "Church/Organisation Profile: Church Postcode": "SE7 8DJ", "Long": 0.04755, "Lat": 51.488184, "Church/Organisation Profile: Approved by IC": null, "Organisation Details: Date Trustees Approval": null, "Organisation Details: Welcome Email Date": null, "Denom": "Church of England", "Organisation Details: Denomination": null, "Church/Organisation Profile: Church Denomination": null, "field_13": "6386" }, "geometry": { "type": "Point", "coordinates": [ 0.04755, 51.488184 ] } },
{ "type": "Feature", "properties": { "Contact ID": 235319, "Sort Name": "St Luke's Benchill (Wythenshawe)", "Contact Subtype": null, "Church/Organisation Profile: Church Postcode": "M22", "Long": 0.0, "Lat": 0.0, "Church/Organisation Profile: Approved by IC": null, "Organisation Details: Date Trustees Approval": null, "Organisation Details: Welcome Email Date": null, "Denom": null, "Organisation Details: Denomination": null, "Church/Organisation Profile: Church Denomination": null, "field_13": "2319" }, "geometry": { "type": "Point", "coordinates": [ 0.0, 0.0 ] } },
{ "type": "Feature", "properties": { "Contact ID": 2480, "Sort Name": "St Luke's Cambridge", "Contact Subtype": null, "Church/Organisation Profile: Church Postcode": "CB4 3DZ", "Long": 0.116395, "Lat": 52.215833, "Church/Organisation Profile: Approved by IC": null, "Organisation Details: Date Trustees Approval": null, "Organisation Details: Welcome Email Date": null, "Denom": "LEP (Church of England/URC)", "Organisation Details: Denomination": null, "Church/Organisation Profile: Church Denomination": null, "field_13": "2337" }, "geometry": { "type": "Point", "coordinates": [ 0.116395, 52.215833 ] } },
{ "type": "Feature", "properties": { "Contact ID": 2536, "Sort Name": "St Luke's Chelsea", "Contact Subtype": null, "Church/Organisation Profile: Church Postcode": "SW3 6NH", "Long": -0.169189, "Lat": 51.489727, "Church/Organisation Profile: Approved by IC": null, "Organisation Details: Date Trustees Approval": null, "Organisation Details: Welcome Email Date": null, "Denom": null, "Organisation Details: Denomination": null, "Church/Organisation Profile: Church Denomination": null, "field_13": "C2393" }, "geometry": { "type": "Point", "coordinates": [ -0.169189, 51.489727 ] } },
{ "type": "Feature", "properties": { "Contact ID": 2794, "Sort Name": "St Luke's Church", "Contact Subtype": null, "Church/Organisation Profile: Church Postcode": "AL1 5QJ", "Long": -0.313716, "Lat": 51.744066, "Church/Organisation Profile: Approved by IC": null, "Organisation Details: Date Trustees Approval": null, "Organisation Details: Welcome Email Date": null, "Denom": null, "Organisation Details: Denomination": null, "Church/Organisation Profile: Church Denomination": null, "field_13": "C3526" }, "geometry": { "type": "Point", "coordinates": [ -0.313716, 51.744066 ] } },
{ "type": "Feature", "properties": { "Contact ID": 2742, "Sort Name": "St Luke's Downham (Catford & Downham Team Ministry)", "Contact Subtype": null, "Church/Organisation Profile: Church Postcode": "BR1 5JR", "Long": 0.011955, "Lat": 51.430221, "Church/Organisation Profile: Approved by IC": null, "Organisation Details: Date Trustees Approval": null, "Organisation Details: Welcome Email Date": null, "Denom": "Church of England", "Organisation Details: Denomination": null, "Church/Organisation Profile: Church Denomination": null, "field_13": "2599" }, "geometry": { "type": "Point", "coordinates": [ 0.011955, 51.430221 ] } },
{ "type": "Feature", "properties": { "Contact ID": 2700, "Sort Name": "St Luke's Eltham Park", "Contact Subtype": null, "Church/Organisation Profile: Church Postcode": "SE9 1XX", "Long": 0.058692, "Lat": 51.457962, "Church/Organisation Profile: Approved by IC": null, "Organisation Details: Date Trustees Approval": null, "Organisation Details: Welcome Email Date": null, "Denom": null, "Organisation Details: Denomination": null, "Church/Organisation Profile: Church Denomination": null, "field_13": "2557" }, "geometry": { "type": "Point", "coordinates": [ 0.058692, 51.457962 ] } },
{ "type": "Feature", "properties": { "Contact ID": 2698, "Sort Name": "St Luke's Holloway", "Contact Subtype": null, "Church/Organisation Profile: Church Postcode": "N7 9RE", "Long": -0.119609, "Lat": 51.553358, "Church/Organisation Profile: Approved by IC": null, "Organisation Details: Date Trustees Approval": null, "Organisation Details: Welcome Email Date": null, "Denom": null, "Organisation Details: Denomination": null, "Church/Organisation Profile: Church Denomination": null, "field_13": "2555" }, "geometry": { "type": "Point", "coordinates": [ -0.119609, 51.553358 ] } },
{ "type": "Feature", "properties": { "Contact ID": 2697, "Sort Name": "St Luke's Maidenhead", "Contact Subtype": null, "Church/Organisation Profile: Church Postcode": "SL6 7AX", "Long": -0.724791, "Lat": 51.526876, "Church/Organisation Profile: Approved by IC": null, "Organisation Details: Date Trustees Approval": null, "Organisation Details: Welcome Email Date": null, "Denom": "Church of England", "Organisation Details: Denomination": null, "Church/Organisation Profile: Church Denomination": null, "field_13": "5958" }, "geometry": { "type": "Point", "coordinates": [ -0.724791, 51.526876 ] } },
{ "type": "Feature", "properties": { "Contact ID": 2327, "Sort Name": "St Luke's Prestonville", "Contact Subtype": null, "Church/Organisation Profile: Church Postcode": "BN1 5DD", "Long": -0.146135, "Lat": 50.833374, "Church/Organisation Profile: Approved by IC": null, "Organisation Details: Date Trustees Approval": null, "Organisation Details: Welcome Email Date": null, "Denom": "Church of England", "Organisation Details: Denomination": null, "Church/Organisation Profile: Church Denomination": null, "field_13": "6293" }, "geometry": { "type": "Point", "coordinates": [ -0.146135, 50.833374 ] } },
{ "type": "Feature", "properties": { "Contact ID": 235651, "Sort Name": "St Luke's Stocking Farm", "Contact Subtype": null, "Church/Organisation Profile: Church Postcode": "LE4 2DR", "Long": -1.140655, "Lat": 52.662067, "Church/Organisation Profile: Approved by IC": null, "Organisation Details: Date Trustees Approval": null, "Organisation Details: Welcome Email Date": null, "Denom": "Church of England", "Organisation Details: Denomination": null, "Church/Organisation Profile: Church Denomination": null, "field_13": "18886" }, "geometry": { "type": "Point", "coordinates": [ -1.140655, 52.662067 ] } },
{ "type": "Feature", "properties": { "Contact ID": 2392, "Sort Name": "St Luke's York", "Contact Subtype": null, "Church/Organisation Profile: Church Postcode": "YO30 7BE", "Long": -1.088396, "Lat": 53.970286, "Church/Organisation Profile: Approved by IC": null, "Organisation Details: Date Trustees Approval": null, "Organisation Details: Welcome Email Date": null, "Denom": null, "Organisation Details: Denomination": null, "Church/Organisation Profile: Church Denomination": null, "field_13": "2243" }, "geometry": { "type": "Point", "coordinates": [ -1.088396, 53.970286 ] } },
{ "type": "Feature", "properties": { "Contact ID": 5727, "Sort Name": "St Luke's, Glenrothes", "Contact Subtype": null, "Church/Organisation Profile: Church Postcode": "KY7 4HP", "Long": -3.174116, "Lat": 56.194708, "Church/Organisation Profile: Approved by IC": null, "Organisation Details: Date Trustees Approval": null, "Organisation Details: Welcome Email Date": null, "Denom": "Scottish Episcopal Church", "Organisation Details: Denomination": null, "Church/Organisation Profile: Church Denomination": null, "field_13": "4832" }, "geometry": { "type": "Point", "coordinates": [ -3.174116, 56.194708 ] } },
{ "type": "Feature", "properties": { "Contact ID": 234842, "Sort Name": "St Luke's, St Albans", "Contact Subtype": null, "Church/Organisation Profile: Church Postcode": "AL1 5NL", "Long": -0.30734, "Lat": 51.74723, "Church/Organisation Profile: Approved by IC": null, "Organisation Details: Date Trustees Approval": null, "Organisation Details: Welcome Email Date": null, "Denom": null, "Organisation Details: Denomination": null, "Church/Organisation Profile: Church Denomination": null, "field_13": "3526" }, "geometry": { "type": "Point", "coordinates": [ -0.30734, 51.74723 ] } },
{ "type": "Feature", "properties": { "Contact ID": 2314, "Sort Name": "St Luke's, Winton", "Contact Subtype": null, "Church/Organisation Profile: Church Postcode": "BH3 7LR", "Long": -1.876224, "Lat": 50.738667, "Church/Organisation Profile: Approved by IC": null, "Organisation Details: Date Trustees Approval": null, "Organisation Details: Welcome Email Date": null, "Denom": "Church of England", "Organisation Details: Denomination": null, "Church/Organisation Profile: Church Denomination": null, "field_13": "2148" }, "geometry": { "type": "Point", "coordinates": [ -1.876224, 50.738667 ] } },
{ "type": "Feature", "properties": { "Contact ID": 5738, "Sort Name": "St Margaret Holyrood, Prestwich", "Contact Subtype": null, "Church/Organisation Profile: Church Postcode": "M25 2QB", "Long": -2.269996, "Lat": 53.537283, "Church/Organisation Profile: Approved by IC": null, "Organisation Details: Date Trustees Approval": null, "Organisation Details: Welcome Email Date": null, "Denom": "Church of England", "Organisation Details: Denomination": null, "Church/Organisation Profile: Church Denomination": null, "field_13": "4874" }, "geometry": { "type": "Point", "coordinates": [ -2.269996, 53.537283 ] } },
{ "type": "Feature", "properties": { "Contact ID": 5933, "Sort Name": "St Margaret of Antioch, Hasbury (Halas)", "Contact Subtype": null, "Church/Organisation Profile: Church Postcode": "B63 4QD", "Long": -2.059976, "Lat": 52.444119, "Church/Organisation Profile: Approved by IC": null, "Organisation Details: Date Trustees Approval": null, "Organisation Details: Welcome Email Date": null, "Denom": "Church of England", "Organisation Details: Denomination": null, "Church/Organisation Profile: Church Denomination": null, "field_13": "6685" }, "geometry": { "type": "Point", "coordinates": [ -2.059976, 52.444119 ] } },
{ "type": "Feature", "properties": { "Contact ID": 5808, "Sort Name": "St Margaret of Antioch, Ilford", "Contact Subtype": null, "Church/Organisation Profile: Church Postcode": "IG1 4HZ", "Long": 0.081671, "Lat": 51.567439, "Church/Organisation Profile: Approved by IC": null, "Organisation Details: Date Trustees Approval": null, "Organisation Details: Welcome Email Date": null, "Denom": "Church of England", "Organisation Details: Denomination": null, "Church/Organisation Profile: Church Denomination": null, "field_13": "5049" }, "geometry": { "type": "Point", "coordinates": [ 0.081671, 51.567439 ] } },
{ "type": "Feature", "properties": { "Contact ID": 2490, "Sort Name": "St Margaret of Antioch, Linstead", "Contact Subtype": null, "Church/Organisation Profile: Church Postcode": "IP19 0AE", "Long": 1.445945, "Lat": 52.346743, "Church/Organisation Profile: Approved by IC": null, "Organisation Details: Date Trustees Approval": null, "Organisation Details: Welcome Email Date": null, "Denom": null, "Organisation Details: Denomination": null, "Church/Organisation Profile: Church Denomination": null, "field_13": "2347" }, "geometry": { "type": "Point", "coordinates": [ 1.445945, 52.346743 ] } },
{ "type": "Feature", "properties": { "Contact ID": 3998, "Sort Name": "St Margaret Rochester", "Contact Subtype": null, "Church/Organisation Profile: Church Postcode": "ME1 1UF", "Long": 0.500362, "Lat": 51.385499, "Church/Organisation Profile: Approved by IC": null, "Organisation Details: Date Trustees Approval": null, "Organisation Details: Welcome Email Date": null, "Denom": "Church of England", "Organisation Details: Denomination": null, "Church/Organisation Profile: Church Denomination": null, "field_13": "6365" }, "geometry": { "type": "Point", "coordinates": [ 0.500362, 51.385499 ] } },
{ "type": "Feature", "properties": { "Contact ID": 2696, "Sort Name": "St Margaret, Lee (Lewisham)", "Contact Subtype": null, "Church/Organisation Profile: Church Postcode": "SE13 5EA", "Long": 0.000495, "Lat": 51.460983, "Church/Organisation Profile: Approved by IC": null, "Organisation Details: Date Trustees Approval": null, "Organisation Details: Welcome Email Date": null, "Denom": null, "Organisation Details: Denomination": null, "Church/Organisation Profile: Church Denomination": null, "field_13": "2553" }, "geometry": { "type": "Point", "coordinates": [ 0.000495, 51.460983 ] } },
{ "type": "Feature", "properties": { "Contact ID": 234344, "Sort Name": "St Margaret's Durhamy", "Contact Subtype": null, "Church/Organisation Profile: Church Postcode": "DH1", "Long": 0.0, "Lat": 0.0, "Church/Organisation Profile: Approved by IC": null, "Organisation Details: Date Trustees Approval": null, "Organisation Details: Welcome Email Date": null, "Denom": null, "Organisation Details: Denomination": null, "Church/Organisation Profile: Church Denomination": null, "field_13": "7641" }, "geometry": { "type": "Point", "coordinates": [ 0.0, 0.0 ] } },
{ "type": "Feature", "properties": { "Contact ID": 2212, "Sort Name": "St Margaret's Putney", "Contact Subtype": null, "Church/Organisation Profile: Church Postcode": "SW15 5HU", "Long": -0.234403, "Lat": 51.459055, "Church/Organisation Profile: Approved by IC": null, "Organisation Details: Date Trustees Approval": null, "Organisation Details: Welcome Email Date": null, "Denom": null, "Organisation Details: Denomination": null, "Church/Organisation Profile: Church Denomination": null, "field_13": "C3604" }, "geometry": { "type": "Point", "coordinates": [ -0.234403, 51.459055 ] } },
{ "type": "Feature", "properties": { "Contact ID": 5935, "Sort Name": "St Margaret's, Whalley Range", "Contact Subtype": null, "Church/Organisation Profile: Church Postcode": "M16 8AE", "Long": -2.259238, "Lat": 53.455521, "Church/Organisation Profile: Approved by IC": null, "Organisation Details: Date Trustees Approval": null, "Organisation Details: Welcome Email Date": null, "Denom": "Church of England", "Organisation Details: Denomination": null, "Church/Organisation Profile: Church Denomination": null, "field_13": "5389" }, "geometry": { "type": "Point", "coordinates": [ -2.259238, 53.455521 ] } },
{ "type": "Feature", "properties": { "Contact ID": 2765, "Sort Name": "St Mark & St Cuthbert Cleadon Park South Shields", "Contact Subtype": null, "Church/Organisation Profile: Church Postcode": "NE34 7NP", "Long": -1.401377, "Lat": 54.969407, "Church/Organisation Profile: Approved by IC": null, "Organisation Details: Date Trustees Approval": null, "Organisation Details: Welcome Email Date": null, "Denom": null, "Organisation Details: Denomination": null, "Church/Organisation Profile: Church Denomination": null, "field_13": "2150" }, "geometry": { "type": "Point", "coordinates": [ -1.401377, 54.969407 ] } },
{ "type": "Feature", "properties": { "Contact ID": 3975, "Sort Name": "St Mark Herston (Swanage and Studland)", "Contact Subtype": null, "Church/Organisation Profile: Church Postcode": "BH19 2SA", "Long": -1.976665, "Lat": 50.609711, "Church/Organisation Profile: Approved by IC": null, "Organisation Details: Date Trustees Approval": null, "Organisation Details: Welcome Email Date": null, "Denom": null, "Organisation Details: Denomination": null, "Church/Organisation Profile: Church Denomination": null, "field_13": "3770" }, "geometry": { "type": "Point", "coordinates": [ -1.976665, 50.609711 ] } },
{ "type": "Feature", "properties": { "Contact ID": 235104, "Sort Name": "St Mark Upper Hale (with Badshot Lea)", "Contact Subtype": null, "Church/Organisation Profile: Church Postcode": "GU9", "Long": 0.0, "Lat": 0.0, "Church/Organisation Profile: Approved by IC": null, "Organisation Details: Date Trustees Approval": null, "Organisation Details: Welcome Email Date": null, "Denom": null, "Organisation Details: Denomination": null, "Church/Organisation Profile: Church Denomination": null, "field_13": "2071" }, "geometry": { "type": "Point", "coordinates": [ 0.0, 0.0 ] } },
{ "type": "Feature", "properties": { "Contact ID": 2275, "Sort Name": "St Mark, Shelfield & High Heath", "Contact Subtype": null, "Church/Organisation Profile: Church Postcode": "WS4 1RN", "Long": -1.950071, "Lat": 52.618969, "Church/Organisation Profile: Approved by IC": null, "Organisation Details: Date Trustees Approval": null, "Organisation Details: Welcome Email Date": null, "Denom": "Church of England", "Organisation Details: Denomination": null, "Church/Organisation Profile: Church Denomination": null, "field_13": "2105" }, "geometry": { "type": "Point", "coordinates": [ -1.950071, 52.618969 ] } },
{ "type": "Feature", "properties": { "Contact ID": 4325, "Sort Name": "St Mark, Southend-on-Sea", "Contact Subtype": null, "Church/Organisation Profile: Church Postcode": "SS1 1HY", "Long": 0.706686, "Lat": 51.537184, "Church/Organisation Profile: Approved by IC": null, "Organisation Details: Date Trustees Approval": null, "Organisation Details: Welcome Email Date": null, "Denom": null, "Organisation Details: Denomination": null, "Church/Organisation Profile: Church Denomination": null, "field_13": "3860" }, "geometry": { "type": "Point", "coordinates": [ 0.706686, 51.537184 ] } },
{ "type": "Feature", "properties": { "Contact ID": 235696, "Sort Name": "St Mark's Church,  Ampfield", "Contact Subtype": null, "Church/Organisation Profile: Church Postcode": "SO51 9BU", "Long": -1.419243, "Lat": 51.008272, "Church/Organisation Profile: Approved by IC": null, "Organisation Details: Date Trustees Approval": null, "Organisation Details: Welcome Email Date": null, "Denom": "Church of England", "Organisation Details: Denomination": null, "Church/Organisation Profile: Church Denomination": null, "field_13": "20462" }, "geometry": { "type": "Point", "coordinates": [ -1.419243, 51.008272 ] } },
{ "type": "Feature", "properties": { "Contact ID": 7354, "Sort Name": "St Mark's Church, Bedford", "Contact Subtype": null, "Church/Organisation Profile: Church Postcode": "MK41 7UY", "Long": -0.456785, "Lat": 52.162896, "Church/Organisation Profile: Approved by IC": null, "Organisation Details: Date Trustees Approval": null, "Organisation Details: Welcome Email Date": null, "Denom": "Church of England", "Organisation Details: Denomination": null, "Church/Organisation Profile: Church Denomination": null, "field_13": "8959" }, "geometry": { "type": "Point", "coordinates": [ -0.456785, 52.162896 ] } },
{ "type": "Feature", "properties": { "Contact ID": 2245, "Sort Name": "St Mark's Church, Leamington Spa", "Contact Subtype": null, "Church/Organisation Profile: Church Postcode": "CV32 6DL", "Long": -1.5469, "Lat": 52.294569, "Church/Organisation Profile: Approved by IC": null, "Organisation Details: Date Trustees Approval": null, "Organisation Details: Welcome Email Date": null, "Denom": "Church of England", "Organisation Details: Denomination": null, "Church/Organisation Profile: Church Denomination": null, "field_13": "C3678" }, "geometry": { "type": "Point", "coordinates": [ -1.5469, 52.294569 ] } },
{ "type": "Feature", "properties": { "Contact ID": 2676, "Sort Name": "St Mark's Godalming", "Contact Subtype": null, "Church/Organisation Profile: Church Postcode": "GU7 2QH", "Long": -0.622588, "Lat": 51.188127, "Church/Organisation Profile: Approved by IC": null, "Organisation Details: Date Trustees Approval": null, "Organisation Details: Welcome Email Date": null, "Denom": null, "Organisation Details: Denomination": null, "Church/Organisation Profile: Church Denomination": null, "field_13": "2551" }, "geometry": { "type": "Point", "coordinates": [ -0.622588, 51.188127 ] } },
{ "type": "Feature", "properties": { "Contact ID": 2571, "Sort Name": "St Mark's Mansfield", "Contact Subtype": null, "Church/Organisation Profile: Church Postcode": "NG18 1BP", "Long": -1.196678, "Lat": 53.139148, "Church/Organisation Profile: Approved by IC": null, "Organisation Details: Date Trustees Approval": null, "Organisation Details: Welcome Email Date": null, "Denom": null, "Organisation Details: Denomination": null, "Church/Organisation Profile: Church Denomination": null, "field_13": "2428" }, "geometry": { "type": "Point", "coordinates": [ -1.196678, 53.139148 ] } },
{ "type": "Feature", "properties": { "Contact ID": 2529, "Sort Name": "St Mark's Shiremoor", "Contact Subtype": null, "Church/Organisation Profile: Church Postcode": "NE27 0PP", "Long": -1.504884, "Lat": 55.032542, "Church/Organisation Profile: Approved by IC": null, "Organisation Details: Date Trustees Approval": null, "Organisation Details: Welcome Email Date": null, "Denom": null, "Organisation Details: Denomination": null, "Church/Organisation Profile: Church Denomination": null, "field_13": "6092" }, "geometry": { "type": "Point", "coordinates": [ -1.504884, 55.032542 ] } },
{ "type": "Feature", "properties": { "Contact ID": 5683, "Sort Name": "St Mark's URC Amble", "Contact Subtype": null, "Church/Organisation Profile: Church Postcode": "NE65 0FG", "Long": -1.585464, "Lat": 55.331603, "Church/Organisation Profile: Approved by IC": null, "Organisation Details: Date Trustees Approval": null, "Organisation Details: Welcome Email Date": null, "Denom": "United Reformed Church", "Organisation Details: Denomination": null, "Church/Organisation Profile: Church Denomination": null, "field_13": "4376" }, "geometry": { "type": "Point", "coordinates": [ -1.585464, 55.331603 ] } },
{ "type": "Feature", "properties": { "Contact ID": 2355, "Sort Name": "St Mark's Wellingborough", "Contact Subtype": null, "Church/Organisation Profile: Church Postcode": "NN8 3SD", "Long": -0.720004, "Lat": 52.300164, "Church/Organisation Profile: Approved by IC": null, "Organisation Details: Date Trustees Approval": null, "Organisation Details: Welcome Email Date": null, "Denom": "Church of England", "Organisation Details: Denomination": null, "Church/Organisation Profile: Church Denomination": null, "field_13": "6056" }, "geometry": { "type": "Point", "coordinates": [ -0.720004, 52.300164 ] } },
{ "type": "Feature", "properties": { "Contact ID": 2730, "Sort Name": "St Mark's Wimbledon", "Contact Subtype": null, "Church/Organisation Profile: Church Postcode": "SW19 7ND", "Long": -0.207631, "Lat": 51.422201, "Church/Organisation Profile: Approved by IC": null, "Organisation Details: Date Trustees Approval": null, "Organisation Details: Welcome Email Date": null, "Denom": null, "Organisation Details: Denomination": null, "Church/Organisation Profile: Church Denomination": null, "field_13": "5506" }, "geometry": { "type": "Point", "coordinates": [ -0.207631, 51.422201 ] } },
{ "type": "Feature", "properties": { "Contact ID": 167124, "Sort Name": "St Mark's, Farnborough", "Contact Subtype": null, "Church/Organisation Profile: Church Postcode": "GU14 6NB", "Long": -0.748287, "Lat": 51.280473, "Church/Organisation Profile: Approved by IC": null, "Organisation Details: Date Trustees Approval": null, "Organisation Details: Welcome Email Date": null, "Denom": "Church of England", "Organisation Details: Denomination": null, "Church/Organisation Profile: Church Denomination": null, "field_13": "9875" }, "geometry": { "type": "Point", "coordinates": [ -0.748287, 51.280473 ] } },
{ "type": "Feature", "properties": { "Contact ID": 85632, "Sort Name": "St Mark's, Tunbridge Wells", "Contact Subtype": null, "Church/Organisation Profile: Church Postcode": "TN2 5LU", "Long": 0.253665, "Lat": 51.114165, "Church/Organisation Profile: Approved by IC": null, "Organisation Details: Date Trustees Approval": null, "Organisation Details: Welcome Email Date": null, "Denom": "Church of England", "Organisation Details: Denomination": null, "Church/Organisation Profile: Church Denomination": null, "field_13": "9139" }, "geometry": { "type": "Point", "coordinates": [ 0.253665, 51.114165 ] } },
{ "type": "Feature", "properties": { "Contact ID": 2695, "Sort Name": "St Marks Broomhill", "Contact Subtype": null, "Church/Organisation Profile: Church Postcode": "S10 2SE", "Long": -1.496726, "Lat": 53.377272, "Church/Organisation Profile: Approved by IC": null, "Organisation Details: Date Trustees Approval": null, "Organisation Details: Welcome Email Date": null, "Denom": "Church of England", "Organisation Details: Denomination": null, "Church/Organisation Profile: Church Denomination": null, "field_13": "5749" }, "geometry": { "type": "Point", "coordinates": [ -1.496726, 53.377272 ] } },
{ "type": "Feature", "properties": { "Contact ID": 6735, "Sort Name": "St Martin & St Hilary, Kirklevington", "Contact Subtype": null, "Church/Organisation Profile: Church Postcode": "TS15", "Long": 0.0, "Lat": 0.0, "Church/Organisation Profile: Approved by IC": null, "Organisation Details: Date Trustees Approval": null, "Organisation Details: Welcome Email Date": null, "Denom": null, "Organisation Details: Denomination": null, "Church/Organisation Profile: Church Denomination": null, "field_13": "7882" }, "geometry": { "type": "Point", "coordinates": [ 0.0, 0.0 ] } },
{ "type": "Feature", "properties": { "Contact ID": 2340, "Sort Name": "St Martin Droylsden", "Contact Subtype": null, "Church/Organisation Profile: Church Postcode": "M43 7QS", "Long": -2.157, "Lat": 53.488399, "Church/Organisation Profile: Approved by IC": null, "Organisation Details: Date Trustees Approval": null, "Organisation Details: Welcome Email Date": null, "Denom": null, "Organisation Details: Denomination": null, "Church/Organisation Profile: Church Denomination": null, "field_13": "2177" }, "geometry": { "type": "Point", "coordinates": [ -2.157, 53.488399 ] } },
{ "type": "Feature", "properties": { "Contact ID": 2693, "Sort Name": "St Martin in the Fields", "Contact Subtype": null, "Church/Organisation Profile: Church Postcode": "WC2N 4JJ", "Long": 0.0, "Lat": 0.0, "Church/Organisation Profile: Approved by IC": null, "Organisation Details: Date Trustees Approval": null, "Organisation Details: Welcome Email Date": null, "Denom": null, "Organisation Details: Denomination": null, "Church/Organisation Profile: Church Denomination": null, "field_13": "2550" }, "geometry": { "type": "Point", "coordinates": [ 0.0, 0.0 ] } },
{ "type": "Feature", "properties": { "Contact ID": 265259, "Sort Name": "St Martin of Tours Epsom", "Contact Subtype": null, "Church/Organisation Profile: Church Postcode": "KT17 4PX", "Long": -0.25999, "Lat": 51.33114, "Church/Organisation Profile: Approved by IC": null, "Organisation Details: Date Trustees Approval": null, "Organisation Details: Welcome Email Date": null, "Denom": "Church of England", "Organisation Details: Denomination": null, "Church/Organisation Profile: Church Denomination": null, "field_13": "21040" }, "geometry": { "type": "Point", "coordinates": [ -0.25999, 51.33114 ] } },
{ "type": "Feature", "properties": { "Contact ID": 2439, "Sort Name": "St Martin Southdene (Kirkby)", "Contact Subtype": null, "Church/Organisation Profile: Church Postcode": "L32 7PR", "Long": -2.876703, "Lat": 53.469779, "Church/Organisation Profile: Approved by IC": null, "Organisation Details: Date Trustees Approval": null, "Organisation Details: Welcome Email Date": null, "Denom": null, "Organisation Details: Denomination": null, "Church/Organisation Profile: Church Denomination": null, "field_13": "2290" }, "geometry": { "type": "Point", "coordinates": [ -2.876703, 53.469779 ] } },
{ "type": "Feature", "properties": { "Contact ID": 6138, "Sort Name": "St Martin's Church, East Horsley", "Contact Subtype": null, "Church/Organisation Profile: Church Postcode": "KT24 6RL", "Long": -0.431228, "Lat": 51.263343, "Church/Organisation Profile: Approved by IC": null, "Organisation Details: Date Trustees Approval": null, "Organisation Details: Welcome Email Date": null, "Denom": "Church of England", "Organisation Details: Denomination": null, "Church/Organisation Profile: Church Denomination": null, "field_13": "5998" }, "geometry": { "type": "Point", "coordinates": [ -0.431228, 51.263343 ] } },
{ "type": "Feature", "properties": { "Contact ID": 3938, "Sort Name": "St Martin's Little Waltham (The Leighs and Little Waltham)", "Contact Subtype": null, "Church/Organisation Profile: Church Postcode": "CM3 3LJ", "Long": 0.480268, "Lat": 51.785702, "Church/Organisation Profile: Approved by IC": null, "Organisation Details: Date Trustees Approval": null, "Organisation Details: Welcome Email Date": null, "Denom": null, "Organisation Details: Denomination": null, "Church/Organisation Profile: Church Denomination": null, "field_13": "3495" }, "geometry": { "type": "Point", "coordinates": [ 0.480268, 51.785702 ] } },
{ "type": "Feature", "properties": { "Contact ID": 2778, "Sort Name": "St Martin's Wythenshawe", "Contact Subtype": null, "Church/Organisation Profile: Church Postcode": "M23 1LX", "Long": -2.278898, "Lat": 53.392278, "Church/Organisation Profile: Approved by IC": null, "Organisation Details: Date Trustees Approval": null, "Organisation Details: Welcome Email Date": null, "Denom": null, "Organisation Details: Denomination": null, "Church/Organisation Profile: Church Denomination": null, "field_13": "2193" }, "geometry": { "type": "Point", "coordinates": [ -2.278898, 53.392278 ] } },
{ "type": "Feature", "properties": { "Contact ID": 2447, "Sort Name": "St Martin's, Brighouse", "Contact Subtype": null, "Church/Organisation Profile: Church Postcode": "HD6 1AT", "Long": -1.782551, "Lat": 53.703079, "Church/Organisation Profile: Approved by IC": null, "Organisation Details: Date Trustees Approval": null, "Organisation Details: Welcome Email Date": null, "Denom": "Church of England", "Organisation Details: Denomination": null, "Church/Organisation Profile: Church Denomination": null, "field_13": "2298" }, "geometry": { "type": "Point", "coordinates": [ -1.782551, 53.703079 ] } },
{ "type": "Feature", "properties": { "Contact ID": 6412, "Sort Name": "St Martin's, Shenley", "Contact Subtype": null, "Church/Organisation Profile: Church Postcode": "WD7 9DU", "Long": -0.279227, "Lat": 51.689469, "Church/Organisation Profile: Approved by IC": null, "Organisation Details: Date Trustees Approval": null, "Organisation Details: Welcome Email Date": null, "Denom": "Church of England", "Organisation Details: Denomination": null, "Church/Organisation Profile: Church Denomination": null, "field_13": "6850" }, "geometry": { "type": "Point", "coordinates": [ -0.279227, 51.689469 ] } },
{ "type": "Feature", "properties": { "Contact ID": 85720, "Sort Name": "St Martins, Cheriton", "Contact Subtype": null, "Church/Organisation Profile: Church Postcode": "CT20 3JJ", "Long": 1.125485, "Lat": 51.08519, "Church/Organisation Profile: Approved by IC": null, "Organisation Details: Date Trustees Approval": null, "Organisation Details: Welcome Email Date": null, "Denom": "Anglican", "Organisation Details: Denomination": null, "Church/Organisation Profile: Church Denomination": null, "field_13": "9355" }, "geometry": { "type": "Point", "coordinates": [ 1.125485, 51.08519 ] } },
{ "type": "Feature", "properties": { "Contact ID": 2348, "Sort Name": "St Mary (with St Benedict), Huntingdon", "Contact Subtype": null, "Church/Organisation Profile: Church Postcode": "PE29 1RQ", "Long": -0.173201, "Lat": 52.343675, "Church/Organisation Profile: Approved by IC": null, "Organisation Details: Date Trustees Approval": null, "Organisation Details: Welcome Email Date": null, "Denom": null, "Organisation Details: Denomination": null, "Church/Organisation Profile: Church Denomination": null, "field_13": "2185" }, "geometry": { "type": "Point", "coordinates": [ -0.173201, 52.343675 ] } },
{ "type": "Feature", "properties": { "Contact ID": 265318, "Sort Name": "St Mary & St Peter, Pett", "Contact Subtype": null, "Church/Organisation Profile: Church Postcode": "TN35 4HE", "Long": 0.660429, "Lat": 50.89485, "Church/Organisation Profile: Approved by IC": null, "Organisation Details: Date Trustees Approval": null, "Organisation Details: Welcome Email Date": null, "Denom": null, "Organisation Details: Denomination": null, "Church/Organisation Profile: Church Denomination": null, "field_13": "21443" }, "geometry": { "type": "Point", "coordinates": [ 0.660429, 50.89485 ] } },
{ "type": "Feature", "properties": { "Contact ID": 2652, "Sort Name": "St Mary Abbots, Kensington", "Contact Subtype": null, "Church/Organisation Profile: Church Postcode": "W8 4LA", "Long": -0.191501, "Lat": 51.502492, "Church/Organisation Profile: Approved by IC": null, "Organisation Details: Date Trustees Approval": null, "Organisation Details: Welcome Email Date": null, "Denom": null, "Organisation Details: Denomination": null, "Church/Organisation Profile: Church Denomination": null, "field_13": "2509" }, "geometry": { "type": "Point", "coordinates": [ -0.191501, 51.502492 ] } },
{ "type": "Feature", "properties": { "Contact ID": 2371, "Sort Name": "St Mary Acton", "Contact Subtype": null, "Church/Organisation Profile: Church Postcode": "W3 9NW", "Long": -0.272097, "Lat": 51.50761, "Church/Organisation Profile: Approved by IC": null, "Organisation Details: Date Trustees Approval": null, "Organisation Details: Welcome Email Date": null, "Denom": null, "Organisation Details: Denomination": null, "Church/Organisation Profile: Church Denomination": null, "field_13": "2221" }, "geometry": { "type": "Point", "coordinates": [ -0.272097, 51.50761 ] } },
{ "type": "Feature", "properties": { "Contact ID": 3999, "Sort Name": "St Mary Addington", "Contact Subtype": null, "Church/Organisation Profile: Church Postcode": "MK18 2JR", "Long": -0.921214, "Lat": 51.950795, "Church/Organisation Profile: Approved by IC": null, "Organisation Details: Date Trustees Approval": null, "Organisation Details: Welcome Email Date": null, "Denom": null, "Organisation Details: Denomination": null, "Church/Organisation Profile: Church Denomination": null, "field_13": "2310" }, "geometry": { "type": "Point", "coordinates": [ -0.921214, 51.950795 ] } },
{ "type": "Feature", "properties": { "Contact ID": 3942, "Sort Name": "St Mary and All Saints, Rivenhall (with Silver End, Essex)", "Contact Subtype": null, "Church/Organisation Profile: Church Postcode": "CM8 3PQ", "Long": 0.652075, "Lat": 51.826576, "Church/Organisation Profile: Approved by IC": null, "Organisation Details: Date Trustees Approval": null, "Organisation Details: Welcome Email Date": null, "Denom": null, "Organisation Details: Denomination": null, "Church/Organisation Profile: Church Denomination": null, "field_13": "3499" }, "geometry": { "type": "Point", "coordinates": [ 0.652075, 51.826576 ] } },
{ "type": "Feature", "properties": { "Contact ID": 2466, "Sort Name": "St Mary and St John Cowley", "Contact Subtype": null, "Church/Organisation Profile: Church Postcode": "OX4 1UR", "Long": -1.230365, "Lat": 51.745136, "Church/Organisation Profile: Approved by IC": null, "Organisation Details: Date Trustees Approval": null, "Organisation Details: Welcome Email Date": null, "Denom": null, "Organisation Details: Denomination": null, "Church/Organisation Profile: Church Denomination": null, "field_13": "3535" }, "geometry": { "type": "Point", "coordinates": [ -1.230365, 51.745136 ] } },
{ "type": "Feature", "properties": { "Contact ID": 2250, "Sort Name": "St Mary and St John the Divine Balham", "Contact Subtype": null, "Church/Organisation Profile: Church Postcode": "SW12 9BS", "Long": -0.154353, "Lat": 51.44258, "Church/Organisation Profile: Approved by IC": null, "Organisation Details: Date Trustees Approval": null, "Organisation Details: Welcome Email Date": null, "Denom": null, "Organisation Details: Denomination": null, "Church/Organisation Profile: Church Denomination": null, "field_13": "2076" }, "geometry": { "type": "Point", "coordinates": [ -0.154353, 51.44258 ] } },
{ "type": "Feature", "properties": { "Contact ID": 6566, "Sort Name": "St Mary Astbury", "Contact Subtype": null, "Church/Organisation Profile: Church Postcode": "CW12 4RQ", "Long": -2.232024, "Lat": 53.151166, "Church/Organisation Profile: Approved by IC": null, "Organisation Details: Date Trustees Approval": null, "Organisation Details: Welcome Email Date": null, "Denom": null, "Organisation Details: Denomination": null, "Church/Organisation Profile: Church Denomination": null, "field_13": "7330" }, "geometry": { "type": "Point", "coordinates": [ -2.232024, 53.151166 ] } },
{ "type": "Feature", "properties": { "Contact ID": 2311, "Sort Name": "St Mary Beddgelert", "Contact Subtype": null, "Church/Organisation Profile: Church Postcode": "LL55 4YA", "Long": -4.102375, "Lat": 53.011342, "Church/Organisation Profile: Approved by IC": null, "Organisation Details: Date Trustees Approval": null, "Organisation Details: Welcome Email Date": null, "Denom": "Church in Wales", "Organisation Details: Denomination": null, "Church/Organisation Profile: Church Denomination": null, "field_13": "2142" }, "geometry": { "type": "Point", "coordinates": [ -4.102375, 53.011342 ] } },
{ "type": "Feature", "properties": { "Contact ID": 2460, "Sort Name": "St Mary Beddington", "Contact Subtype": null, "Church/Organisation Profile: Church Postcode": "SM6 7NH", "Long": -0.139927, "Lat": 51.371543, "Church/Organisation Profile: Approved by IC": null, "Organisation Details: Date Trustees Approval": null, "Organisation Details: Welcome Email Date": null, "Denom": null, "Organisation Details: Denomination": null, "Church/Organisation Profile: Church Denomination": null, "field_13": "2313" }, "geometry": { "type": "Point", "coordinates": [ -0.139927, 51.371543 ] } },
{ "type": "Feature", "properties": { "Contact ID": 234431, "Sort Name": "St Mary Burghill", "Contact Subtype": null, "Church/Organisation Profile: Church Postcode": "HR4 7SF", "Long": -2.759848, "Lat": 52.096433, "Church/Organisation Profile: Approved by IC": null, "Organisation Details: Date Trustees Approval": null, "Organisation Details: Welcome Email Date": null, "Denom": null, "Organisation Details: Denomination": null, "Church/Organisation Profile: Church Denomination": null, "field_13": "7175" }, "geometry": { "type": "Point", "coordinates": [ -2.759848, 52.096433 ] } },
{ "type": "Feature", "properties": { "Contact ID": 2682, "Sort Name": "St Mary Chiddingfold", "Contact Subtype": null, "Church/Organisation Profile: Church Postcode": "GU8 4QA", "Long": -0.63141, "Lat": 51.111937, "Church/Organisation Profile: Approved by IC": null, "Organisation Details: Date Trustees Approval": null, "Organisation Details: Welcome Email Date": null, "Denom": null, "Organisation Details: Denomination": null, "Church/Organisation Profile: Church Denomination": null, "field_13": "2539" }, "geometry": { "type": "Point", "coordinates": [ -0.63141, 51.111937 ] } },
{ "type": "Feature", "properties": { "Contact ID": 2421, "Sort Name": "St Mary Hitchin", "Contact Subtype": null, "Church/Organisation Profile: Church Postcode": "SG5 1HP", "Long": -0.277523, "Lat": 51.948513, "Church/Organisation Profile: Approved by IC": null, "Organisation Details: Date Trustees Approval": null, "Organisation Details: Welcome Email Date": null, "Denom": null, "Organisation Details: Denomination": null, "Church/Organisation Profile: Church Denomination": null, "field_13": "2272" }, "geometry": { "type": "Point", "coordinates": [ -0.277523, 51.948513 ] } },
{ "type": "Feature", "properties": { "Contact ID": 2756, "Sort Name": "St Mary le Bow Cheapside (London)", "Contact Subtype": null, "Church/Organisation Profile: Church Postcode": "EC2V 6A", "Long": 0.0, "Lat": 0.0, "Church/Organisation Profile: Approved by IC": null, "Organisation Details: Date Trustees Approval": null, "Organisation Details: Welcome Email Date": null, "Denom": null, "Organisation Details: Denomination": null, "Church/Organisation Profile: Church Denomination": null, "field_13": "2613" }, "geometry": { "type": "Point", "coordinates": [ 0.0, 0.0 ] } },
{ "type": "Feature", "properties": { "Contact ID": 235102, "Sort Name": "St Mary Le Strand", "Contact Subtype": null, "Church/Organisation Profile: Church Postcode": "WC2R 1ES", "Long": -0.116838, "Lat": 51.512189, "Church/Organisation Profile: Approved by IC": null, "Organisation Details: Date Trustees Approval": null, "Organisation Details: Welcome Email Date": null, "Denom": null, "Organisation Details: Denomination": null, "Church/Organisation Profile: Church Denomination": null, "field_13": "4527" }, "geometry": { "type": "Point", "coordinates": [ -0.116838, 51.512189 ] } },
{ "type": "Feature", "properties": { "Contact ID": 2417, "Sort Name": "St Mary Magdalene Chapelfield", "Contact Subtype": null, "Church/Organisation Profile: Church Postcode": "CV5 8DR", "Long": -1.535163, "Lat": 52.406031, "Church/Organisation Profile: Approved by IC": null, "Organisation Details: Date Trustees Approval": null, "Organisation Details: Welcome Email Date": null, "Denom": null, "Organisation Details: Denomination": null, "Church/Organisation Profile: Church Denomination": null, "field_13": "2268" }, "geometry": { "type": "Point", "coordinates": [ -1.535163, 52.406031 ] } },
{ "type": "Feature", "properties": { "Contact ID": 2496, "Sort Name": "St Mary Magdalene Longbenton", "Contact Subtype": null, "Church/Organisation Profile: Church Postcode": "NE12 8ST", "Long": -1.591289, "Lat": 55.012859, "Church/Organisation Profile: Approved by IC": null, "Organisation Details: Date Trustees Approval": null, "Organisation Details: Welcome Email Date": null, "Denom": null, "Organisation Details: Denomination": null, "Church/Organisation Profile: Church Denomination": null, "field_13": "2353" }, "geometry": { "type": "Point", "coordinates": [ -1.591289, 55.012859 ] } },
{ "type": "Feature", "properties": { "Contact ID": 2272, "Sort Name": "St Mary Magdalene Thornham Magna", "Contact Subtype": null, "Church/Organisation Profile: Church Postcode": "IP23 8HA", "Long": 1.083058, "Lat": 52.304333, "Church/Organisation Profile: Approved by IC": null, "Organisation Details: Date Trustees Approval": null, "Organisation Details: Welcome Email Date": null, "Denom": null, "Organisation Details: Denomination": null, "Church/Organisation Profile: Church Denomination": null, "field_13": "2102" }, "geometry": { "type": "Point", "coordinates": [ 1.083058, 52.304333 ] } },
{ "type": "Feature", "properties": { "Contact ID": 6555, "Sort Name": "St Mary Magdalene, Davington", "Contact Subtype": null, "Church/Organisation Profile: Church Postcode": "ME13 7EJ", "Long": 0.883585, "Lat": 51.319968, "Church/Organisation Profile: Approved by IC": null, "Organisation Details: Date Trustees Approval": null, "Organisation Details: Welcome Email Date": null, "Denom": "Church of England.", "Organisation Details: Denomination": null, "Church/Organisation Profile: Church Denomination": null, "field_13": "7288" }, "geometry": { "type": "Point", "coordinates": [ 0.883585, 51.319968 ] } },
{ "type": "Feature", "properties": { "Contact ID": 235386, "Sort Name": "St Mary Magdalene, Richmond (London)", "Contact Subtype": null, "Church/Organisation Profile: Church Postcode": "TW9 1SN", "Long": -0.303395, "Lat": 51.46028, "Church/Organisation Profile: Approved by IC": null, "Organisation Details: Date Trustees Approval": null, "Organisation Details: Welcome Email Date": null, "Denom": null, "Organisation Details: Denomination": null, "Church/Organisation Profile: Church Denomination": null, "field_13": "2547" }, "geometry": { "type": "Point", "coordinates": [ -0.303395, 51.46028 ] } },
{ "type": "Feature", "properties": { "Contact ID": 6521, "Sort Name": "St Mary Magdalene, Stretton Sugwas", "Contact Subtype": null, "Church/Organisation Profile: Church Postcode": "HR4 7PT", "Long": -2.790567, "Lat": 52.073592, "Church/Organisation Profile: Approved by IC": null, "Organisation Details: Date Trustees Approval": null, "Organisation Details: Welcome Email Date": null, "Denom": "Church of England", "Organisation Details: Denomination": null, "Church/Organisation Profile: Church Denomination": null, "field_13": "7185" }, "geometry": { "type": "Point", "coordinates": [ -2.790567, 52.073592 ] } },
{ "type": "Feature", "properties": { "Contact ID": 6403, "Sort Name": "St Mary Magdalene, Yarm", "Contact Subtype": null, "Church/Organisation Profile: Church Postcode": "TS15 9BU", "Long": -1.357481, "Lat": 54.51, "Church/Organisation Profile: Approved by IC": null, "Organisation Details: Date Trustees Approval": null, "Organisation Details: Welcome Email Date": null, "Denom": "Church of England", "Organisation Details: Denomination": null, "Church/Organisation Profile: Church Denomination": null, "field_13": "5486" }, "geometry": { "type": "Point", "coordinates": [ -1.357481, 54.51 ] } },
{ "type": "Feature", "properties": { "Contact ID": 2773, "Sort Name": "St Mary Newton with Flowery Field (Hyde)", "Contact Subtype": null, "Church/Organisation Profile: Church Postcode": "SK14 4HL", "Long": -2.060544, "Lat": 53.464901, "Church/Organisation Profile: Approved by IC": null, "Organisation Details: Date Trustees Approval": null, "Organisation Details: Welcome Email Date": null, "Denom": null, "Organisation Details: Denomination": null, "Church/Organisation Profile: Church Denomination": null, "field_13": "2067" }, "geometry": { "type": "Point", "coordinates": [ -2.060544, 53.464901 ] } },
{ "type": "Feature", "properties": { "Contact ID": 2337, "Sort Name": "St Mary of Charity, Faversham", "Contact Subtype": null, "Church/Organisation Profile: Church Postcode": "ME13 8GZ", "Long": 0.895155, "Lat": 51.316327, "Church/Organisation Profile: Approved by IC": null, "Organisation Details: Date Trustees Approval": null, "Organisation Details: Welcome Email Date": null, "Denom": null, "Organisation Details: Denomination": null, "Church/Organisation Profile: Church Denomination": null, "field_13": "2174" }, "geometry": { "type": "Point", "coordinates": [ 0.895155, 51.316327 ] } },
{ "type": "Feature", "properties": { "Contact ID": 2546, "Sort Name": "St Mary of Eton Hackney Wick", "Contact Subtype": null, "Church/Organisation Profile: Church Postcode": "E9 5JA", "Long": -0.031129, "Lat": 51.545592, "Church/Organisation Profile: Approved by IC": null, "Organisation Details: Date Trustees Approval": null, "Organisation Details: Welcome Email Date": null, "Denom": null, "Organisation Details: Denomination": null, "Church/Organisation Profile: Church Denomination": null, "field_13": "2403" }, "geometry": { "type": "Point", "coordinates": [ -0.031129, 51.545592 ] } },
{ "type": "Feature", "properties": { "Contact ID": 2386, "Sort Name": "St Mary of the Assumption, Ufford (with Melton)", "Contact Subtype": null, "Church/Organisation Profile: Church Postcode": "IP13 6DS", "Long": 1.355634, "Lat": 52.120392, "Church/Organisation Profile: Approved by IC": null, "Organisation Details: Date Trustees Approval": null, "Organisation Details: Welcome Email Date": null, "Denom": null, "Organisation Details: Denomination": null, "Church/Organisation Profile: Church Denomination": null, "field_13": "2237" }, "geometry": { "type": "Point", "coordinates": [ 1.355634, 52.120392 ] } },
{ "type": "Feature", "properties": { "Contact ID": 2450, "Sort Name": "St Mary Prestwich", "Contact Subtype": null, "Church/Organisation Profile: Church Postcode": "M25 1AN", "Long": -2.284208, "Lat": 53.530302, "Church/Organisation Profile: Approved by IC": null, "Organisation Details: Date Trustees Approval": null, "Organisation Details: Welcome Email Date": null, "Denom": null, "Organisation Details: Denomination": null, "Church/Organisation Profile: Church Denomination": null, "field_13": "2301" }, "geometry": { "type": "Point", "coordinates": [ -2.284208, 53.530302 ] } },
{ "type": "Feature", "properties": { "Contact ID": 2603, "Sort Name": "St Mary Primrose Hill", "Contact Subtype": null, "Church/Organisation Profile: Church Postcode": "NW3 3DJ", "Long": -0.163545, "Lat": 51.541949, "Church/Organisation Profile: Approved by IC": null, "Organisation Details: Date Trustees Approval": null, "Organisation Details: Welcome Email Date": null, "Denom": null, "Organisation Details: Denomination": null, "Church/Organisation Profile: Church Denomination": null, "field_13": "2460" }, "geometry": { "type": "Point", "coordinates": [ -0.163545, 51.541949 ] } },
{ "type": "Feature", "properties": { "Contact ID": 6187, "Sort Name": "St Mary Putney", "Contact Subtype": null, "Church/Organisation Profile: Church Postcode": "SW15 1SN", "Long": -0.213924, "Lat": 51.465175, "Church/Organisation Profile: Approved by IC": null, "Organisation Details: Date Trustees Approval": null, "Organisation Details: Welcome Email Date": null, "Denom": "Church of England", "Organisation Details: Denomination": null, "Church/Organisation Profile: Church Denomination": null, "field_13": "8512" }, "geometry": { "type": "Point", "coordinates": [ -0.213924, 51.465175 ] } },
{ "type": "Feature", "properties": { "Contact ID": 6935, "Sort Name": "St Mary Redcliffe, Bristol", "Contact Subtype": null, "Church/Organisation Profile: Church Postcode": "BS1 6RA", "Long": -2.589716, "Lat": 51.447597, "Church/Organisation Profile: Approved by IC": null, "Organisation Details: Date Trustees Approval": null, "Organisation Details: Welcome Email Date": null, "Denom": "Church of England", "Organisation Details: Denomination": null, "Church/Organisation Profile: Church Denomination": null, "field_13": "8702" }, "geometry": { "type": "Point", "coordinates": [ -2.589716, 51.447597 ] } },
{ "type": "Feature", "properties": { "Contact ID": 6881, "Sort Name": "St Mary Shalford, Guildford", "Contact Subtype": null, "Church/Organisation Profile: Church Postcode": "GU4 8BP", "Long": -0.570953, "Lat": 51.220214, "Church/Organisation Profile: Approved by IC": null, "Organisation Details: Date Trustees Approval": null, "Organisation Details: Welcome Email Date": null, "Denom": "Anglican Church of England", "Organisation Details: Denomination": null, "Church/Organisation Profile: Church Denomination": null, "field_13": "8551" }, "geometry": { "type": "Point", "coordinates": [ -0.570953, 51.220214 ] } },
{ "type": "Feature", "properties": { "Contact ID": 2691, "Sort Name": "St Mary Stoke (Ipswich)", "Contact Subtype": null, "Church/Organisation Profile: Church Postcode": "IP2 0QQ", "Long": 1.12199, "Lat": 52.046409, "Church/Organisation Profile: Approved by IC": null, "Organisation Details: Date Trustees Approval": null, "Organisation Details: Welcome Email Date": null, "Denom": null, "Organisation Details: Denomination": null, "Church/Organisation Profile: Church Denomination": null, "field_13": "2548" }, "geometry": { "type": "Point", "coordinates": [ 1.12199, 52.046409 ] } },
{ "type": "Feature", "properties": { "Contact ID": 181953, "Sort Name": "St Mary The Boltons", "Contact Subtype": null, "Church/Organisation Profile: Church Postcode": "SW10 9TB", "Long": -0.183894, "Lat": 51.489785, "Church/Organisation Profile: Approved by IC": null, "Organisation Details: Date Trustees Approval": null, "Organisation Details: Welcome Email Date": null, "Denom": "Church of England", "Organisation Details: Denomination": null, "Church/Organisation Profile: Church Denomination": null, "field_13": "10224" }, "geometry": { "type": "Point", "coordinates": [ -0.183894, 51.489785 ] } },
{ "type": "Feature", "properties": { "Contact ID": 2291, "Sort Name": "St Mary the Less, Westley Waterless (Raddesley)", "Contact Subtype": null, "Church/Organisation Profile: Church Postcode": "CB8 0RL", "Long": 0.366225, "Lat": 52.181287, "Church/Organisation Profile: Approved by IC": null, "Organisation Details: Date Trustees Approval": null, "Organisation Details: Welcome Email Date": null, "Denom": null, "Organisation Details: Denomination": null, "Church/Organisation Profile: Church Denomination": null, "field_13": "2122" }, "geometry": { "type": "Point", "coordinates": [ 0.366225, 52.181287 ] } },
{ "type": "Feature", "properties": { "Contact ID": 6821, "Sort Name": "St Mary the Virgin", "Contact Subtype": null, "Church/Organisation Profile: Church Postcode": "TA6", "Long": 0.0, "Lat": 0.0, "Church/Organisation Profile: Approved by IC": null, "Organisation Details: Date Trustees Approval": null, "Organisation Details: Welcome Email Date": null, "Denom": null, "Organisation Details: Denomination": null, "Church/Organisation Profile: Church Denomination": null, "field_13": "5709" }, "geometry": { "type": "Point", "coordinates": [ 0.0, 0.0 ] } },
{ "type": "Feature", "properties": { "Contact ID": 2689, "Sort Name": "St Mary the Virgin - Oxford University Church", "Contact Subtype": null, "Church/Organisation Profile: Church Postcode": "OX1 4AH", "Long": -1.255115, "Lat": 51.75247, "Church/Organisation Profile: Approved by IC": null, "Organisation Details: Date Trustees Approval": null, "Organisation Details: Welcome Email Date": null, "Denom": null, "Organisation Details: Denomination": null, "Church/Organisation Profile: Church Denomination": null, "field_13": "2546" }, "geometry": { "type": "Point", "coordinates": [ -1.255115, 51.75247 ] } },
{ "type": "Feature", "properties": { "Contact ID": 2687, "Sort Name": "St Mary the Virgin Merton", "Contact Subtype": null, "Church/Organisation Profile: Church Postcode": "SW19 3HJ", "Long": -0.204385, "Lat": 51.410335, "Church/Organisation Profile: Approved by IC": null, "Organisation Details: Date Trustees Approval": null, "Organisation Details: Welcome Email Date": null, "Denom": null, "Organisation Details: Denomination": null, "Church/Organisation Profile: Church Denomination": null, "field_13": "2544" }, "geometry": { "type": "Point", "coordinates": [ -0.204385, 51.410335 ] } },
{ "type": "Feature", "properties": { "Contact ID": 2685, "Sort Name": "St Mary the Virgin Mortlake (with East Sheen)", "Contact Subtype": null, "Church/Organisation Profile: Church Postcode": "SW14 8JA", "Long": -0.261643, "Lat": 51.469533, "Church/Organisation Profile: Approved by IC": null, "Organisation Details: Date Trustees Approval": null, "Organisation Details: Welcome Email Date": null, "Denom": null, "Organisation Details: Denomination": null, "Church/Organisation Profile: Church Denomination": null, "field_13": "2542" }, "geometry": { "type": "Point", "coordinates": [ -0.261643, 51.469533 ] } },
{ "type": "Feature", "properties": { "Contact ID": 234601, "Sort Name": "St Mary the Virgin, Bacton", "Contact Subtype": null, "Church/Organisation Profile: Church Postcode": "IP14 4LJ", "Long": 1.004107, "Lat": 52.26436, "Church/Organisation Profile: Approved by IC": null, "Organisation Details: Date Trustees Approval": null, "Organisation Details: Welcome Email Date": null, "Denom": null, "Organisation Details: Denomination": null, "Church/Organisation Profile: Church Denomination": null, "field_13": "4508" }, "geometry": { "type": "Point", "coordinates": [ 1.004107, 52.26436 ] } },
{ "type": "Feature", "properties": { "Contact ID": 2688, "Sort Name": "St Mary the Virgin, Caterham (Surrey)", "Contact Subtype": null, "Church/Organisation Profile: Church Postcode": "CR3 6SA", "Long": -0.082793, "Lat": 51.280863, "Church/Organisation Profile: Approved by IC": null, "Organisation Details: Date Trustees Approval": null, "Organisation Details: Welcome Email Date": null, "Denom": null, "Organisation Details: Denomination": null, "Church/Organisation Profile: Church Denomination": null, "field_13": "2545" }, "geometry": { "type": "Point", "coordinates": [ -0.082793, 51.280863 ] } },
{ "type": "Feature", "properties": { "Contact ID": 2686, "Sort Name": "St Mary the Virgin, East Barnet", "Contact Subtype": null, "Church/Organisation Profile: Church Postcode": "EN4 8JB", "Long": -0.162447, "Lat": 51.642522, "Church/Organisation Profile: Approved by IC": null, "Organisation Details: Date Trustees Approval": null, "Organisation Details: Welcome Email Date": null, "Denom": "Church of England", "Organisation Details: Denomination": null, "Church/Organisation Profile: Church Denomination": null, "field_13": "2543" }, "geometry": { "type": "Point", "coordinates": [ -0.162447, 51.642522 ] } },
{ "type": "Feature", "properties": { "Contact ID": 235555, "Sort Name": "St Mary the Virgin, Henbury", "Contact Subtype": null, "Church/Organisation Profile: Church Postcode": "BS10 7QF", "Long": -2.631139, "Lat": 51.506645, "Church/Organisation Profile: Approved by IC": null, "Organisation Details: Date Trustees Approval": null, "Organisation Details: Welcome Email Date": null, "Denom": "Church of England", "Organisation Details: Denomination": null, "Church/Organisation Profile: Church Denomination": null, "field_13": "20476" }, "geometry": { "type": "Point", "coordinates": [ -2.631139, 51.506645 ] } },
{ "type": "Feature", "properties": { "Contact ID": 6052, "Sort Name": "St Mary the Virgin, High Halden (East Kent)", "Contact Subtype": null, "Church/Organisation Profile: Church Postcode": "TN26 3JB", "Long": 0.714181, "Lat": 51.102489, "Church/Organisation Profile: Approved by IC": null, "Organisation Details: Date Trustees Approval": null, "Organisation Details: Welcome Email Date": null, "Denom": "Church of England", "Organisation Details: Denomination": null, "Church/Organisation Profile: Church Denomination": null, "field_13": "7993" }, "geometry": { "type": "Point", "coordinates": [ 0.714181, 51.102489 ] } },
{ "type": "Feature", "properties": { "Contact ID": 235687, "Sort Name": "St Mary the Virgin, Leake", "Contact Subtype": null, "Church/Organisation Profile: Church Postcode": "YO7 4BN", "Long": -1.334672, "Lat": 54.308744, "Church/Organisation Profile: Approved by IC": null, "Organisation Details: Date Trustees Approval": null, "Organisation Details: Welcome Email Date": null, "Denom": null, "Organisation Details: Denomination": null, "Church/Organisation Profile: Church Denomination": null, "field_13": "20408" }, "geometry": { "type": "Point", "coordinates": [ -1.334672, 54.308744 ] } },
{ "type": "Feature", "properties": { "Contact ID": 6518, "Sort Name": "St Mary the Virgin, Marden", "Contact Subtype": null, "Church/Organisation Profile: Church Postcode": "HR1?3EN", "Long": -2.704646, "Lat": 52.121942, "Church/Organisation Profile: Approved by IC": null, "Organisation Details: Date Trustees Approval": null, "Organisation Details: Welcome Email Date": null, "Denom": "Church of England", "Organisation Details: Denomination": null, "Church/Organisation Profile: Church Denomination": null, "field_13": "7399" }, "geometry": { "type": "Point", "coordinates": [ -2.704646, 52.121942 ] } },
{ "type": "Feature", "properties": { "Contact ID": 5828, "Sort Name": "St Mary the Virgin, Mellis", "Contact Subtype": null, "Church/Organisation Profile: Church Postcode": "IP23 8EE", "Long": 1.07333, "Lat": 52.327611, "Church/Organisation Profile: Approved by IC": null, "Organisation Details: Date Trustees Approval": null, "Organisation Details: Welcome Email Date": null, "Denom": null, "Organisation Details: Denomination": null, "Church/Organisation Profile: Church Denomination": null, "field_13": "5124" }, "geometry": { "type": "Point", "coordinates": [ 1.07333, 52.327611 ] } },
{ "type": "Feature", "properties": { "Contact ID": 235152, "Sort Name": "St Mary The Virgin, Ross on Wye (The Ross Parishes)", "Contact Subtype": null, "Church/Organisation Profile: Church Postcode": "HR9 5HN", "Long": -2.584816, "Lat": 51.913964, "Church/Organisation Profile: Approved by IC": null, "Organisation Details: Date Trustees Approval": null, "Organisation Details: Welcome Email Date": null, "Denom": null, "Organisation Details: Denomination": null, "Church/Organisation Profile: Church Denomination": null, "field_13": "2072" }, "geometry": { "type": "Point", "coordinates": [ -2.584816, 51.913964 ] } },
{ "type": "Feature", "properties": { "Contact ID": 6119, "Sort Name": "St Mary Walthamstow", "Contact Subtype": null, "Church/Organisation Profile: Church Postcode": "E17 9RJ", "Long": -0.012118, "Lat": 51.584354, "Church/Organisation Profile: Approved by IC": null, "Organisation Details: Date Trustees Approval": null, "Organisation Details: Welcome Email Date": null, "Denom": "Church of England", "Organisation Details: Denomination": null, "Church/Organisation Profile: Church Denomination": null, "field_13": "5923" }, "geometry": { "type": "Point", "coordinates": [ -0.012118, 51.584354 ] } },
{ "type": "Feature", "properties": { "Contact ID": 2767, "Sort Name": "St Mary Willington (Howden, Newcastle)", "Contact Subtype": null, "Church/Organisation Profile: Church Postcode": "NE28 7TE", "Long": -1.504743, "Lat": 55.00206, "Church/Organisation Profile: Approved by IC": null, "Organisation Details: Date Trustees Approval": null, "Organisation Details: Welcome Email Date": null, "Denom": null, "Organisation Details: Denomination": null, "Church/Organisation Profile: Church Denomination": null, "field_13": "2229" }, "geometry": { "type": "Point", "coordinates": [ -1.504743, 55.00206 ] } },
{ "type": "Feature", "properties": { "Contact ID": 4009, "Sort Name": "St Mary with All Souls, Kilburn", "Contact Subtype": null, "Church/Organisation Profile: Church Postcode": "NW6 4SN", "Long": -0.188656, "Lat": 51.540793, "Church/Organisation Profile: Approved by IC": null, "Organisation Details: Date Trustees Approval": null, "Organisation Details: Welcome Email Date": null, "Denom": null, "Organisation Details: Denomination": null, "Church/Organisation Profile: Church Denomination": null, "field_13": "2541" }, "geometry": { "type": "Point", "coordinates": [ -0.188656, 51.540793 ] } },
{ "type": "Feature", "properties": { "Contact ID": 265144, "Sort Name": "St Mary with St Peter, Oldham Parish Church", "Contact Subtype": null, "Church/Organisation Profile: Church Postcode": "OL1 3UH", "Long": -2.106999, "Lat": 53.544218, "Church/Organisation Profile: Approved by IC": null, "Organisation Details: Date Trustees Approval": null, "Organisation Details: Welcome Email Date": null, "Denom": null, "Organisation Details: Denomination": null, "Church/Organisation Profile: Church Denomination": null, "field_13": "21064" }, "geometry": { "type": "Point", "coordinates": [ -2.106999, 53.544218 ] } },
{ "type": "Feature", "properties": { "Contact ID": 2251, "Sort Name": "St Mary-at-Latton, Harlow", "Contact Subtype": null, "Church/Organisation Profile: Church Postcode": "CM20 2JP", "Long": 0.122428, "Lat": 51.777654, "Church/Organisation Profile: Approved by IC": null, "Organisation Details: Date Trustees Approval": null, "Organisation Details: Welcome Email Date": null, "Denom": null, "Organisation Details: Denomination": null, "Church/Organisation Profile: Church Denomination": null, "field_13": "2077" }, "geometry": { "type": "Point", "coordinates": [ 0.122428, 51.777654 ] } },
{ "type": "Feature", "properties": { "Contact ID": 234922, "Sort Name": "St Mary, Garn Dolbenmaen", "Contact Subtype": null, "Church/Organisation Profile: Church Postcode": "LL51 9RQ", "Long": -4.22596, "Lat": 52.964767, "Church/Organisation Profile: Approved by IC": null, "Organisation Details: Date Trustees Approval": null, "Organisation Details: Welcome Email Date": null, "Denom": "Church in Wales", "Organisation Details: Denomination": null, "Church/Organisation Profile: Church Denomination": null, "field_13": "2133" }, "geometry": { "type": "Point", "coordinates": [ -4.22596, 52.964767 ] } },
{ "type": "Feature", "properties": { "Contact ID": 2492, "Sort Name": "St Mary, Halesworth (Blyth Valley)", "Contact Subtype": null, "Church/Organisation Profile: Church Postcode": "IP19 8LL", "Long": 1.500939, "Lat": 52.342193, "Church/Organisation Profile: Approved by IC": null, "Organisation Details: Date Trustees Approval": null, "Organisation Details: Welcome Email Date": null, "Denom": "Church of England", "Organisation Details: Denomination": null, "Church/Organisation Profile: Church Denomination": null, "field_13": "2349" }, "geometry": { "type": "Point", "coordinates": [ 1.500939, 52.342193 ] } },
{ "type": "Feature", "properties": { "Contact ID": 167118, "Sort Name": "St Mary, High Crompton", "Contact Subtype": null, "Church/Organisation Profile: Church Postcode": "OL2 7PP", "Long": -2.111345, "Lat": 53.584185, "Church/Organisation Profile: Approved by IC": null, "Organisation Details: Date Trustees Approval": null, "Organisation Details: Welcome Email Date": null, "Denom": "Church of England", "Organisation Details: Denomination": null, "Church/Organisation Profile: Church Denomination": null, "field_13": "9858" }, "geometry": { "type": "Point", "coordinates": [ -2.111345, 53.584185 ] } },
{ "type": "Feature", "properties": { "Contact ID": 85665, "Sort Name": "St Mary, Ketley", "Contact Subtype": null, "Church/Organisation Profile: Church Postcode": "TF1 5EH", "Long": -2.469252, "Lat": 52.69091, "Church/Organisation Profile: Approved by IC": null, "Organisation Details: Date Trustees Approval": null, "Organisation Details: Welcome Email Date": null, "Denom": "Church of England", "Organisation Details: Denomination": null, "Church/Organisation Profile: Church Denomination": null, "field_13": "9222" }, "geometry": { "type": "Point", "coordinates": [ -2.469252, 52.69091 ] } },
{ "type": "Feature", "properties": { "Contact ID": 2300, "Sort Name": "St Mary's Banbury", "Contact Subtype": null, "Church/Organisation Profile: Church Postcode": "OX16 0AA", "Long": -1.339541, "Lat": 52.060139, "Church/Organisation Profile: Approved by IC": null, "Organisation Details: Date Trustees Approval": null, "Organisation Details: Welcome Email Date": null, "Denom": null, "Organisation Details: Denomination": null, "Church/Organisation Profile: Church Denomination": null, "field_13": "2131" }, "geometry": { "type": "Point", "coordinates": [ -1.339541, 52.060139 ] } },
{ "type": "Feature", "properties": { "Contact ID": 2532, "Sort Name": "St Mary's Barnes", "Contact Subtype": null, "Church/Organisation Profile: Church Postcode": "SW13 9HL", "Long": -0.241866, "Lat": 51.475003, "Church/Organisation Profile: Approved by IC": null, "Organisation Details: Date Trustees Approval": null, "Organisation Details: Welcome Email Date": null, "Denom": "Church of England", "Organisation Details: Denomination": null, "Church/Organisation Profile: Church Denomination": null, "field_13": "5896" }, "geometry": { "type": "Point", "coordinates": [ -0.241866, 51.475003 ] } },
{ "type": "Feature", "properties": { "Contact ID": 234771, "Sort Name": "St Mary's Betws-y Coed (Bro Gwydr)", "Contact Subtype": null, "Church/Organisation Profile: Church Postcode": "LL24", "Long": 0.0, "Lat": 0.0, "Church/Organisation Profile: Approved by IC": null, "Organisation Details: Date Trustees Approval": null, "Organisation Details: Welcome Email Date": null, "Denom": "Church in Wales", "Organisation Details: Denomination": null, "Church/Organisation Profile: Church Denomination": null, "field_13": "2061" }, "geometry": { "type": "Point", "coordinates": [ 0.0, 0.0 ] } },
{ "type": "Feature", "properties": { "Contact ID": 2246, "Sort Name": "St Mary's Church", "Contact Subtype": null, "Church/Organisation Profile: Church Postcode": "PE1 1TT", "Long": -0.235997, "Lat": 52.576037, "Church/Organisation Profile: Approved by IC": null, "Organisation Details: Date Trustees Approval": null, "Organisation Details: Welcome Email Date": null, "Denom": null, "Organisation Details: Denomination": null, "Church/Organisation Profile: Church Denomination": null, "field_13": "10029" }, "geometry": { "type": "Point", "coordinates": [ -0.235997, 52.576037 ] } },
{ "type": "Feature", "properties": { "Contact ID": 235573, "Sort Name": "St Mary's Church Shirehampton", "Contact Subtype": null, "Church/Organisation Profile: Church Postcode": "BS11 0BZ", "Long": -2.679377, "Lat": 51.490029, "Church/Organisation Profile: Approved by IC": null, "Organisation Details: Date Trustees Approval": null, "Organisation Details: Welcome Email Date": null, "Denom": "Church of England", "Organisation Details: Denomination": null, "Church/Organisation Profile: Church Denomination": null, "field_13": "20479" }, "geometry": { "type": "Point", "coordinates": [ -2.679377, 51.490029 ] } },
{ "type": "Feature", "properties": { "Contact ID": 235582, "Sort Name": "St Mary's Church Whitelackington", "Contact Subtype": null, "Church/Organisation Profile: Church Postcode": "TA19 9TA", "Long": -2.884726, "Lat": 50.936599, "Church/Organisation Profile: Approved by IC": null, "Organisation Details: Date Trustees Approval": null, "Organisation Details: Welcome Email Date": null, "Denom": "Church of England", "Organisation Details: Denomination": null, "Church/Organisation Profile: Church Denomination": null, "field_13": "20481" }, "geometry": { "type": "Point", "coordinates": [ -2.884726, 50.936599 ] } },
{ "type": "Feature", "properties": { "Contact ID": 2290, "Sort Name": "St Mary's Church, Brinkley (Raddesley Group)", "Contact Subtype": null, "Church/Organisation Profile: Church Postcode": "CB8 0SE", "Long": 0.380274, "Lat": 52.167417, "Church/Organisation Profile: Approved by IC": null, "Organisation Details: Date Trustees Approval": null, "Organisation Details: Welcome Email Date": null, "Denom": null, "Organisation Details: Denomination": null, "Church/Organisation Profile: Church Denomination": null, "field_13": "2126" }, "geometry": { "type": "Point", "coordinates": [ 0.380274, 52.167417 ] } },
{ "type": "Feature", "properties": { "Contact ID": 2493, "Sort Name": "St Mary's Church, Chediston", "Contact Subtype": null, "Church/Organisation Profile: Church Postcode": "IP19 0AU", "Long": 1.460581, "Lat": 52.347601, "Church/Organisation Profile: Approved by IC": null, "Organisation Details: Date Trustees Approval": null, "Organisation Details: Welcome Email Date": null, "Denom": null, "Organisation Details: Denomination": null, "Church/Organisation Profile: Church Denomination": null, "field_13": "2350" }, "geometry": { "type": "Point", "coordinates": [ 1.460581, 52.347601 ] } },
{ "type": "Feature", "properties": { "Contact ID": 181963, "Sort Name": "St Mary's Church, Fotherby, Lincolnshire", "Contact Subtype": null, "Church/Organisation Profile: Church Postcode": "LN11 0UG", "Long": -0.022085, "Lat": 53.405701, "Church/Organisation Profile: Approved by IC": null, "Organisation Details: Date Trustees Approval": null, "Organisation Details: Welcome Email Date": null, "Denom": "Church of England", "Organisation Details: Denomination": null, "Church/Organisation Profile: Church Denomination": null, "field_13": "10264" }, "geometry": { "type": "Point", "coordinates": [ -0.022085, 53.405701 ] } },
{ "type": "Feature", "properties": { "Contact ID": 265275, "Sort Name": "St Mary's Church, Gravesend", "Contact Subtype": null, "Church/Organisation Profile: Church Postcode": "DA11 7LL", "Long": 0.36405, "Lat": 51.429285, "Church/Organisation Profile: Approved by IC": null, "Organisation Details: Date Trustees Approval": null, "Organisation Details: Welcome Email Date": null, "Denom": "Church of England", "Organisation Details: Denomination": null, "Church/Organisation Profile: Church Denomination": null, "field_13": "21424" }, "geometry": { "type": "Point", "coordinates": [ 0.36405, 51.429285 ] } },
{ "type": "Feature", "properties": { "Contact ID": 181967, "Sort Name": "St Mary's Church, Ludborough, Lincolnshire", "Contact Subtype": null, "Church/Organisation Profile: Church Postcode": "DN36", "Long": 0.0, "Lat": 0.0, "Church/Organisation Profile: Approved by IC": null, "Organisation Details: Date Trustees Approval": null, "Organisation Details: Welcome Email Date": null, "Denom": "Church of England", "Organisation Details: Denomination": null, "Church/Organisation Profile: Church Denomination": null, "field_13": "10257" }, "geometry": { "type": "Point", "coordinates": [ 0.0, 0.0 ] } },
{ "type": "Feature", "properties": { "Contact ID": 234775, "Sort Name": "St Mary's Dolgarrog (Bro Gwydr)", "Contact Subtype": null, "Church/Organisation Profile: Church Postcode": "LL32 8JN", "Long": -3.842879, "Lat": 53.187139, "Church/Organisation Profile: Approved by IC": null, "Organisation Details: Date Trustees Approval": null, "Organisation Details: Welcome Email Date": null, "Denom": "Church in Wales", "Organisation Details: Denomination": null, "Church/Organisation Profile: Church Denomination": null, "field_13": "8945" }, "geometry": { "type": "Point", "coordinates": [ -3.842879, 53.187139 ] } },
{ "type": "Feature", "properties": { "Contact ID": 234587, "Sort Name": "St Mary's East Cottingwith", "Contact Subtype": null, "Church/Organisation Profile: Church Postcode": "YO42", "Long": 0.0, "Lat": 0.0, "Church/Organisation Profile: Approved by IC": null, "Organisation Details: Date Trustees Approval": null, "Organisation Details: Welcome Email Date": null, "Denom": "Church of England", "Organisation Details: Denomination": null, "Church/Organisation Profile: Church Denomination": null, "field_13": "8839" }, "geometry": { "type": "Point", "coordinates": [ 0.0, 0.0 ] } },
{ "type": "Feature", "properties": { "Contact ID": 6995, "Sort Name": "St Mary's Eco Church", "Contact Subtype": null, "Church/Organisation Profile: Church Postcode": "SE1 0EP", "Long": -0.097666, "Lat": 51.502959, "Church/Organisation Profile: Approved by IC": null, "Organisation Details: Date Trustees Approval": null, "Organisation Details: Welcome Email Date": null, "Denom": "Church of England", "Organisation Details: Denomination": null, "Church/Organisation Profile: Church Denomination": null, "field_13": "8847" }, "geometry": { "type": "Point", "coordinates": [ -0.097666, 51.502959 ] } },
{ "type": "Feature", "properties": { "Contact ID": 2683, "Sort Name": "St Mary's Finchley", "Contact Subtype": null, "Church/Organisation Profile: Church Postcode": "N3 1TR", "Long": -0.196666, "Lat": 51.600033, "Church/Organisation Profile: Approved by IC": null, "Organisation Details: Date Trustees Approval": null, "Organisation Details: Welcome Email Date": null, "Denom": null, "Organisation Details: Denomination": null, "Church/Organisation Profile: Church Denomination": null, "field_13": "2540" }, "geometry": { "type": "Point", "coordinates": [ -0.196666, 51.600033 ] } },
{ "type": "Feature", "properties": { "Contact ID": 2349, "Sort Name": "St Mary's Hinckley", "Contact Subtype": null, "Church/Organisation Profile: Church Postcode": "LE10 1DW", "Long": -1.370613, "Lat": 52.541426, "Church/Organisation Profile: Approved by IC": null, "Organisation Details: Date Trustees Approval": null, "Organisation Details: Welcome Email Date": null, "Denom": null, "Organisation Details: Denomination": null, "Church/Organisation Profile: Church Denomination": null, "field_13": "2186" }, "geometry": { "type": "Point", "coordinates": [ -1.370613, 52.541426 ] } },
{ "type": "Feature", "properties": { "Contact ID": 6829, "Sort Name": "St Mary's Hitcham", "Contact Subtype": null, "Church/Organisation Profile: Church Postcode": "SL1 7DP", "Long": -0.673686, "Lat": 51.53442, "Church/Organisation Profile: Approved by IC": null, "Organisation Details: Date Trustees Approval": null, "Organisation Details: Welcome Email Date": null, "Denom": null, "Organisation Details: Denomination": null, "Church/Organisation Profile: Church Denomination": null, "field_13": "8219" }, "geometry": { "type": "Point", "coordinates": [ -0.673686, 51.53442 ] } },
{ "type": "Feature", "properties": { "Contact ID": 2653, "Sort Name": "St Mary's Illingworth", "Contact Subtype": null, "Church/Organisation Profile: Church Postcode": "HX2 8JD", "Long": -1.897147, "Lat": 53.751048, "Church/Organisation Profile: Approved by IC": null, "Organisation Details: Date Trustees Approval": null, "Organisation Details: Welcome Email Date": null, "Denom": null, "Organisation Details: Denomination": null, "Church/Organisation Profile: Church Denomination": null, "field_13": "2510" }, "geometry": { "type": "Point", "coordinates": [ -1.897147, 53.751048 ] } },
{ "type": "Feature", "properties": { "Contact ID": 3957, "Sort Name": "St Mary's Kemp Town, Brighton", "Contact Subtype": null, "Church/Organisation Profile: Church Postcode": "BN2 1PR", "Long": -0.129272, "Lat": 50.820361, "Church/Organisation Profile: Approved by IC": null, "Organisation Details: Date Trustees Approval": null, "Organisation Details: Welcome Email Date": null, "Denom": "Church of England", "Organisation Details: Denomination": null, "Church/Organisation Profile: Church Denomination": null, "field_13": "3516" }, "geometry": { "type": "Point", "coordinates": [ -0.129272, 50.820361 ] } },
{ "type": "Feature", "properties": { "Contact ID": 265353, "Sort Name": "St Mary's Kippax", "Contact Subtype": null, "Church/Organisation Profile: Church Postcode": "LS25 7HF", "Long": -1.370463, "Lat": 53.767715, "Church/Organisation Profile: Approved by IC": null, "Organisation Details: Date Trustees Approval": null, "Organisation Details: Welcome Email Date": null, "Denom": "Church of England", "Organisation Details: Denomination": null, "Church/Organisation Profile: Church Denomination": null, "field_13": "22236" }, "geometry": { "type": "Point", "coordinates": [ -1.370463, 53.767715 ] } },
{ "type": "Feature", "properties": { "Contact ID": 2500, "Sort Name": "St Mary's Lymm", "Contact Subtype": null, "Church/Organisation Profile: Church Postcode": "WA13 0AP", "Long": -2.476902, "Lat": 53.377143, "Church/Organisation Profile: Approved by IC": null, "Organisation Details: Date Trustees Approval": null, "Organisation Details: Welcome Email Date": null, "Denom": null, "Organisation Details: Denomination": null, "Church/Organisation Profile: Church Denomination": null, "field_13": "2357" }, "geometry": { "type": "Point", "coordinates": [ -2.476902, 53.377143 ] } },
{ "type": "Feature", "properties": { "Contact ID": 2210, "Sort Name": "St Mary's Marshalswick", "Contact Subtype": null, "Church/Organisation Profile: Church Postcode": "AL4 9QA", "Long": -0.308007, "Lat": 51.765035, "Church/Organisation Profile: Approved by IC": null, "Organisation Details: Date Trustees Approval": null, "Organisation Details: Welcome Email Date": null, "Denom": null, "Organisation Details: Denomination": null, "Church/Organisation Profile: Church Denomination": null, "field_13": "3602" }, "geometry": { "type": "Point", "coordinates": [ -0.308007, 51.765035 ] } },
{ "type": "Feature", "properties": { "Contact ID": 235091, "Sort Name": "St Mary's Peterborough", "Contact Subtype": null, "Church/Organisation Profile: Church Postcode": "K9J", "Long": 0.0, "Lat": 0.0, "Church/Organisation Profile: Approved by IC": null, "Organisation Details: Date Trustees Approval": null, "Organisation Details: Welcome Email Date": null, "Denom": null, "Organisation Details: Denomination": null, "Church/Organisation Profile: Church Denomination": null, "field_13": "3677" }, "geometry": { "type": "Point", "coordinates": [ 0.0, 0.0 ] } },
{ "type": "Feature", "properties": { "Contact ID": 85680, "Sort Name": "St Mary's Redbourn", "Contact Subtype": null, "Church/Organisation Profile: Church Postcode": "AL3 7NL", "Long": -0.404205, "Lat": 51.792125, "Church/Organisation Profile: Approved by IC": null, "Organisation Details: Date Trustees Approval": null, "Organisation Details: Welcome Email Date": null, "Denom": null, "Organisation Details: Denomination": null, "Church/Organisation Profile: Church Denomination": null, "field_13": "9264" }, "geometry": { "type": "Point", "coordinates": [ -0.404205, 51.792125 ] } },
{ "type": "Feature", "properties": { "Contact ID": 7381, "Sort Name": "St Mary's Roecliffe", "Contact Subtype": null, "Church/Organisation Profile: Church Postcode": "YO51 9NB", "Long": -1.426355, "Lat": 54.087819, "Church/Organisation Profile: Approved by IC": null, "Organisation Details: Date Trustees Approval": null, "Organisation Details: Welcome Email Date": null, "Denom": "Church of England", "Organisation Details: Denomination": null, "Church/Organisation Profile: Church Denomination": null, "field_13": "9082" }, "geometry": { "type": "Point", "coordinates": [ -1.426355, 54.087819 ] } },
{ "type": "Feature", "properties": { "Contact ID": 234624, "Sort Name": "St Mary's Stafford", "Contact Subtype": null, "Church/Organisation Profile: Church Postcode": "ST16 2AP", "Long": -2.118077, "Lat": 52.805904, "Church/Organisation Profile: Approved by IC": null, "Organisation Details: Date Trustees Approval": null, "Organisation Details: Welcome Email Date": null, "Denom": null, "Organisation Details: Denomination": null, "Church/Organisation Profile: Church Denomination": null, "field_13": "4398" }, "geometry": { "type": "Point", "coordinates": [ -2.118077, 52.805904 ] } },
{ "type": "Feature", "properties": { "Contact ID": 4316, "Sort Name": "St Mary's Syderstone", "Contact Subtype": null, "Church/Organisation Profile: Church Postcode": "PE31 8SD", "Long": 0.718188, "Lat": 52.859813, "Church/Organisation Profile: Approved by IC": null, "Organisation Details: Date Trustees Approval": null, "Organisation Details: Welcome Email Date": null, "Denom": null, "Organisation Details: Denomination": null, "Church/Organisation Profile: Church Denomination": null, "field_13": "3808" }, "geometry": { "type": "Point", "coordinates": [ 0.718188, 52.859813 ] } },
{ "type": "Feature", "properties": { "Contact ID": 6258, "Sort Name": "St Mary's Tadcaster", "Contact Subtype": null, "Church/Organisation Profile: Church Postcode": "LS24 9BL", "Long": -1.262962, "Lat": 53.885496, "Church/Organisation Profile: Approved by IC": null, "Organisation Details: Date Trustees Approval": null, "Organisation Details: Welcome Email Date": null, "Denom": "Church of England", "Organisation Details: Denomination": null, "Church/Organisation Profile: Church Denomination": null, "field_13": "6476" }, "geometry": { "type": "Point", "coordinates": [ -1.262962, 53.885496 ] } },
{ "type": "Feature", "properties": { "Contact ID": 235015, "Sort Name": "St Mary's Thornham Parva (South Hartismere)", "Contact Subtype": null, "Church/Organisation Profile: Church Postcode": "IP23 7BL", "Long": 1.139656, "Lat": 52.323788, "Church/Organisation Profile: Approved by IC": null, "Organisation Details: Date Trustees Approval": null, "Organisation Details: Welcome Email Date": null, "Denom": null, "Organisation Details: Denomination": null, "Church/Organisation Profile: Church Denomination": null, "field_13": "2101" }, "geometry": { "type": "Point", "coordinates": [ 1.139656, 52.323788 ] } },
{ "type": "Feature", "properties": { "Contact ID": 5620, "Sort Name": "St Mary's Thorpe, Surrey", "Contact Subtype": null, "Church/Organisation Profile: Church Postcode": "TW20 8TQ", "Long": -0.528757, "Lat": 51.407698, "Church/Organisation Profile: Approved by IC": null, "Organisation Details: Date Trustees Approval": null, "Organisation Details: Welcome Email Date": null, "Denom": "Church of England", "Organisation Details: Denomination": null, "Church/Organisation Profile: Church Denomination": null, "field_13": "4573" }, "geometry": { "type": "Point", "coordinates": [ -0.528757, 51.407698 ] } },
{ "type": "Feature", "properties": { "Contact ID": 5569, "Sort Name": "St Mary's Todmorden", "Contact Subtype": null, "Church/Organisation Profile: Church Postcode": "OL14 7BD", "Long": -2.097843, "Lat": 53.714102, "Church/Organisation Profile: Approved by IC": null, "Organisation Details: Date Trustees Approval": null, "Organisation Details: Welcome Email Date": null, "Denom": null, "Organisation Details: Denomination": null, "Church/Organisation Profile: Church Denomination": null, "field_13": "4360" }, "geometry": { "type": "Point", "coordinates": [ -2.097843, 53.714102 ] } },
{ "type": "Feature", "properties": { "Contact ID": 234788, "Sort Name": "St Mary's Trefriw (Bro Gwydr)", "Contact Subtype": null, "Church/Organisation Profile: Church Postcode": "LL27 0UJ", "Long": -3.826386, "Lat": 53.151226, "Church/Organisation Profile: Approved by IC": null, "Organisation Details: Date Trustees Approval": null, "Organisation Details: Welcome Email Date": null, "Denom": "Church in Wales", "Organisation Details: Denomination": null, "Church/Organisation Profile: Church Denomination": null, "field_13": "8949" }, "geometry": { "type": "Point", "coordinates": [ -3.826386, 53.151226 ] } },
{ "type": "Feature", "properties": { "Contact ID": 2607, "Sort Name": "St Mary's Twickenham", "Contact Subtype": null, "Church/Organisation Profile: Church Postcode": "TW1 3NJ", "Long": -0.327061, "Lat": 51.446906, "Church/Organisation Profile: Approved by IC": null, "Organisation Details: Date Trustees Approval": null, "Organisation Details: Welcome Email Date": null, "Denom": null, "Organisation Details: Denomination": null, "Church/Organisation Profile: Church Denomination": null, "field_13": "2464" }, "geometry": { "type": "Point", "coordinates": [ -0.327061, 51.446906 ] } },
{ "type": "Feature", "properties": { "Contact ID": 85688, "Sort Name": "St Mary's Ware, Hertfordshire", "Contact Subtype": null, "Church/Organisation Profile: Church Postcode": "SG12 9EH", "Long": -0.03142, "Lat": 51.81202, "Church/Organisation Profile: Approved by IC": null, "Organisation Details: Date Trustees Approval": null, "Organisation Details: Welcome Email Date": null, "Denom": null, "Organisation Details: Denomination": null, "Church/Organisation Profile: Church Denomination": null, "field_13": "9297" }, "geometry": { "type": "Point", "coordinates": [ -0.03142, 51.81202 ] } },
{ "type": "Feature", "properties": { "Contact ID": 2523, "Sort Name": "St Mary's Waterloo Park", "Contact Subtype": null, "Church/Organisation Profile: Church Postcode": "L22 3XE", "Long": -3.020771, "Lat": 53.474856, "Church/Organisation Profile: Approved by IC": null, "Organisation Details: Date Trustees Approval": null, "Organisation Details: Welcome Email Date": null, "Denom": null, "Organisation Details: Denomination": null, "Church/Organisation Profile: Church Denomination": null, "field_13": "2380" }, "geometry": { "type": "Point", "coordinates": [ -3.020771, 53.474856 ] } },
{ "type": "Feature", "properties": { "Contact ID": 3951, "Sort Name": "St Mary's Witney", "Contact Subtype": null, "Church/Organisation Profile: Church Postcode": "OX28 4AW", "Long": -1.485795, "Lat": 51.782342, "Church/Organisation Profile: Approved by IC": null, "Organisation Details: Date Trustees Approval": null, "Organisation Details: Welcome Email Date": null, "Denom": null, "Organisation Details: Denomination": null, "Church/Organisation Profile: Church Denomination": null, "field_13": "3508" }, "geometry": { "type": "Point", "coordinates": [ -1.485795, 51.782342 ] } },
{ "type": "Feature", "properties": { "Contact ID": 2214, "Sort Name": "St Mary's Worsbrough", "Contact Subtype": null, "Church/Organisation Profile: Church Postcode": "S70 5LQ", "Long": -1.472664, "Lat": 53.51936, "Church/Organisation Profile: Approved by IC": null, "Organisation Details: Date Trustees Approval": null, "Organisation Details: Welcome Email Date": null, "Denom": null, "Organisation Details: Denomination": null, "Church/Organisation Profile: Church Denomination": null, "field_13": "5753" }, "geometry": { "type": "Point", "coordinates": [ -1.472664, 53.51936 ] } },
{ "type": "Feature", "properties": { "Contact ID": 234357, "Sort Name": "St Mary's, Cossington", "Contact Subtype": null, "Church/Organisation Profile: Church Postcode": "TA7 8JR", "Long": -2.921282, "Lat": 51.15834, "Church/Organisation Profile: Approved by IC": null, "Organisation Details: Date Trustees Approval": null, "Organisation Details: Welcome Email Date": null, "Denom": "Church of England", "Organisation Details: Denomination": null, "Church/Organisation Profile: Church Denomination": null, "field_13": "8186" }, "geometry": { "type": "Point", "coordinates": [ -2.921282, 51.15834 ] } },
{ "type": "Feature", "properties": { "Contact ID": 2293, "Sort Name": "St Mary's, Dullingham (Raddesley)", "Contact Subtype": null, "Church/Organisation Profile: Church Postcode": "CB8 9XE", "Long": 0.384567, "Lat": 52.193562, "Church/Organisation Profile: Approved by IC": null, "Organisation Details: Date Trustees Approval": null, "Organisation Details: Welcome Email Date": null, "Denom": null, "Organisation Details: Denomination": null, "Church/Organisation Profile: Church Denomination": null, "field_13": "2124" }, "geometry": { "type": "Point", "coordinates": [ 0.384567, 52.193562 ] } },
{ "type": "Feature", "properties": { "Contact ID": 265384, "Sort Name": "St Mary's, Lavant", "Contact Subtype": null, "Church/Organisation Profile: Church Postcode": "PO18 0AH", "Long": -0.777108, "Lat": 50.869261, "Church/Organisation Profile: Approved by IC": null, "Organisation Details: Date Trustees Approval": null, "Organisation Details: Welcome Email Date": null, "Denom": "Church of England", "Organisation Details: Denomination": null, "Church/Organisation Profile: Church Denomination": null, "field_13": "22239" }, "geometry": { "type": "Point", "coordinates": [ -0.777108, 50.869261 ] } },
{ "type": "Feature", "properties": { "Contact ID": 5896, "Sort Name": "St Mary's, Llanfair Waterdine", "Contact Subtype": null, "Church/Organisation Profile: Church Postcode": "LD7 1TU", "Long": -3.119049, "Lat": 52.381252, "Church/Organisation Profile: Approved by IC": null, "Organisation Details: Date Trustees Approval": null, "Organisation Details: Welcome Email Date": null, "Denom": "Church of England", "Organisation Details: Denomination": null, "Church/Organisation Profile: Church Denomination": null, "field_13": "5272" }, "geometry": { "type": "Point", "coordinates": [ -3.119049, 52.381252 ] } },
{ "type": "Feature", "properties": { "Contact ID": 181985, "Sort Name": "St Mary's, Partington and Carrington", "Contact Subtype": null, "Church/Organisation Profile: Church Postcode": "M31 4FB", "Long": -2.426205, "Lat": 53.419797, "Church/Organisation Profile: Approved by IC": null, "Organisation Details: Date Trustees Approval": null, "Organisation Details: Welcome Email Date": null, "Denom": null, "Organisation Details: Denomination": null, "Church/Organisation Profile: Church Denomination": null, "field_13": "10331" }, "geometry": { "type": "Point", "coordinates": [ -2.426205, 53.419797 ] } },
{ "type": "Feature", "properties": { "Contact ID": 6125, "Sort Name": "St Mary's, Stoke Newington", "Contact Subtype": null, "Church/Organisation Profile: Church Postcode": "N16 9ES", "Long": -0.084222, "Lat": 51.560635, "Church/Organisation Profile: Approved by IC": null, "Organisation Details: Date Trustees Approval": null, "Organisation Details: Welcome Email Date": null, "Denom": "Church of England", "Organisation Details: Denomination": null, "Church/Organisation Profile: Church Denomination": null, "field_13": "5937" }, "geometry": { "type": "Point", "coordinates": [ -0.084222, 51.560635 ] } },
{ "type": "Feature", "properties": { "Contact ID": 6230, "Sort Name": "St Mary's, The Minster, Ilminster", "Contact Subtype": null, "Church/Organisation Profile: Church Postcode": "TA19 0DU", "Long": -2.912376, "Lat": 50.927726, "Church/Organisation Profile: Approved by IC": null, "Organisation Details: Date Trustees Approval": null, "Organisation Details: Welcome Email Date": null, "Denom": "Church of England", "Organisation Details: Denomination": null, "Church/Organisation Profile: Church Denomination": null, "field_13": "6361" }, "geometry": { "type": "Point", "coordinates": [ -2.912376, 50.927726 ] } },
{ "type": "Feature", "properties": { "Contact ID": 265443, "Sort Name": "St Mary�s Eastham", "Contact Subtype": null, "Church/Organisation Profile: Church Postcode": "CH62 0AQ", "Long": -2.961415, "Lat": 53.313691, "Church/Organisation Profile: Approved by IC": null, "Organisation Details: Date Trustees Approval": null, "Organisation Details: Welcome Email Date": null, "Denom": "Church of England", "Organisation Details: Denomination": null, "Church/Organisation Profile: Church Denomination": null, "field_13": "22256" }, "geometry": { "type": "Point", "coordinates": [ -2.961415, 53.313691 ] } },
{ "type": "Feature", "properties": { "Contact ID": 6992, "Sort Name": "St Marys", "Contact Subtype": null, "Church/Organisation Profile: Church Postcode": "HU10", "Long": 0.0, "Lat": 0.0, "Church/Organisation Profile: Approved by IC": null, "Organisation Details: Date Trustees Approval": null, "Organisation Details: Welcome Email Date": null, "Denom": "Church of England", "Organisation Details: Denomination": null, "Church/Organisation Profile: Church Denomination": null, "field_13": "10236" }, "geometry": { "type": "Point", "coordinates": [ 0.0, 0.0 ] } },
{ "type": "Feature", "properties": { "Contact ID": 6965, "Sort Name": "St Marys Coton in the Elms", "Contact Subtype": null, "Church/Organisation Profile: Church Postcode": "DE12 8NA", "Long": -1.68249, "Lat": 52.761024, "Church/Organisation Profile: Approved by IC": null, "Organisation Details: Date Trustees Approval": null, "Organisation Details: Welcome Email Date": null, "Denom": null, "Organisation Details: Denomination": null, "Church/Organisation Profile: Church Denomination": null, "field_13": "8788" }, "geometry": { "type": "Point", "coordinates": [ -1.68249, 52.761024 ] } },
{ "type": "Feature", "properties": { "Contact ID": 6813, "Sort Name": "St Matthew and St Luke, Chadderton", "Contact Subtype": null, "Church/Organisation Profile: Church Postcode": "OL1 2RE", "Long": 0.0, "Lat": 0.0, "Church/Organisation Profile: Approved by IC": null, "Organisation Details: Date Trustees Approval": null, "Organisation Details: Welcome Email Date": null, "Denom": "Church of England", "Organisation Details: Denomination": null, "Church/Organisation Profile: Church Denomination": null, "field_13": "9113" }, "geometry": { "type": "Point", "coordinates": [ 0.0, 0.0 ] } },
{ "type": "Feature", "properties": { "Contact ID": 2663, "Sort Name": "St Matthew Bethnal Green", "Contact Subtype": null, "Church/Organisation Profile: Church Postcode": "E2 6DT", "Long": -0.068069, "Lat": 51.525101, "Church/Organisation Profile: Approved by IC": null, "Organisation Details: Date Trustees Approval": null, "Organisation Details: Welcome Email Date": null, "Denom": "Church of England", "Organisation Details: Denomination": null, "Church/Organisation Profile: Church Denomination": null, "field_13": "5206" }, "geometry": { "type": "Point", "coordinates": [ -0.068069, 51.525101 ] } },
{ "type": "Feature", "properties": { "Contact ID": 2522, "Sort Name": "St Matthew Borstal", "Contact Subtype": null, "Church/Organisation Profile: Church Postcode": "ME1 3HL", "Long": 0.487817, "Lat": 51.374174, "Church/Organisation Profile: Approved by IC": null, "Organisation Details: Date Trustees Approval": null, "Organisation Details: Welcome Email Date": null, "Denom": null, "Organisation Details: Denomination": null, "Church/Organisation Profile: Church Denomination": null, "field_13": "6367" }, "geometry": { "type": "Point", "coordinates": [ 0.487817, 51.374174 ] } },
{ "type": "Feature", "properties": { "Contact ID": 235664, "Sort Name": "St Matthew Oxhey", "Contact Subtype": null, "Church/Organisation Profile: Church Postcode": "WD19 4ST", "Long": -0.385838, "Lat": 51.645204, "Church/Organisation Profile: Approved by IC": null, "Organisation Details: Date Trustees Approval": null, "Organisation Details: Welcome Email Date": null, "Denom": "Church of England", "Organisation Details: Denomination": null, "Church/Organisation Profile: Church Denomination": null, "field_13": "20409" }, "geometry": { "type": "Point", "coordinates": [ -0.385838, 51.645204 ] } },
{ "type": "Feature", "properties": { "Contact ID": 6006, "Sort Name": "St Matthew Perry Beaches (Birmingham)", "Contact Subtype": null, "Church/Organisation Profile: Church Postcode": "B44 8RB", "Long": -1.89422, "Lat": 52.540235, "Church/Organisation Profile: Approved by IC": null, "Organisation Details: Date Trustees Approval": null, "Organisation Details: Welcome Email Date": null, "Denom": "Church of England", "Organisation Details: Denomination": null, "Church/Organisation Profile: Church Denomination": null, "field_13": "7863" }, "geometry": { "type": "Point", "coordinates": [ -1.89422, 52.540235 ] } },
{ "type": "Feature", "properties": { "Contact ID": 2662, "Sort Name": "St Matthew Westminster", "Contact Subtype": null, "Church/Organisation Profile: Church Postcode": "SW1P 2BU", "Long": -0.131048, "Lat": 51.497057, "Church/Organisation Profile: Approved by IC": null, "Organisation Details: Date Trustees Approval": null, "Organisation Details: Welcome Email Date": null, "Denom": null, "Organisation Details: Denomination": null, "Church/Organisation Profile: Church Denomination": null, "field_13": "2519" }, "geometry": { "type": "Point", "coordinates": [ -0.131048, 51.497057 ] } },
{ "type": "Feature", "properties": { "Contact ID": 4327, "Sort Name": "St Matthew with Holy Trinity (Habergham Eaves) Burnley", "Contact Subtype": null, "Church/Organisation Profile: Church Postcode": "BB11 4JJ", "Long": -2.255432, "Lat": 53.783796, "Church/Organisation Profile: Approved by IC": null, "Organisation Details: Date Trustees Approval": null, "Organisation Details: Welcome Email Date": null, "Denom": null, "Organisation Details: Denomination": null, "Church/Organisation Profile: Church Denomination": null, "field_13": "3863" }, "geometry": { "type": "Point", "coordinates": [ -2.255432, 53.783796 ] } },
{ "type": "Feature", "properties": { "Contact ID": 6742, "Sort Name": "St Matthew with St Mary, Crumpsall", "Contact Subtype": null, "Church/Organisation Profile: Church Postcode": "M8 4GS", "Long": -2.235309, "Lat": 53.51857, "Church/Organisation Profile: Approved by IC": null, "Organisation Details: Date Trustees Approval": null, "Organisation Details: Welcome Email Date": null, "Denom": null, "Organisation Details: Denomination": null, "Church/Organisation Profile: Church Denomination": null, "field_13": "7923" }, "geometry": { "type": "Point", "coordinates": [ -2.235309, 53.51857 ] } },
{ "type": "Feature", "properties": { "Contact ID": 6134, "Sort Name": "St Matthew, Croydon", "Contact Subtype": null, "Church/Organisation Profile: Church Postcode": "CR0 5NQ", "Long": -0.084839, "Lat": 51.370574, "Church/Organisation Profile: Approved by IC": null, "Organisation Details: Date Trustees Approval": null, "Organisation Details: Welcome Email Date": null, "Denom": null, "Organisation Details: Denomination": null, "Church/Organisation Profile: Church Denomination": null, "field_13": "6730" }, "geometry": { "type": "Point", "coordinates": [ -0.084839, 51.370574 ] } },
{ "type": "Feature", "properties": { "Contact ID": 2661, "Sort Name": "St Matthew's Birmingham", "Contact Subtype": null, "Church/Organisation Profile: Church Postcode": "B42 2QR", "Long": -1.901669, "Lat": 52.538794, "Church/Organisation Profile: Approved by IC": null, "Organisation Details: Date Trustees Approval": null, "Organisation Details: Welcome Email Date": null, "Denom": null, "Organisation Details: Denomination": null, "Church/Organisation Profile: Church Denomination": null, "field_13": "C2518" }, "geometry": { "type": "Point", "coordinates": [ -1.901669, 52.538794 ] } },
{ "type": "Feature", "properties": { "Contact ID": 2605, "Sort Name": "St Matthew's Cainscross", "Contact Subtype": null, "Church/Organisation Profile: Church Postcode": "GL5 4JE", "Long": -2.245746, "Lat": 51.743026, "Church/Organisation Profile: Approved by IC": null, "Organisation Details: Date Trustees Approval": null, "Organisation Details: Welcome Email Date": null, "Denom": null, "Organisation Details: Denomination": null, "Church/Organisation Profile: Church Denomination": null, "field_13": "2462" }, "geometry": { "type": "Point", "coordinates": [ -2.245746, 51.743026 ] } },
{ "type": "Feature", "properties": { "Contact ID": 234660, "Sort Name": "St Matthew's Stretford", "Contact Subtype": null, "Church/Organisation Profile: Church Postcode": "M32 9AN", "Long": -2.314505, "Lat": 53.441034, "Church/Organisation Profile: Approved by IC": null, "Organisation Details: Date Trustees Approval": null, "Organisation Details: Welcome Email Date": null, "Denom": null, "Organisation Details: Denomination": null, "Church/Organisation Profile: Church Denomination": null, "field_13": "8162" }, "geometry": { "type": "Point", "coordinates": [ -2.314505, 53.441034 ] } },
{ "type": "Feature", "properties": { "Contact ID": 2299, "Sort Name": "St Matthew's Thorpe Hamlet", "Contact Subtype": null, "Church/Organisation Profile: Church Postcode": "NR1 4JA", "Long": 1.313403, "Lat": 52.63086, "Church/Organisation Profile: Approved by IC": null, "Organisation Details: Date Trustees Approval": null, "Organisation Details: Welcome Email Date": null, "Denom": null, "Organisation Details: Denomination": null, "Church/Organisation Profile: Church Denomination": null, "field_13": "6397" }, "geometry": { "type": "Point", "coordinates": [ 1.313403, 52.63086 ] } },
{ "type": "Feature", "properties": { "Contact ID": 2622, "Sort Name": "St Matthew's Wimbledon", "Contact Subtype": null, "Church/Organisation Profile: Church Postcode": "SW20 0DE", "Long": -0.233941, "Lat": 51.412448, "Church/Organisation Profile: Approved by IC": null, "Organisation Details: Date Trustees Approval": null, "Organisation Details: Welcome Email Date": null, "Denom": null, "Organisation Details: Denomination": null, "Church/Organisation Profile: Church Denomination": null, "field_13": "2479" }, "geometry": { "type": "Point", "coordinates": [ -0.233941, 51.412448 ] } },
{ "type": "Feature", "properties": { "Contact ID": 2664, "Sort Name": "St Matthew's, Bridgemary", "Contact Subtype": null, "Church/Organisation Profile: Church Postcode": "PO13 ONL", "Long": 0.0, "Lat": 0.0, "Church/Organisation Profile: Approved by IC": null, "Organisation Details: Date Trustees Approval": null, "Organisation Details: Welcome Email Date": null, "Denom": null, "Organisation Details: Denomination": null, "Church/Organisation Profile: Church Denomination": null, "field_13": "2521" }, "geometry": { "type": "Point", "coordinates": [ 0.0, 0.0 ] } },
{ "type": "Feature", "properties": { "Contact ID": 265348, "Sort Name": "St Matthew's, Winchester", "Contact Subtype": null, "Church/Organisation Profile: Church Postcode": "SO22 5JZ", "Long": -1.333208, "Lat": 51.071822, "Church/Organisation Profile: Approved by IC": null, "Organisation Details: Date Trustees Approval": null, "Organisation Details: Welcome Email Date": null, "Denom": "Church of England", "Organisation Details: Denomination": null, "Church/Organisation Profile: Church Denomination": null, "field_13": "22232" }, "geometry": { "type": "Point", "coordinates": [ -1.333208, 51.071822 ] } },
{ "type": "Feature", "properties": { "Contact ID": 6975, "Sort Name": "St Matthews", "Contact Subtype": null, "Church/Organisation Profile: Church Postcode": "YO19?4SD", "Long": -1.090004, "Lat": 53.901271, "Church/Organisation Profile: Approved by IC": null, "Organisation Details: Date Trustees Approval": null, "Organisation Details: Welcome Email Date": null, "Denom": "Church of England", "Organisation Details: Denomination": null, "Church/Organisation Profile: Church Denomination": null, "field_13": "8816" }, "geometry": { "type": "Point", "coordinates": [ -1.090004, 53.901271 ] } },
{ "type": "Feature", "properties": { "Contact ID": 6414, "Sort Name": "St Matthews, Redhill", "Contact Subtype": null, "Church/Organisation Profile: Church Postcode": "RH1 1DL", "Long": -0.173107, "Lat": 51.240617, "Church/Organisation Profile: Approved by IC": null, "Organisation Details: Date Trustees Approval": null, "Organisation Details: Welcome Email Date": null, "Denom": "Church of England", "Organisation Details: Denomination": null, "Church/Organisation Profile: Church Denomination": null, "field_13": "6854" }, "geometry": { "type": "Point", "coordinates": [ -0.173107, 51.240617 ] } },
{ "type": "Feature", "properties": { "Contact ID": 235161, "Sort Name": "St Matthias Malvern Link (with Cowleigh)", "Contact Subtype": null, "Church/Organisation Profile: Church Postcode": "WR14 1NA", "Long": -2.318061, "Lat": 52.127504, "Church/Organisation Profile: Approved by IC": null, "Organisation Details: Date Trustees Approval": null, "Organisation Details: Welcome Email Date": null, "Denom": null, "Organisation Details: Denomination": null, "Church/Organisation Profile: Church Denomination": null, "field_13": "2376" }, "geometry": { "type": "Point", "coordinates": [ -2.318061, 52.127504 ] } },
{ "type": "Feature", "properties": { "Contact ID": 2665, "Sort Name": "St Matthias, Richmond", "Contact Subtype": null, "Church/Organisation Profile: Church Postcode": "TW10 6JQ", "Long": -0.29292, "Lat": 51.453213, "Church/Organisation Profile: Approved by IC": null, "Organisation Details: Date Trustees Approval": null, "Organisation Details: Welcome Email Date": null, "Denom": null, "Organisation Details: Denomination": null, "Church/Organisation Profile: Church Denomination": null, "field_13": "2522" }, "geometry": { "type": "Point", "coordinates": [ -0.29292, 51.453213 ] } },
{ "type": "Feature", "properties": { "Contact ID": 6960, "Sort Name": "St Michael & All Angels Sutton upon Derwent", "Contact Subtype": null, "Church/Organisation Profile: Church Postcode": "YO41 4BN", "Long": -0.924035, "Lat": 53.91473, "Church/Organisation Profile: Approved by IC": null, "Organisation Details: Date Trustees Approval": null, "Organisation Details: Welcome Email Date": null, "Denom": "Church of England", "Organisation Details: Denomination": null, "Church/Organisation Profile: Church Denomination": null, "field_13": "8770" }, "geometry": { "type": "Point", "coordinates": [ -0.924035, 53.91473 ] } },
{ "type": "Feature", "properties": { "Contact ID": 6873, "Sort Name": "St Michael & All Angels, Summertown", "Contact Subtype": null, "Church/Organisation Profile: Church Postcode": "OX2 7ES", "Long": -1.262707, "Lat": 51.779978, "Church/Organisation Profile: Approved by IC": null, "Organisation Details: Date Trustees Approval": null, "Organisation Details: Welcome Email Date": null, "Denom": "Anglican", "Organisation Details: Denomination": null, "Church/Organisation Profile: Church Denomination": null, "field_13": "8516" }, "geometry": { "type": "Point", "coordinates": [ -1.262707, 51.779978 ] } },
{ "type": "Feature", "properties": { "Contact ID": 6276, "Sort Name": "St Michael and All Angels Ashton-on-Ribble with St Mark Preston", "Contact Subtype": null, "Church/Organisation Profile: Church Postcode": "PR2 1AJ", "Long": -2.733254, "Lat": 53.76456, "Church/Organisation Profile: Approved by IC": null, "Organisation Details: Date Trustees Approval": null, "Organisation Details: Welcome Email Date": null, "Denom": "Anglican", "Organisation Details: Denomination": null, "Church/Organisation Profile: Church Denomination": null, "field_13": "6786" }, "geometry": { "type": "Point", "coordinates": [ -2.733254, 53.76456 ] } },
{ "type": "Feature", "properties": { "Contact ID": 2668, "Sort Name": "St Michael and All Angels Bedford Park", "Contact Subtype": null, "Church/Organisation Profile: Church Postcode": "W4 1TX", "Long": -0.254061, "Lat": 51.49692, "Church/Organisation Profile: Approved by IC": null, "Organisation Details: Date Trustees Approval": null, "Organisation Details: Welcome Email Date": null, "Denom": null, "Organisation Details: Denomination": null, "Church/Organisation Profile: Church Denomination": null, "field_13": "2525" }, "geometry": { "type": "Point", "coordinates": [ -0.254061, 51.49692 ] } },
{ "type": "Feature", "properties": { "Contact ID": 6449, "Sort Name": "St Michael and All Angels Bridgwater", "Contact Subtype": null, "Church/Organisation Profile: Church Postcode": "TA7?8PY", "Long": -2.943076, "Lat": 51.151342, "Church/Organisation Profile: Approved by IC": null, "Organisation Details: Date Trustees Approval": null, "Organisation Details: Welcome Email Date": null, "Denom": "C of E", "Organisation Details: Denomination": null, "Church/Organisation Profile: Church Denomination": null, "field_13": "6974" }, "geometry": { "type": "Point", "coordinates": [ -2.943076, 51.151342 ] } },
{ "type": "Feature", "properties": { "Contact ID": 235105, "Sort Name": "St Michael and All Angels Brimington", "Contact Subtype": null, "Church/Organisation Profile: Church Postcode": "S43 1JG", "Long": -1.395708, "Lat": 53.257173, "Church/Organisation Profile: Approved by IC": null, "Organisation Details: Date Trustees Approval": null, "Organisation Details: Welcome Email Date": null, "Denom": null, "Organisation Details: Denomination": null, "Church/Organisation Profile: Church Denomination": null, "field_13": "4717" }, "geometry": { "type": "Point", "coordinates": [ -1.395708, 53.257173 ] } },
{ "type": "Feature", "properties": { "Contact ID": 6809, "Sort Name": "St Michael and All Angels Church", "Contact Subtype": null, "Church/Organisation Profile: Church Postcode": "WR15 8LY", "Long": -2.540057, "Lat": 52.326502, "Church/Organisation Profile: Approved by IC": null, "Organisation Details: Date Trustees Approval": null, "Organisation Details: Welcome Email Date": null, "Denom": "Church of England", "Organisation Details: Denomination": null, "Church/Organisation Profile: Church Denomination": null, "field_13": "8147" }, "geometry": { "type": "Point", "coordinates": [ -2.540057, 52.326502 ] } },
{ "type": "Feature", "properties": { "Contact ID": 2667, "Sort Name": "St Michael and All Angels, Amersham on the Hill", "Contact Subtype": null, "Church/Organisation Profile: Church Postcode": "HP6 5DR", "Long": -0.606284, "Lat": 51.677574, "Church/Organisation Profile: Approved by IC": null, "Organisation Details: Date Trustees Approval": null, "Organisation Details: Welcome Email Date": null, "Denom": "Church of England", "Organisation Details: Denomination": null, "Church/Organisation Profile: Church Denomination": null, "field_13": "2524" }, "geometry": { "type": "Point", "coordinates": [ -0.606284, 51.677574 ] } },
{ "type": "Feature", "properties": { "Contact ID": 181992, "Sort Name": "St Michael and All Angels, Atworth", "Contact Subtype": null, "Church/Organisation Profile: Church Postcode": "SN12 8EH", "Long": -2.162939, "Lat": 51.391241, "Church/Organisation Profile: Approved by IC": null, "Organisation Details: Date Trustees Approval": null, "Organisation Details: Welcome Email Date": null, "Denom": "Church of England", "Organisation Details: Denomination": null, "Church/Organisation Profile: Church Denomination": null, "field_13": "5779" }, "geometry": { "type": "Point", "coordinates": [ -2.162939, 51.391241 ] } },
{ "type": "Feature", "properties": { "Contact ID": 235159, "Sort Name": "St Michael and All Angels, Brampton Abbotts (The Ross Parishes)", "Contact Subtype": null, "Church/Organisation Profile: Church Postcode": "HR9 7JF", "Long": -2.571685, "Lat": 51.936605, "Church/Organisation Profile: Approved by IC": null, "Organisation Details: Date Trustees Approval": null, "Organisation Details: Welcome Email Date": null, "Denom": null, "Organisation Details: Denomination": null, "Church/Organisation Profile: Church Denomination": null, "field_13": "2297" }, "geometry": { "type": "Point", "coordinates": [ -2.571685, 51.936605 ] } },
{ "type": "Feature", "properties": { "Contact ID": 2362, "Sort Name": "St Michael and All Angels, Butcombe", "Contact Subtype": null, "Church/Organisation Profile: Church Postcode": "BS40 7UX", "Long": -2.696864, "Lat": 51.35396, "Church/Organisation Profile: Approved by IC": null, "Organisation Details: Date Trustees Approval": null, "Organisation Details: Welcome Email Date": null, "Denom": "Church of England", "Organisation Details: Denomination": null, "Church/Organisation Profile: Church Denomination": null, "field_13": "2144" }, "geometry": { "type": "Point", "coordinates": [ -2.696864, 51.35396 ] } },
{ "type": "Feature", "properties": { "Contact ID": 2781, "Sort Name": "St Michael and All Angels, Lawton Moor", "Contact Subtype": null, "Church/Organisation Profile: Church Postcode": "M23 0LH", "Long": -2.282086, "Lat": 53.410293, "Church/Organisation Profile: Approved by IC": null, "Organisation Details: Date Trustees Approval": null, "Organisation Details: Welcome Email Date": null, "Denom": null, "Organisation Details: Denomination": null, "Church/Organisation Profile: Church Denomination": null, "field_13": "2196" }, "geometry": { "type": "Point", "coordinates": [ -2.282086, 53.410293 ] } },
{ "type": "Feature", "properties": { "Contact ID": 6024, "Sort Name": "St Michael and All Angels, Marden, Kent", "Contact Subtype": null, "Church/Organisation Profile: Church Postcode": "TN12 9HP", "Long": 0.4923, "Lat": 51.174149, "Church/Organisation Profile: Approved by IC": null, "Organisation Details: Date Trustees Approval": null, "Organisation Details: Welcome Email Date": null, "Denom": "Church of England", "Organisation Details: Denomination": null, "Church/Organisation Profile: Church Denomination": null, "field_13": "5613" }, "geometry": { "type": "Point", "coordinates": [ 0.4923, 51.174149 ] } },
{ "type": "Feature", "properties": { "Contact ID": 3936, "Sort Name": "St Michael and All Angels, New Marston (Oxford)", "Contact Subtype": null, "Church/Organisation Profile: Church Postcode": "OX3 0JA", "Long": -1.234849, "Lat": 51.763552, "Church/Organisation Profile: Approved by IC": null, "Organisation Details: Date Trustees Approval": null, "Organisation Details: Welcome Email Date": null, "Denom": null, "Organisation Details: Denomination": null, "Church/Organisation Profile: Church Denomination": null, "field_13": "3595" }, "geometry": { "type": "Point", "coordinates": [ -1.234849, 51.763552 ] } },
{ "type": "Feature", "properties": { "Contact ID": 2320, "Sort Name": "St Michael and St Thomas, Ditton", "Contact Subtype": null, "Church/Organisation Profile: Church Postcode": "WA8 8QG", "Long": -2.764843, "Lat": 53.363006, "Church/Organisation Profile: Approved by IC": null, "Organisation Details: Date Trustees Approval": null, "Organisation Details: Welcome Email Date": null, "Denom": null, "Organisation Details: Denomination": null, "Church/Organisation Profile: Church Denomination": null, "field_13": "2157" }, "geometry": { "type": "Point", "coordinates": [ -2.764843, 53.363006 ] } },
{ "type": "Feature", "properties": { "Contact ID": 2217, "Sort Name": "St Michael East Wickham", "Contact Subtype": null, "Church/Organisation Profile: Church Postcode": "DA16 3AP", "Long": 0.11096, "Lat": 51.471043, "Church/Organisation Profile: Approved by IC": null, "Organisation Details: Date Trustees Approval": null, "Organisation Details: Welcome Email Date": null, "Denom": null, "Organisation Details: Denomination": null, "Church/Organisation Profile: Church Denomination": null, "field_13": "3610" }, "geometry": { "type": "Point", "coordinates": [ 0.11096, 51.471043 ] } },
{ "type": "Feature", "properties": { "Contact ID": 2666, "Sort Name": "St Michael Great Tew", "Contact Subtype": null, "Church/Organisation Profile: Church Postcode": "OX7 4AG.", "Long": 0.0, "Lat": 0.0, "Church/Organisation Profile: Approved by IC": null, "Organisation Details: Date Trustees Approval": null, "Organisation Details: Welcome Email Date": null, "Denom": null, "Organisation Details: Denomination": null, "Church/Organisation Profile: Church Denomination": null, "field_13": "2523" }, "geometry": { "type": "Point", "coordinates": [ 0.0, 0.0 ] } },
{ "type": "Feature", "properties": { "Contact ID": 2342, "Sort Name": "St Michael Kirkham", "Contact Subtype": null, "Church/Organisation Profile: Church Postcode": "PR4 2SE", "Long": -2.871255, "Lat": 53.783491, "Church/Organisation Profile: Approved by IC": null, "Organisation Details: Date Trustees Approval": null, "Organisation Details: Welcome Email Date": null, "Denom": null, "Organisation Details: Denomination": null, "Church/Organisation Profile: Church Denomination": null, "field_13": "2179" }, "geometry": { "type": "Point", "coordinates": [ -2.871255, 53.783491 ] } },
{ "type": "Feature", "properties": { "Contact ID": 3948, "Sort Name": "St Michael the Archangel Trusham (Devon)", "Contact Subtype": null, "Church/Organisation Profile: Church Postcode": "TQ13 0NW", "Long": -3.619547, "Lat": 50.628122, "Church/Organisation Profile: Approved by IC": null, "Organisation Details: Date Trustees Approval": null, "Organisation Details: Welcome Email Date": null, "Denom": null, "Organisation Details: Denomination": null, "Church/Organisation Profile: Church Denomination": null, "field_13": "3505" }, "geometry": { "type": "Point", "coordinates": [ -3.619547, 50.628122 ] } },
{ "type": "Feature", "properties": { "Contact ID": 234897, "Sort Name": "St Michael the Archangel, Galmington (Taunton)", "Contact Subtype": null, "Church/Organisation Profile: Church Postcode": "TA1 4TP", "Long": -3.121091, "Lat": 51.005711, "Church/Organisation Profile: Approved by IC": null, "Organisation Details: Date Trustees Approval": null, "Organisation Details: Welcome Email Date": null, "Denom": null, "Organisation Details: Denomination": null, "Church/Organisation Profile: Church Denomination": null, "field_13": "3779" }, "geometry": { "type": "Point", "coordinates": [ -3.121091, 51.005711 ] } },
{ "type": "Feature", "properties": { "Contact ID": 2226, "Sort Name": "St Michael the Archangel, West Retford", "Contact Subtype": null, "Church/Organisation Profile: Church Postcode": "DN22 7UX", "Long": -0.946521, "Lat": 53.324195, "Church/Organisation Profile: Approved by IC": null, "Organisation Details: Date Trustees Approval": null, "Organisation Details: Welcome Email Date": null, "Denom": "Church of England", "Organisation Details: Denomination": null, "Church/Organisation Profile: Church Denomination": null, "field_13": "5816" }, "geometry": { "type": "Point", "coordinates": [ -0.946521, 53.324195 ] } },
{ "type": "Feature", "properties": { "Contact ID": 2380, "Sort Name": "St Michael Waddington (Lincoln)", "Contact Subtype": null, "Church/Organisation Profile: Church Postcode": "LN5 9RF", "Long": -0.541674, "Lat": 53.165611, "Church/Organisation Profile: Approved by IC": null, "Organisation Details: Date Trustees Approval": null, "Organisation Details: Welcome Email Date": null, "Denom": null, "Organisation Details: Denomination": null, "Church/Organisation Profile: Church Denomination": null, "field_13": "3511" }, "geometry": { "type": "Point", "coordinates": [ -0.541674, 53.165611 ] } },
{ "type": "Feature", "properties": { "Contact ID": 2308, "Sort Name": "St Michael, Treflys", "Contact Subtype": null, "Church/Organisation Profile: Church Postcode": "LL52 0PP", "Long": -4.220428, "Lat": 52.92191, "Church/Organisation Profile: Approved by IC": null, "Organisation Details: Date Trustees Approval": null, "Organisation Details: Welcome Email Date": null, "Denom": "Church in Wales", "Organisation Details: Denomination": null, "Church/Organisation Profile: Church Denomination": null, "field_13": "2139" }, "geometry": { "type": "Point", "coordinates": [ -4.220428, 52.92191 ] } },
{ "type": "Feature", "properties": { "Contact ID": 6105, "Sort Name": "St Michael?s Shared Church, Sheerwater (re?)", "Contact Subtype": null, "Church/Organisation Profile: Church Postcode": "GU21 5PJ", "Long": -0.528021, "Lat": 51.333789, "Church/Organisation Profile: Approved by IC": null, "Organisation Details: Date Trustees Approval": null, "Organisation Details: Welcome Email Date": null, "Denom": null, "Organisation Details: Denomination": null, "Church/Organisation Profile: Church Denomination": null, "field_13": "5889" }, "geometry": { "type": "Point", "coordinates": [ -0.528021, 51.333789 ] } },
{ "type": "Feature", "properties": { "Contact ID": 2446, "Sort Name": "St Michael's & All Angels, Pelsall", "Contact Subtype": null, "Church/Organisation Profile: Church Postcode": "WS3 4JN", "Long": -1.97497, "Lat": 52.626303, "Church/Organisation Profile: Approved by IC": null, "Organisation Details: Date Trustees Approval": null, "Organisation Details: Welcome Email Date": null, "Denom": "Church of England", "Organisation Details: Denomination": null, "Church/Organisation Profile: Church Denomination": null, "field_13": "C3597" }, "geometry": { "type": "Point", "coordinates": [ -1.97497, 52.626303 ] } },
{ "type": "Feature", "properties": { "Contact ID": 2223, "Sort Name": "St Michael's and All Angels Tatenhill", "Contact Subtype": null, "Church/Organisation Profile: Church Postcode": "DE13 9RS", "Long": -1.717355, "Lat": 52.800738, "Church/Organisation Profile: Approved by IC": null, "Organisation Details: Date Trustees Approval": null, "Organisation Details: Welcome Email Date": null, "Denom": null, "Organisation Details: Denomination": null, "Church/Organisation Profile: Church Denomination": null, "field_13": "3616" }, "geometry": { "type": "Point", "coordinates": [ -1.717355, 52.800738 ] } },
{ "type": "Feature", "properties": { "Contact ID": 2657, "Sort Name": "St Michael's Barnes", "Contact Subtype": null, "Church/Organisation Profile: Church Postcode": "SW13 0NX", "Long": -0.252848, "Lat": 51.470608, "Church/Organisation Profile: Approved by IC": null, "Organisation Details: Date Trustees Approval": null, "Organisation Details: Welcome Email Date": null, "Denom": null, "Organisation Details: Denomination": null, "Church/Organisation Profile: Church Denomination": null, "field_13": "2514" }, "geometry": { "type": "Point", "coordinates": [ -0.252848, 51.470608 ] } },
{ "type": "Feature", "properties": { "Contact ID": 181916, "Sort Name": "St Michael's Church, Lichfield", "Contact Subtype": null, "Church/Organisation Profile: Church Postcode": "WS13 6ED", "Long": -1.819925, "Lat": 52.683839, "Church/Organisation Profile: Approved by IC": null, "Organisation Details: Date Trustees Approval": null, "Organisation Details: Welcome Email Date": null, "Denom": "Church of England", "Organisation Details: Denomination": null, "Church/Organisation Profile: Church Denomination": null, "field_13": "10122" }, "geometry": { "type": "Point", "coordinates": [ -1.819925, 52.683839 ] } },
{ "type": "Feature", "properties": { "Contact ID": 234450, "Sort Name": "St Michael's Church, Sutton St Nicholas", "Contact Subtype": null, "Church/Organisation Profile: Church Postcode": "HR1 3AY", "Long": -2.692307, "Lat": 52.108924, "Church/Organisation Profile: Approved by IC": null, "Organisation Details: Date Trustees Approval": null, "Organisation Details: Welcome Email Date": null, "Denom": null, "Organisation Details: Denomination": null, "Church/Organisation Profile: Church Denomination": null, "field_13": "7411" }, "geometry": { "type": "Point", "coordinates": [ -2.692307, 52.108924 ] } },
{ "type": "Feature", "properties": { "Contact ID": 3978, "Sort Name": "St Michael's Tonge-cum-Alkrington", "Contact Subtype": null, "Church/Organisation Profile: Church Postcode": "M11 3RQ", "Long": -2.202858, "Lat": 53.478415, "Church/Organisation Profile: Approved by IC": null, "Organisation Details: Date Trustees Approval": null, "Organisation Details: Welcome Email Date": null, "Denom": null, "Organisation Details: Denomination": null, "Church/Organisation Profile: Church Denomination": null, "field_13": "C3773" }, "geometry": { "type": "Point", "coordinates": [ -2.202858, 53.478415 ] } },
{ "type": "Feature", "properties": { "Contact ID": 234876, "Sort Name": "St Michael's Tonge-cum-Alkrington (Rochdale)", "Contact Subtype": null, "Church/Organisation Profile: Church Postcode": "M24 4TU", "Long": -2.226404, "Lat": 53.545364, "Church/Organisation Profile: Approved by IC": null, "Organisation Details: Date Trustees Approval": null, "Organisation Details: Welcome Email Date": null, "Denom": null, "Organisation Details: Denomination": null, "Church/Organisation Profile: Church Denomination": null, "field_13": "3773" }, "geometry": { "type": "Point", "coordinates": [ -2.226404, 53.545364 ] } },
{ "type": "Feature", "properties": { "Contact ID": 2451, "Sort Name": "St Michael's Walford (Ross Parishes)", "Contact Subtype": null, "Church/Organisation Profile: Church Postcode": "HR9", "Long": 0.0, "Lat": 0.0, "Church/Organisation Profile: Approved by IC": null, "Organisation Details: Date Trustees Approval": null, "Organisation Details: Welcome Email Date": null, "Denom": null, "Organisation Details: Denomination": null, "Church/Organisation Profile: Church Denomination": null, "field_13": "2302" }, "geometry": { "type": "Point", "coordinates": [ 0.0, 0.0 ] } },
{ "type": "Feature", "properties": { "Contact ID": 2728, "Sort Name": "St Michael's Wallington", "Contact Subtype": null, "Church/Organisation Profile: Church Postcode": "SM6 9RP", "Long": -0.141106, "Lat": 51.357353, "Church/Organisation Profile: Approved by IC": null, "Organisation Details: Date Trustees Approval": null, "Organisation Details: Welcome Email Date": null, "Denom": null, "Organisation Details: Denomination": null, "Church/Organisation Profile: Church Denomination": null, "field_13": "2585" }, "geometry": { "type": "Point", "coordinates": [ -0.141106, 51.357353 ] } },
{ "type": "Feature", "properties": { "Contact ID": 6277, "Sort Name": "St Michael's, Grimsby", "Contact Subtype": null, "Church/Organisation Profile: Church Postcode": "DN34 4ND", "Long": -0.125305, "Lat": 53.56225, "Church/Organisation Profile: Approved by IC": null, "Organisation Details: Date Trustees Approval": null, "Organisation Details: Welcome Email Date": null, "Denom": "Church of England", "Organisation Details: Denomination": null, "Church/Organisation Profile: Church Denomination": null, "field_13": "6559" }, "geometry": { "type": "Point", "coordinates": [ -0.125305, 53.56225 ] } },
{ "type": "Feature", "properties": { "Contact ID": 235029, "Sort Name": "St Michaels? Bamford (Rochdale)", "Contact Subtype": null, "Church/Organisation Profile: Church Postcode": "OL10 4BB", "Long": -2.220448, "Lat": 53.604482, "Church/Organisation Profile: Approved by IC": null, "Organisation Details: Date Trustees Approval": null, "Organisation Details: Welcome Email Date": null, "Denom": null, "Organisation Details: Denomination": null, "Church/Organisation Profile: Church Denomination": null, "field_13": "2231" }, "geometry": { "type": "Point", "coordinates": [ -2.220448, 53.604482 ] } },
{ "type": "Feature", "properties": { "Contact ID": 234753, "Sort Name": "St Mildred, Canterbury (Dunstan, Mildred & Peter)", "Contact Subtype": null, "Church/Organisation Profile: Church Postcode": "CT1 2PP", "Long": 1.074183, "Lat": 51.27672, "Church/Organisation Profile: Approved by IC": null, "Organisation Details: Date Trustees Approval": null, "Organisation Details: Welcome Email Date": null, "Denom": null, "Organisation Details: Denomination": null, "Church/Organisation Profile: Church Denomination": null, "field_13": "12250" }, "geometry": { "type": "Point", "coordinates": [ 1.074183, 51.27672 ] } },
{ "type": "Feature", "properties": { "Contact ID": 234559, "Sort Name": "St Mildred's Church, Addiscombe, Croydon", "Contact Subtype": null, "Church/Organisation Profile: Church Postcode": "CR0 7HR", "Long": -0.069238, "Lat": 51.377692, "Church/Organisation Profile: Approved by IC": null, "Organisation Details: Date Trustees Approval": null, "Organisation Details: Welcome Email Date": null, "Denom": "Church of England", "Organisation Details: Denomination": null, "Church/Organisation Profile: Church Denomination": null, "field_13": "10663" }, "geometry": { "type": "Point", "coordinates": [ -0.069238, 51.377692 ] } },
{ "type": "Feature", "properties": { "Contact ID": 234569, "Sort Name": "St Neot, Cornwall", "Contact Subtype": null, "Church/Organisation Profile: Church Postcode": "PL14 6NG", "Long": -4.559934, "Lat": 50.482308, "Church/Organisation Profile: Approved by IC": null, "Organisation Details: Date Trustees Approval": null, "Organisation Details: Welcome Email Date": null, "Denom": "Church of England", "Organisation Details: Denomination": null, "Church/Organisation Profile: Church Denomination": null, "field_13": "8941" }, "geometry": { "type": "Point", "coordinates": [ -4.559934, 50.482308 ] } },
{ "type": "Feature", "properties": { "Contact ID": 6194, "Sort Name": "St Neots Parish Church", "Contact Subtype": null, "Church/Organisation Profile: Church Postcode": "PE19 2BU", "Long": -0.266601, "Lat": 52.227547, "Church/Organisation Profile: Approved by IC": null, "Organisation Details: Date Trustees Approval": null, "Organisation Details: Welcome Email Date": null, "Denom": "Church of England", "Organisation Details: Denomination": null, "Church/Organisation Profile: Church Denomination": null, "field_13": "6225" }, "geometry": { "type": "Point", "coordinates": [ -0.266601, 52.227547 ] } },
{ "type": "Feature", "properties": { "Contact ID": 2669, "Sort Name": "St Nicholas (of Myra) Brighton", "Contact Subtype": null, "Church/Organisation Profile: Church Postcode": "BN1 3LJ", "Long": -0.143399, "Lat": 50.825002, "Church/Organisation Profile: Approved by IC": null, "Organisation Details: Date Trustees Approval": null, "Organisation Details: Welcome Email Date": null, "Denom": null, "Organisation Details: Denomination": null, "Church/Organisation Profile: Church Denomination": null, "field_13": "2526" }, "geometry": { "type": "Point", "coordinates": [ -0.143399, 50.825002 ] } },
{ "type": "Feature", "properties": { "Contact ID": 2505, "Sort Name": "St Nicholas Church, Chadlington", "Contact Subtype": null, "Church/Organisation Profile: Church Postcode": "OX7 3LX", "Long": -1.516324, "Lat": 51.896175, "Church/Organisation Profile: Approved by IC": null, "Organisation Details: Date Trustees Approval": null, "Organisation Details: Welcome Email Date": null, "Denom": "Church of England", "Organisation Details: Denomination": null, "Church/Organisation Profile: Church Denomination": null, "field_13": "2365" }, "geometry": { "type": "Point", "coordinates": [ -1.516324, 51.896175 ] } },
{ "type": "Feature", "properties": { "Contact ID": 265294, "Sort Name": "St Nicholas Church, Chislehurst", "Contact Subtype": null, "Church/Organisation Profile: Church Postcode": "BR7 5PE", "Long": 0.0757, "Lat": 51.410557, "Church/Organisation Profile: Approved by IC": null, "Organisation Details: Date Trustees Approval": null, "Organisation Details: Welcome Email Date": null, "Denom": "Church of England", "Organisation Details: Denomination": null, "Church/Organisation Profile: Church Denomination": null, "field_13": "21447" }, "geometry": { "type": "Point", "coordinates": [ 0.0757, 51.410557 ] } },
{ "type": "Feature", "properties": { "Contact ID": 2395, "Sort Name": "St Nicholas Guildford", "Contact Subtype": null, "Church/Organisation Profile: Church Postcode": "GU2 4AW", "Long": -0.577327, "Lat": 51.234095, "Church/Organisation Profile: Approved by IC": null, "Organisation Details: Date Trustees Approval": null, "Organisation Details: Welcome Email Date": null, "Denom": null, "Organisation Details: Denomination": null, "Church/Organisation Profile: Church Denomination": null, "field_13": "2246" }, "geometry": { "type": "Point", "coordinates": [ -0.577327, 51.234095 ] } },
{ "type": "Feature", "properties": { "Contact ID": 234948, "Sort Name": "St Nicholas Little Bowden (Market Harborough)", "Contact Subtype": null, "Church/Organisation Profile: Church Postcode": "LE16 8AE", "Long": -0.91208, "Lat": 52.475276, "Church/Organisation Profile: Approved by IC": null, "Organisation Details: Date Trustees Approval": null, "Organisation Details: Welcome Email Date": null, "Denom": null, "Organisation Details: Denomination": null, "Church/Organisation Profile: Church Denomination": null, "field_13": "5641" }, "geometry": { "type": "Point", "coordinates": [ -0.91208, 52.475276 ] } },
{ "type": "Feature", "properties": { "Contact ID": 265351, "Sort Name": "St Nicholas Strood", "Contact Subtype": null, "Church/Organisation Profile: Church Postcode": "ME2 4UG", "Long": 0.493873, "Lat": 51.397014, "Church/Organisation Profile: Approved by IC": null, "Organisation Details: Date Trustees Approval": null, "Organisation Details: Welcome Email Date": null, "Denom": null, "Organisation Details: Denomination": null, "Church/Organisation Profile: Church Denomination": null, "field_13": "22234" }, "geometry": { "type": "Point", "coordinates": [ 0.493873, 51.397014 ] } },
{ "type": "Feature", "properties": { "Contact ID": 2354, "Sort Name": "St Nicholas with St John", "Contact Subtype": null, "Church/Organisation Profile: Church Postcode": "LN1 3DP", "Long": -0.537506, "Lat": 53.241199, "Church/Organisation Profile: Approved by IC": null, "Organisation Details: Date Trustees Approval": null, "Organisation Details: Welcome Email Date": null, "Denom": null, "Organisation Details: Denomination": null, "Church/Organisation Profile: Church Denomination": null, "field_13": "2191" }, "geometry": { "type": "Point", "coordinates": [ -0.537506, 53.241199 ] } },
{ "type": "Feature", "properties": { "Contact ID": 2424, "Sort Name": "St Nicholas, Barfrestone (Bewsborough)", "Contact Subtype": null, "Church/Organisation Profile: Church Postcode": "CT15 7JQ", "Long": 1.238597, "Lat": 51.205695, "Church/Organisation Profile: Approved by IC": null, "Organisation Details: Date Trustees Approval": null, "Organisation Details: Welcome Email Date": null, "Denom": null, "Organisation Details: Denomination": null, "Church/Organisation Profile: Church Denomination": null, "field_13": "2279" }, "geometry": { "type": "Point", "coordinates": [ 1.238597, 51.205695 ] } },
{ "type": "Feature", "properties": { "Contact ID": 2555, "Sort Name": "St Nicholas, Burnage", "Contact Subtype": null, "Church/Organisation Profile: Church Postcode": "M19 1PL", "Long": -2.214332, "Lat": 53.419988, "Church/Organisation Profile: Approved by IC": null, "Organisation Details: Date Trustees Approval": null, "Organisation Details: Welcome Email Date": null, "Denom": "Church of England", "Organisation Details: Denomination": null, "Church/Organisation Profile: Church Denomination": null, "field_13": "2412" }, "geometry": { "type": "Point", "coordinates": [ -2.214332, 53.419988 ] } },
{ "type": "Feature", "properties": { "Contact ID": 2365, "Sort Name": "St Nicholas, Canvey Island", "Contact Subtype": null, "Church/Organisation Profile: Church Postcode": "SS8 0JR", "Long": 0.577296, "Lat": 51.520339, "Church/Organisation Profile: Approved by IC": null, "Organisation Details: Date Trustees Approval": null, "Organisation Details: Welcome Email Date": null, "Denom": null, "Organisation Details: Denomination": null, "Church/Organisation Profile: Church Denomination": null, "field_13": "C2209" }, "geometry": { "type": "Point", "coordinates": [ 0.577296, 51.520339 ] } },
{ "type": "Feature", "properties": { "Contact ID": 265385, "Sort Name": "St Nicholas, Lavant", "Contact Subtype": null, "Church/Organisation Profile: Church Postcode": "PO18 0BS", "Long": -0.785996, "Lat": 50.871782, "Church/Organisation Profile: Approved by IC": null, "Organisation Details: Date Trustees Approval": null, "Organisation Details: Welcome Email Date": null, "Denom": "Church of England", "Organisation Details: Denomination": null, "Church/Organisation Profile: Church Denomination": null, "field_13": "22238" }, "geometry": { "type": "Point", "coordinates": [ -0.785996, 50.871782 ] } },
{ "type": "Feature", "properties": { "Contact ID": 2556, "Sort Name": "St Nicholas, Leicester", "Contact Subtype": null, "Church/Organisation Profile: Church Postcode": "LE1 4LB", "Long": -1.140857, "Lat": 52.635143, "Church/Organisation Profile: Approved by IC": null, "Organisation Details: Date Trustees Approval": null, "Organisation Details: Welcome Email Date": null, "Denom": "Church of England", "Organisation Details: Denomination": null, "Church/Organisation Profile: Church Denomination": null, "field_13": "2413" }, "geometry": { "type": "Point", "coordinates": [ -1.140857, 52.635143 ] } },
{ "type": "Feature", "properties": { "Contact ID": 6378, "Sort Name": "St Nicholas, Marston", "Contact Subtype": null, "Church/Organisation Profile: Church Postcode": "OX3 0PR", "Long": -1.236583, "Lat": 51.775864, "Church/Organisation Profile: Approved by IC": null, "Organisation Details: Date Trustees Approval": null, "Organisation Details: Welcome Email Date": null, "Denom": "Church of England", "Organisation Details: Denomination": null, "Church/Organisation Profile: Church Denomination": null, "field_13": "6776" }, "geometry": { "type": "Point", "coordinates": [ -1.236583, 51.775864 ] } },
{ "type": "Feature", "properties": { "Contact ID": 85723, "Sort Name": "St Nicholas, Newington", "Contact Subtype": null, "Church/Organisation Profile: Church Postcode": "ME9?7JU", "Long": 0.670802, "Lat": 51.354891, "Church/Organisation Profile: Approved by IC": null, "Organisation Details: Date Trustees Approval": null, "Organisation Details: Welcome Email Date": null, "Denom": "Anglican", "Organisation Details: Denomination": null, "Church/Organisation Profile: Church Denomination": null, "field_13": "9363" }, "geometry": { "type": "Point", "coordinates": [ 0.670802, 51.354891 ] } },
{ "type": "Feature", "properties": { "Contact ID": 265319, "Sort Name": "St Nicholas, Pett Level", "Contact Subtype": null, "Church/Organisation Profile: Church Postcode": "TN35 4BS", "Long": 0.681471, "Lat": 50.888037, "Church/Organisation Profile: Approved by IC": null, "Organisation Details: Date Trustees Approval": null, "Organisation Details: Welcome Email Date": null, "Denom": "Church of England", "Organisation Details: Denomination": null, "Church/Organisation Profile: Church Denomination": null, "field_13": "21444" }, "geometry": { "type": "Point", "coordinates": [ 0.681471, 50.888037 ] } },
{ "type": "Feature", "properties": { "Contact ID": 235752, "Sort Name": "St Nicholas, Saltdean", "Contact Subtype": null, "Church/Organisation Profile: Church Postcode": "BN2 8HA", "Long": -0.036884, "Lat": 50.806585, "Church/Organisation Profile: Approved by IC": null, "Organisation Details: Date Trustees Approval": null, "Organisation Details: Welcome Email Date": null, "Denom": "Church of England", "Organisation Details: Denomination": null, "Church/Organisation Profile: Church Denomination": null, "field_13": "20463" }, "geometry": { "type": "Point", "coordinates": [ -0.036884, 50.806585 ] } },
{ "type": "Feature", "properties": { "Contact ID": 235619, "Sort Name": "St Nicholas, Sulham", "Contact Subtype": null, "Church/Organisation Profile: Church Postcode": "RG8 8EG", "Long": -1.073701, "Lat": 51.463366, "Church/Organisation Profile: Approved by IC": null, "Organisation Details: Date Trustees Approval": null, "Organisation Details: Welcome Email Date": null, "Denom": "Church of England", "Organisation Details: Denomination": null, "Church/Organisation Profile: Church Denomination": null, "field_13": "20483" }, "geometry": { "type": "Point", "coordinates": [ -1.073701, 51.463366 ] } },
{ "type": "Feature", "properties": { "Contact ID": 6597, "Sort Name": "St Nicholas' Church, Sutton", "Contact Subtype": null, "Church/Organisation Profile: Church Postcode": "HR1 3BB", "Long": -2.681077, "Lat": 52.103137, "Church/Organisation Profile: Approved by IC": null, "Organisation Details: Date Trustees Approval": null, "Organisation Details: Welcome Email Date": null, "Denom": "Church of England", "Organisation Details: Denomination": null, "Church/Organisation Profile: Church Denomination": null, "field_13": "7407" }, "geometry": { "type": "Point", "coordinates": [ -2.681077, 52.103137 ] } },
{ "type": "Feature", "properties": { "Contact ID": 6532, "Sort Name": "St Nicolas Witham", "Contact Subtype": null, "Church/Organisation Profile: Church Postcode": "CM8 2JS", "Long": 0.634998, "Lat": 51.807049, "Church/Organisation Profile: Approved by IC": null, "Organisation Details: Date Trustees Approval": null, "Organisation Details: Welcome Email Date": null, "Denom": "Church of England", "Organisation Details: Denomination": null, "Church/Organisation Profile: Church Denomination": null, "field_13": "7216" }, "geometry": { "type": "Point", "coordinates": [ 0.634998, 51.807049 ] } },
{ "type": "Feature", "properties": { "Contact ID": 2551, "Sort Name": "St Ninian's and St Andrew's URC, Hull", "Contact Subtype": null, "Church/Organisation Profile: Church Postcode": "HU5 4DJ", "Long": -0.374095, "Lat": 53.758923, "Church/Organisation Profile: Approved by IC": null, "Organisation Details: Date Trustees Approval": null, "Organisation Details: Welcome Email Date": null, "Denom": "United Reformed Church", "Organisation Details: Denomination": null, "Church/Organisation Profile: Church Denomination": null, "field_13": "3593" }, "geometry": { "type": "Point", "coordinates": [ -0.374095, 53.758923 ] } },
{ "type": "Feature", "properties": { "Contact ID": 235578, "Sort Name": "St Oswald with St Thomas of Canterbury", "Contact Subtype": null, "Church/Organisation Profile: Church Postcode": "CH2 1AJ", "Long": -2.895553, "Lat": 53.199602, "Church/Organisation Profile: Approved by IC": null, "Organisation Details: Date Trustees Approval": null, "Organisation Details: Welcome Email Date": null, "Denom": "Church of England", "Organisation Details: Denomination": null, "Church/Organisation Profile: Church Denomination": null, "field_13": "12588" }, "geometry": { "type": "Point", "coordinates": [ -2.895553, 53.199602 ] } },
{ "type": "Feature", "properties": { "Contact ID": 2654, "Sort Name": "St Oswald, Bedminster Down", "Contact Subtype": null, "Church/Organisation Profile: Church Postcode": "Bs13 7EN", "Long": -2.616191, "Lat": 51.423831, "Church/Organisation Profile: Approved by IC": null, "Organisation Details: Date Trustees Approval": null, "Organisation Details: Welcome Email Date": null, "Denom": null, "Organisation Details: Denomination": null, "Church/Organisation Profile: Church Denomination": null, "field_13": "2511" }, "geometry": { "type": "Point", "coordinates": [ -2.616191, 51.423831 ] } },
{ "type": "Feature", "properties": { "Contact ID": 6534, "Sort Name": "St Oswald, King and Martyr, Oswestry", "Contact Subtype": null, "Church/Organisation Profile: Church Postcode": "SY11 2SY", "Long": -3.057855, "Lat": 52.856595, "Church/Organisation Profile: Approved by IC": null, "Organisation Details: Date Trustees Approval": null, "Organisation Details: Welcome Email Date": null, "Denom": "Church of England", "Organisation Details: Denomination": null, "Church/Organisation Profile: Church Denomination": null, "field_13": "7232" }, "geometry": { "type": "Point", "coordinates": [ -3.057855, 52.856595 ] } },
{ "type": "Feature", "properties": { "Contact ID": 6486, "Sort Name": "St Oswald's Methley with Mickletown", "Contact Subtype": null, "Church/Organisation Profile: Church Postcode": "LS26 9EE", "Long": -1.41005, "Lat": 53.734877, "Church/Organisation Profile: Approved by IC": null, "Organisation Details: Date Trustees Approval": null, "Organisation Details: Welcome Email Date": null, "Denom": "Church of England", "Organisation Details: Denomination": null, "Church/Organisation Profile: Church Denomination": null, "field_13": "10405" }, "geometry": { "type": "Point", "coordinates": [ -1.41005, 53.734877 ] } },
{ "type": "Feature", "properties": { "Contact ID": 2670, "Sort Name": "St Pancras Euston Road", "Contact Subtype": null, "Church/Organisation Profile: Church Postcode": "NW1 2BA", "Long": -0.130164, "Lat": 51.527079, "Church/Organisation Profile: Approved by IC": null, "Organisation Details: Date Trustees Approval": null, "Organisation Details: Welcome Email Date": null, "Denom": "Old St Pancras is anti-women, this is New St Pancras", "Organisation Details: Denomination": null, "Church/Organisation Profile: Church Denomination": null, "field_13": "2527" }, "geometry": { "type": "Point", "coordinates": [ -0.130164, 51.527079 ] } },
{ "type": "Feature", "properties": { "Contact ID": 2427, "Sort Name": "St Pancras, Coldred (Bewsborough)", "Contact Subtype": null, "Church/Organisation Profile: Church Postcode": "CT15 5AQ", "Long": 1.247843, "Lat": 51.177554, "Church/Organisation Profile: Approved by IC": null, "Organisation Details: Date Trustees Approval": null, "Organisation Details: Welcome Email Date": null, "Denom": null, "Organisation Details: Denomination": null, "Church/Organisation Profile: Church Denomination": null, "field_13": "2278" }, "geometry": { "type": "Point", "coordinates": [ 1.247843, 51.177554 ] } },
{ "type": "Feature", "properties": { "Contact ID": 6723, "Sort Name": "St Patrick's Church Whitehead & St John's Church Islandmagee", "Contact Subtype": null, "Church/Organisation Profile: Church Postcode": "BT38 9PS", "Long": -5.709835, "Lat": 54.752568, "Church/Organisation Profile: Approved by IC": null, "Organisation Details: Date Trustees Approval": null, "Organisation Details: Welcome Email Date": null, "Denom": "Church of Ireland", "Organisation Details: Denomination": null, "Church/Organisation Profile: Church Denomination": null, "field_13": "5524" }, "geometry": { "type": "Point", "coordinates": [ -5.709835, 54.752568 ] } },
{ "type": "Feature", "properties": { "Contact ID": 2359, "Sort Name": "St Paul and St Stephen's, Gloucester", "Contact Subtype": null, "Church/Organisation Profile: Church Postcode": "GL1 5AH", "Long": -2.24688, "Lat": 51.855135, "Church/Organisation Profile: Approved by IC": null, "Organisation Details: Date Trustees Approval": null, "Organisation Details: Welcome Email Date": null, "Denom": null, "Organisation Details: Denomination": null, "Church/Organisation Profile: Church Denomination": null, "field_13": "6096" }, "geometry": { "type": "Point", "coordinates": [ -2.24688, 51.855135 ] } },
{ "type": "Feature", "properties": { "Contact ID": 2655, "Sort Name": "St Paul Knightsbridge", "Contact Subtype": null, "Church/Organisation Profile: Church Postcode": "SW1X 8SH", "Long": -0.155458, "Lat": 51.501598, "Church/Organisation Profile: Approved by IC": null, "Organisation Details: Date Trustees Approval": null, "Organisation Details: Welcome Email Date": null, "Denom": null, "Organisation Details: Denomination": null, "Church/Organisation Profile: Church Denomination": null, "field_13": "2512" }, "geometry": { "type": "Point", "coordinates": [ -0.155458, 51.501598 ] } },
{ "type": "Feature", "properties": { "Contact ID": 6262, "Sort Name": "St Paul without the Walls, Canterbury", "Contact Subtype": null, "Church/Organisation Profile: Church Postcode": "CT1 1NH", "Long": 1.085873, "Lat": 51.27804, "Church/Organisation Profile: Approved by IC": null, "Organisation Details: Date Trustees Approval": null, "Organisation Details: Welcome Email Date": null, "Denom": "Church of England", "Organisation Details: Denomination": null, "Church/Organisation Profile: Church Denomination": null, "field_13": "6491" }, "geometry": { "type": "Point", "coordinates": [ 1.085873, 51.27804 ] } },
{ "type": "Feature", "properties": { "Contact ID": 2675, "Sort Name": "St Paul Wokingham", "Contact Subtype": null, "Church/Organisation Profile: Church Postcode": "RG41 1EH", "Long": -0.842444, "Lat": 51.413851, "Church/Organisation Profile: Approved by IC": null, "Organisation Details: Date Trustees Approval": null, "Organisation Details: Welcome Email Date": null, "Denom": "Church of England", "Organisation Details: Denomination": null, "Church/Organisation Profile: Church Denomination": null, "field_13": "2532" }, "geometry": { "type": "Point", "coordinates": [ -0.842444, 51.413851 ] } },
{ "type": "Feature", "properties": { "Contact ID": 6221, "Sort Name": "St Paul, Clifton (with Cotham, Bristol)", "Contact Subtype": null, "Church/Organisation Profile: Church Postcode": "BS8 1LP", "Long": -2.612352, "Lat": 51.458424, "Church/Organisation Profile: Approved by IC": null, "Organisation Details: Date Trustees Approval": null, "Organisation Details: Welcome Email Date": null, "Denom": "Church of England", "Organisation Details: Denomination": null, "Church/Organisation Profile: Church Denomination": null, "field_13": "6338" }, "geometry": { "type": "Point", "coordinates": [ -2.612352, 51.458424 ] } },
{ "type": "Feature", "properties": { "Contact ID": 2671, "Sort Name": "St Paul, Newington", "Contact Subtype": null, "Church/Organisation Profile: Church Postcode": "SE17 3QU", "Long": -0.101867, "Lat": 51.485078, "Church/Organisation Profile: Approved by IC": null, "Organisation Details: Date Trustees Approval": null, "Organisation Details: Welcome Email Date": null, "Denom": null, "Organisation Details: Denomination": null, "Church/Organisation Profile: Church Denomination": null, "field_13": "2528" }, "geometry": { "type": "Point", "coordinates": [ -0.101867, 51.485078 ] } },
{ "type": "Feature", "properties": { "Contact ID": 2673, "Sort Name": "St Paul's Birmingham", "Contact Subtype": null, "Church/Organisation Profile: Church Postcode": "B3 1QZ", "Long": -1.906102, "Lat": 52.48599, "Church/Organisation Profile: Approved by IC": null, "Organisation Details: Date Trustees Approval": null, "Organisation Details: Welcome Email Date": null, "Denom": "Church of England", "Organisation Details: Denomination": null, "Church/Organisation Profile: Church Denomination": null, "field_13": "2530" }, "geometry": { "type": "Point", "coordinates": [ -1.906102, 52.48599 ] } },
{ "type": "Feature", "properties": { "Contact ID": 235133, "Sort Name": "St Paul's Boundary Road, Wilford Hill, Nottingham", "Contact Subtype": null, "Church/Organisation Profile: Church Postcode": "NG2 7DB", "Long": -1.133034, "Lat": 52.914769, "Church/Organisation Profile: Approved by IC": null, "Organisation Details: Date Trustees Approval": null, "Organisation Details: Welcome Email Date": null, "Denom": null, "Organisation Details: Denomination": null, "Church/Organisation Profile: Church Denomination": null, "field_13": "4456" }, "geometry": { "type": "Point", "coordinates": [ -1.133034, 52.914769 ] } },
{ "type": "Feature", "properties": { "Contact ID": 4317, "Sort Name": "St Paul's Cambridge", "Contact Subtype": null, "Church/Organisation Profile: Church Postcode": "CB2 1JP", "Long": 0.128324, "Lat": 52.197733, "Church/Organisation Profile: Approved by IC": null, "Organisation Details: Date Trustees Approval": null, "Organisation Details: Welcome Email Date": null, "Denom": null, "Organisation Details: Denomination": null, "Church/Organisation Profile: Church Denomination": null, "field_13": "3852" }, "geometry": { "type": "Point", "coordinates": [ 0.128324, 52.197733 ] } },
{ "type": "Feature", "properties": { "Contact ID": 6140, "Sort Name": "St Paul's Church Bedford", "Contact Subtype": null, "Church/Organisation Profile: Church Postcode": "MK40 1SQ", "Long": -0.467069, "Lat": 52.135076, "Church/Organisation Profile: Approved by IC": null, "Organisation Details: Date Trustees Approval": null, "Organisation Details: Welcome Email Date": null, "Denom": null, "Organisation Details: Denomination": null, "Church/Organisation Profile: Church Denomination": null, "field_13": "6003" }, "geometry": { "type": "Point", "coordinates": [ -0.467069, 52.135076 ] } },
{ "type": "Feature", "properties": { "Contact ID": 2326, "Sort Name": "St Paul's Church, Bow Common", "Contact Subtype": null, "Church/Organisation Profile: Church Postcode": "E3 4AR", "Long": -0.029373, "Lat": 51.517146, "Church/Organisation Profile: Approved by IC": null, "Organisation Details: Date Trustees Approval": null, "Organisation Details: Welcome Email Date": null, "Denom": null, "Organisation Details: Denomination": null, "Church/Organisation Profile: Church Denomination": null, "field_13": "2163" }, "geometry": { "type": "Point", "coordinates": [ -0.029373, 51.517146 ] } },
{ "type": "Feature", "properties": { "Contact ID": 2562, "Sort Name": "St Paul's East Molesey", "Contact Subtype": null, "Church/Organisation Profile: Church Postcode": "KT8 9DR", "Long": -0.35364, "Lat": 51.40492, "Church/Organisation Profile: Approved by IC": null, "Organisation Details: Date Trustees Approval": null, "Organisation Details: Welcome Email Date": null, "Denom": null, "Organisation Details: Denomination": null, "Church/Organisation Profile: Church Denomination": null, "field_13": "2419" }, "geometry": { "type": "Point", "coordinates": [ -0.35364, 51.40492 ] } },
{ "type": "Feature", "properties": { "Contact ID": 235299, "Sort Name": "St Paul's Egham Hythe (Surrey)", "Contact Subtype": null, "Church/Organisation Profile: Church Postcode": "TW18 3LS", "Long": -0.514461, "Lat": 51.418902, "Church/Organisation Profile: Approved by IC": null, "Organisation Details: Date Trustees Approval": null, "Organisation Details: Welcome Email Date": null, "Denom": null, "Organisation Details: Denomination": null, "Church/Organisation Profile: Church Denomination": null, "field_13": "4842" }, "geometry": { "type": "Point", "coordinates": [ -0.514461, 51.418902 ] } },
{ "type": "Feature", "properties": { "Contact ID": 2790, "Sort Name": "St Paul's Heaton Moor (Stockport)", "Contact Subtype": null, "Church/Organisation Profile: Church Postcode": "SK4 4RY", "Long": -2.186341, "Lat": 53.42275, "Church/Organisation Profile: Approved by IC": null, "Organisation Details: Date Trustees Approval": null, "Organisation Details: Welcome Email Date": null, "Denom": "Church of England", "Organisation Details: Denomination": null, "Church/Organisation Profile: Church Denomination": null, "field_13": "2215" }, "geometry": { "type": "Point", "coordinates": [ -2.186341, 53.42275 ] } },
{ "type": "Feature", "properties": { "Contact ID": 6036, "Sort Name": "St Paul's Marylebone", "Contact Subtype": null, "Church/Organisation Profile: Church Postcode": "NW1 6NJ", "Long": -0.166431, "Lat": 51.524351, "Church/Organisation Profile: Approved by IC": null, "Organisation Details: Date Trustees Approval": null, "Organisation Details: Welcome Email Date": null, "Denom": "Church of England", "Organisation Details: Denomination": null, "Church/Organisation Profile: Church Denomination": null, "field_13": "5655" }, "geometry": { "type": "Point", "coordinates": [ -0.166431, 51.524351 ] } },
{ "type": "Feature", "properties": { "Contact ID": 6707, "Sort Name": "St Paul's Methodist Centre, Aberystwyth", "Contact Subtype": null, "Church/Organisation Profile: Church Postcode": "SY23 2NN", "Long": -4.083159, "Lat": 52.41695, "Church/Organisation Profile: Approved by IC": null, "Organisation Details: Date Trustees Approval": null, "Organisation Details: Welcome Email Date": null, "Denom": "Methodist", "Organisation Details: Denomination": null, "Church/Organisation Profile: Church Denomination": null, "field_13": "7792" }, "geometry": { "type": "Point", "coordinates": [ -4.083159, 52.41695 ] } },
{ "type": "Feature", "properties": { "Contact ID": 235028, "Sort Name": "St Paul's Newtown (Great Yarmouth)", "Contact Subtype": null, "Church/Organisation Profile: Church Postcode": "NR30", "Long": 0.0, "Lat": 0.0, "Church/Organisation Profile: Approved by IC": null, "Organisation Details: Date Trustees Approval": null, "Organisation Details: Welcome Email Date": null, "Denom": null, "Organisation Details: Denomination": null, "Church/Organisation Profile: Church Denomination": null, "field_13": "5489" }, "geometry": { "type": "Point", "coordinates": [ 0.0, 0.0 ] } },
{ "type": "Feature", "properties": { "Contact ID": 2338, "Sort Name": "St Paul's West Hackney", "Contact Subtype": null, "Church/Organisation Profile: Church Postcode": "N16 7QB", "Long": 0.0, "Lat": 0.0, "Church/Organisation Profile: Approved by IC": null, "Organisation Details: Date Trustees Approval": null, "Organisation Details: Welcome Email Date": null, "Denom": null, "Organisation Details: Denomination": null, "Church/Organisation Profile: Church Denomination": null, "field_13": "2175" }, "geometry": { "type": "Point", "coordinates": [ 0.0, 0.0 ] } },
{ "type": "Feature", "properties": { "Contact ID": 235278, "Sort Name": "St Paul's Whinmoor (Seacroft, Leeds)", "Contact Subtype": null, "Church/Organisation Profile: Church Postcode": "LS14 1EG", "Long": -1.463915, "Lat": 53.837117, "Church/Organisation Profile: Approved by IC": null, "Organisation Details: Date Trustees Approval": null, "Organisation Details: Welcome Email Date": null, "Denom": null, "Organisation Details: Denomination": null, "Church/Organisation Profile: Church Denomination": null, "field_13": "2296" }, "geometry": { "type": "Point", "coordinates": [ -1.463915, 53.837117 ] } },
{ "type": "Feature", "properties": { "Contact ID": 3953, "Sort Name": "St Paul's Wimbledon Parkside", "Contact Subtype": null, "Church/Organisation Profile: Church Postcode": "SW19 6EW", "Long": -0.218034, "Lat": 51.443187, "Church/Organisation Profile: Approved by IC": null, "Organisation Details: Date Trustees Approval": null, "Organisation Details: Welcome Email Date": null, "Denom": null, "Organisation Details: Denomination": null, "Church/Organisation Profile: Church Denomination": null, "field_13": "3512" }, "geometry": { "type": "Point", "coordinates": [ -0.218034, 51.443187 ] } },
{ "type": "Feature", "properties": { "Contact ID": 2785, "Sort Name": "St Paul's Withington", "Contact Subtype": null, "Church/Organisation Profile: Church Postcode": "M20 4AW", "Long": -2.228014, "Lat": 53.432061, "Church/Organisation Profile: Approved by IC": null, "Organisation Details: Date Trustees Approval": null, "Organisation Details: Welcome Email Date": null, "Denom": null, "Organisation Details: Denomination": null, "Church/Organisation Profile: Church Denomination": null, "field_13": "2202" }, "geometry": { "type": "Point", "coordinates": [ -2.228014, 53.432061 ] } },
{ "type": "Feature", "properties": { "Contact ID": 2786, "Sort Name": "St Paul's, Blackley", "Contact Subtype": null, "Church/Organisation Profile: Church Postcode": "M9 6PD", "Long": -2.218647, "Lat": 53.52493, "Church/Organisation Profile: Approved by IC": null, "Organisation Details: Date Trustees Approval": null, "Organisation Details: Welcome Email Date": null, "Denom": null, "Organisation Details: Denomination": null, "Church/Organisation Profile: Church Denomination": null, "field_13": "2212" }, "geometry": { "type": "Point", "coordinates": [ -2.218647, 53.52493 ] } },
{ "type": "Feature", "properties": { "Contact ID": 6537, "Sort Name": "St Paul's, Ruislip Manor", "Contact Subtype": null, "Church/Organisation Profile: Church Postcode": "HA4 0BP", "Long": -0.410711, "Lat": 51.566302, "Church/Organisation Profile: Approved by IC": null, "Organisation Details: Date Trustees Approval": null, "Organisation Details: Welcome Email Date": null, "Denom": "Church of England", "Organisation Details: Denomination": null, "Church/Organisation Profile: Church Denomination": null, "field_13": "7243" }, "geometry": { "type": "Point", "coordinates": [ -0.410711, 51.566302 ] } },
{ "type": "Feature", "properties": { "Contact ID": 265347, "Sort Name": "St Paul's, Winchester", "Contact Subtype": null, "Church/Organisation Profile: Church Postcode": "SO22 5AB", "Long": -1.321115, "Lat": 51.06624, "Church/Organisation Profile: Approved by IC": null, "Organisation Details: Date Trustees Approval": null, "Organisation Details: Welcome Email Date": null, "Denom": "Church of England", "Organisation Details: Denomination": null, "Church/Organisation Profile: Church Denomination": null, "field_13": "22230" }, "geometry": { "type": "Point", "coordinates": [ -1.321115, 51.06624 ] } },
{ "type": "Feature", "properties": { "Contact ID": 6291, "Sort Name": "St Peter & St Paul Church, Leybourne", "Contact Subtype": null, "Church/Organisation Profile: Church Postcode": "ME19 5HE", "Long": 0.421163, "Lat": 51.30427, "Church/Organisation Profile: Approved by IC": null, "Organisation Details: Date Trustees Approval": null, "Organisation Details: Welcome Email Date": null, "Denom": "Church of England", "Organisation Details: Denomination": null, "Church/Organisation Profile: Church Denomination": null, "field_13": "6585" }, "geometry": { "type": "Point", "coordinates": [ 0.421163, 51.30427 ] } },
{ "type": "Feature", "properties": { "Contact ID": 235087, "Sort Name": "St Peter & St Paul, Eythorne and Elvington with Waldershare (Bewsborough)", "Contact Subtype": null, "Church/Organisation Profile: Church Postcode": "CT15 4AE", "Long": 1.262731, "Lat": 51.200725, "Church/Organisation Profile: Approved by IC": null, "Organisation Details: Date Trustees Approval": null, "Organisation Details: Welcome Email Date": null, "Denom": "Church of England", "Organisation Details: Denomination": null, "Church/Organisation Profile: Church Denomination": null, "field_13": "2277" }, "geometry": { "type": "Point", "coordinates": [ 1.262731, 51.200725 ] } },
{ "type": "Feature", "properties": { "Contact ID": 6044, "Sort Name": "St Peter & St Paul, Lingfield", "Contact Subtype": null, "Church/Organisation Profile: Church Postcode": "RH7 6AH", "Long": -0.014207, "Lat": 51.175399, "Church/Organisation Profile: Approved by IC": null, "Organisation Details: Date Trustees Approval": null, "Organisation Details: Welcome Email Date": null, "Denom": null, "Organisation Details: Denomination": null, "Church/Organisation Profile: Church Denomination": null, "field_13": "5687" }, "geometry": { "type": "Point", "coordinates": [ -0.014207, 51.175399 ] } },
{ "type": "Feature", "properties": { "Contact ID": 167106, "Sort Name": "St Peter & St Paul, Mitcham Parish Church", "Contact Subtype": null, "Church/Organisation Profile: Church Postcode": "CR4 3BN", "Long": -0.174888, "Lat": 51.402146, "Church/Organisation Profile: Approved by IC": null, "Organisation Details: Date Trustees Approval": null, "Organisation Details: Welcome Email Date": null, "Denom": "Church of England (Anglican)", "Organisation Details: Denomination": null, "Church/Organisation Profile: Church Denomination": null, "field_13": "9826" }, "geometry": { "type": "Point", "coordinates": [ -0.174888, 51.402146 ] } },
{ "type": "Feature", "properties": { "Contact ID": 265341, "Sort Name": "St Peter & St Paul, Swaffham", "Contact Subtype": null, "Church/Organisation Profile: Church Postcode": "PE37 7AB", "Long": 0.688016, "Lat": 52.648245, "Church/Organisation Profile: Approved by IC": null, "Organisation Details: Date Trustees Approval": null, "Organisation Details: Welcome Email Date": null, "Denom": "Church of England", "Organisation Details: Denomination": null, "Church/Organisation Profile: Church Denomination": null, "field_13": "21554" }, "geometry": { "type": "Point", "coordinates": [ 0.688016, 52.648245 ] } },
{ "type": "Feature", "properties": { "Contact ID": 234456, "Sort Name": "St Peter & St Thomas Anglican Church AKA the Parish of Digby-Weymouth", "Contact Subtype": null, "Church/Organisation Profile: Church Postcode": "B0W 3T0", "Long": 0.0, "Lat": 0.0, "Church/Organisation Profile: Approved by IC": null, "Organisation Details: Date Trustees Approval": null, "Organisation Details: Welcome Email Date": null, "Denom": "Anglican Church of Canada", "Organisation Details: Denomination": null, "Church/Organisation Profile: Church Denomination": null, "field_13": "2485" }, "geometry": { "type": "Point", "coordinates": [ 0.0, 0.0 ] } },
{ "type": "Feature", "properties": { "Contact ID": 2426, "Sort Name": "St Peter and St Paul", "Contact Subtype": null, "Church/Organisation Profile: Church Postcode": "CT15 4AE", "Long": 1.262731, "Lat": 51.200725, "Church/Organisation Profile: Approved by IC": null, "Organisation Details: Date Trustees Approval": null, "Organisation Details: Welcome Email Date": null, "Denom": null, "Organisation Details: Denomination": null, "Church/Organisation Profile: Church Denomination": null, "field_13": "C2277" }, "geometry": { "type": "Point", "coordinates": [ 1.262731, 51.200725 ] } },
{ "type": "Feature", "properties": { "Contact ID": 2390, "Sort Name": "St Peter and St Paul Chaldon", "Contact Subtype": null, "Church/Organisation Profile: Church Postcode": "CR3 5AL", "Long": -0.121871, "Lat": 51.281839, "Church/Organisation Profile: Approved by IC": null, "Organisation Details: Date Trustees Approval": null, "Organisation Details: Welcome Email Date": null, "Denom": null, "Organisation Details: Denomination": null, "Church/Organisation Profile: Church Denomination": null, "field_13": "2241" }, "geometry": { "type": "Point", "coordinates": [ -0.121871, 51.281839 ] } },
{ "type": "Feature", "properties": { "Contact ID": 4328, "Sort Name": "St Peter and St Paul Flitwick", "Contact Subtype": null, "Church/Organisation Profile: Church Postcode": "MK45 1AE", "Long": -0.502259, "Lat": 51.996996, "Church/Organisation Profile: Approved by IC": null, "Organisation Details: Date Trustees Approval": null, "Organisation Details: Welcome Email Date": null, "Denom": null, "Organisation Details: Denomination": null, "Church/Organisation Profile: Church Denomination": null, "field_13": "3864" }, "geometry": { "type": "Point", "coordinates": [ -0.502259, 51.996996 ] } },
{ "type": "Feature", "properties": { "Contact ID": 2528, "Sort Name": "St Peter and St Paul, Seal", "Contact Subtype": null, "Church/Organisation Profile: Church Postcode": "TN15 0AR", "Long": 0.223178, "Lat": 51.290543, "Church/Organisation Profile: Approved by IC": null, "Organisation Details: Date Trustees Approval": null, "Organisation Details: Welcome Email Date": null, "Denom": "Church of England", "Organisation Details: Denomination": null, "Church/Organisation Profile: Church Denomination": null, "field_13": "2385" }, "geometry": { "type": "Point", "coordinates": [ 0.223178, 51.290543 ] } },
{ "type": "Feature", "properties": { "Contact ID": 5542, "Sort Name": "St Peter and St Paul, Tring", "Contact Subtype": null, "Church/Organisation Profile: Church Postcode": "HP23 5AE", "Long": -0.660467, "Lat": 51.794479, "Church/Organisation Profile: Approved by IC": null, "Organisation Details: Date Trustees Approval": null, "Organisation Details: Welcome Email Date": null, "Denom": "Church of England", "Organisation Details: Denomination": null, "Church/Organisation Profile: Church Denomination": null, "field_13": "4314" }, "geometry": { "type": "Point", "coordinates": [ -0.660467, 51.794479 ] } },
{ "type": "Feature", "properties": { "Contact ID": 5733, "Sort Name": "St Peter Bramley, Leeds", "Contact Subtype": null, "Church/Organisation Profile: Church Postcode": "LS13 3JF", "Long": -1.627985, "Lat": 53.811429, "Church/Organisation Profile: Approved by IC": null, "Organisation Details: Date Trustees Approval": null, "Organisation Details: Welcome Email Date": null, "Denom": "Church of England", "Organisation Details: Denomination": null, "Church/Organisation Profile: Church Denomination": null, "field_13": "4862" }, "geometry": { "type": "Point", "coordinates": [ -1.627985, 53.811429 ] } },
{ "type": "Feature", "properties": { "Contact ID": 235342, "Sort Name": "St Peter Eaton Square (Pimlico)", "Contact Subtype": null, "Church/Organisation Profile: Church Postcode": "SW1", "Long": 0.0, "Lat": 0.0, "Church/Organisation Profile: Approved by IC": null, "Organisation Details: Date Trustees Approval": null, "Organisation Details: Welcome Email Date": null, "Denom": null, "Organisation Details: Denomination": null, "Church/Organisation Profile: Church Denomination": null, "field_13": "2534" }, "geometry": { "type": "Point", "coordinates": [ 0.0, 0.0 ] } },
{ "type": "Feature", "properties": { "Contact ID": 234580, "Sort Name": "St Peter Monkmoor (Parish of Holy Cross, Shrewsbury)", "Contact Subtype": null, "Church/Organisation Profile: Church Postcode": "SY2 5BE", "Long": -2.729721, "Lat": 52.715752, "Church/Organisation Profile: Approved by IC": null, "Organisation Details: Date Trustees Approval": null, "Organisation Details: Welcome Email Date": null, "Denom": "Church of England", "Organisation Details: Denomination": null, "Church/Organisation Profile: Church Denomination": null, "field_13": "8713" }, "geometry": { "type": "Point", "coordinates": [ -2.729721, 52.715752 ] } },
{ "type": "Feature", "properties": { "Contact ID": 2434, "Sort Name": "St Peter Rochester", "Contact Subtype": null, "Church/Organisation Profile: Church Postcode": "ME1", "Long": 0.0, "Lat": 0.0, "Church/Organisation Profile: Approved by IC": null, "Organisation Details: Date Trustees Approval": null, "Organisation Details: Welcome Email Date": null, "Denom": null, "Organisation Details: Denomination": null, "Church/Organisation Profile: Church Denomination": null, "field_13": "6177" }, "geometry": { "type": "Point", "coordinates": [ 0.0, 0.0 ] } },
{ "type": "Feature", "properties": { "Contact ID": 2678, "Sort Name": "St Peter Walworth", "Contact Subtype": null, "Church/Organisation Profile: Church Postcode": "SE17 2HH", "Long": -0.09328, "Lat": 51.486171, "Church/Organisation Profile: Approved by IC": null, "Organisation Details: Date Trustees Approval": null, "Organisation Details: Welcome Email Date": null, "Denom": null, "Organisation Details: Denomination": null, "Church/Organisation Profile: Church Denomination": null, "field_13": "2535" }, "geometry": { "type": "Point", "coordinates": [ -0.09328, 51.486171 ] } },
{ "type": "Feature", "properties": { "Contact ID": 124962, "Sort Name": "St Peter-in-the-Forest, Walthamstow", "Contact Subtype": null, "Church/Organisation Profile: Church Postcode": "E17 3PP", "Long": 0.006148, "Lat": 51.587136, "Church/Organisation Profile: Approved by IC": null, "Organisation Details: Date Trustees Approval": null, "Organisation Details: Welcome Email Date": null, "Denom": "Church of England", "Organisation Details: Denomination": null, "Church/Organisation Profile: Church Denomination": null, "field_13": "9685" }, "geometry": { "type": "Point", "coordinates": [ 0.006148, 51.587136 ] } },
{ "type": "Feature", "properties": { "Contact ID": 2677, "Sort Name": "St Peter, Eaton Square", "Contact Subtype": null, "Church/Organisation Profile: Church Postcode": "SW1W 9AL", "Long": -0.149113, "Lat": 51.498153, "Church/Organisation Profile: Approved by IC": null, "Organisation Details: Date Trustees Approval": null, "Organisation Details: Welcome Email Date": null, "Denom": null, "Organisation Details: Denomination": null, "Church/Organisation Profile: Church Denomination": null, "field_13": "C2534" }, "geometry": { "type": "Point", "coordinates": [ -0.149113, 51.498153 ] } },
{ "type": "Feature", "properties": { "Contact ID": 3997, "Sort Name": "St Peter, Whitfield", "Contact Subtype": null, "Church/Organisation Profile: Church Postcode": "CT16 3HZ", "Long": 1.302678, "Lat": 51.165116, "Church/Organisation Profile: Approved by IC": null, "Organisation Details: Date Trustees Approval": null, "Organisation Details: Welcome Email Date": null, "Denom": null, "Organisation Details: Denomination": null, "Church/Organisation Profile: Church Denomination": null, "field_13": "2275" }, "geometry": { "type": "Point", "coordinates": [ 1.302678, 51.165116 ] } },
{ "type": "Feature", "properties": { "Contact ID": 2374, "Sort Name": "St Peter's Aylesham", "Contact Subtype": null, "Church/Organisation Profile: Church Postcode": "CT3 3BL", "Long": 1.200056, "Lat": 51.226841, "Church/Organisation Profile: Approved by IC": null, "Organisation Details: Date Trustees Approval": null, "Organisation Details: Welcome Email Date": null, "Denom": null, "Organisation Details: Denomination": null, "Church/Organisation Profile: Church Denomination": null, "field_13": "2224" }, "geometry": { "type": "Point", "coordinates": [ 1.200056, 51.226841 ] } },
{ "type": "Feature", "properties": { "Contact ID": 5623, "Sort Name": "St Peter's Church", "Contact Subtype": null, "Church/Organisation Profile: Church Postcode": "M13 9GH", "Long": -2.235076, "Lat": 53.4682, "Church/Organisation Profile: Approved by IC": null, "Organisation Details: Date Trustees Approval": null, "Organisation Details: Welcome Email Date": null, "Denom": "URC, Methodist, Baptist, Anglican (ecumenical)", "Organisation Details: Denomination": null, "Church/Organisation Profile: Church Denomination": null, "field_13": "4581" }, "geometry": { "type": "Point", "coordinates": [ -2.235076, 53.4682 ] } },
{ "type": "Feature", "properties": { "Contact ID": 5747, "Sort Name": "St Peter's Church", "Contact Subtype": null, "Church/Organisation Profile: Church Postcode": "SL1 7HX", "Long": -0.659177, "Lat": 51.533086, "Church/Organisation Profile: Approved by IC": null, "Organisation Details: Date Trustees Approval": null, "Organisation Details: Welcome Email Date": null, "Denom": "Anglican", "Organisation Details: Denomination": null, "Church/Organisation Profile: Church Denomination": null, "field_13": "4934" }, "geometry": { "type": "Point", "coordinates": [ -0.659177, 51.533086 ] } },
{ "type": "Feature", "properties": { "Contact ID": 5652, "Sort Name": "St Peter's Church Priorslee", "Contact Subtype": null, "Church/Organisation Profile: Church Postcode": "TF2 9HQ", "Long": -2.440504, "Lat": 52.687766, "Church/Organisation Profile: Approved by IC": null, "Organisation Details: Date Trustees Approval": null, "Organisation Details: Welcome Email Date": null, "Denom": "Church of England", "Organisation Details: Denomination": null, "Church/Organisation Profile: Church Denomination": null, "field_13": "4654" }, "geometry": { "type": "Point", "coordinates": [ -2.440504, 52.687766 ] } },
{ "type": "Feature", "properties": { "Contact ID": 235237, "Sort Name": "St Peter's Church Thorington (Halesworth, Blyth Valley Benefice)", "Contact Subtype": null, "Church/Organisation Profile: Church Postcode": "IP19 9JG", "Long": 1.552318, "Lat": 52.3121, "Church/Organisation Profile: Approved by IC": null, "Organisation Details: Date Trustees Approval": null, "Organisation Details: Welcome Email Date": null, "Denom": "Church of England", "Organisation Details: Denomination": null, "Church/Organisation Profile: Church Denomination": null, "field_13": "2345" }, "geometry": { "type": "Point", "coordinates": [ 1.552318, 52.3121 ] } },
{ "type": "Feature", "properties": { "Contact ID": 2487, "Sort Name": "St Peter's Church Wenhaston (Blyth Valley)", "Contact Subtype": null, "Church/Organisation Profile: Church Postcode": "IP19 9BJ", "Long": 1.556405, "Lat": 52.323175, "Church/Organisation Profile: Approved by IC": null, "Organisation Details: Date Trustees Approval": null, "Organisation Details: Welcome Email Date": null, "Denom": null, "Organisation Details: Denomination": null, "Church/Organisation Profile: Church Denomination": null, "field_13": "2344" }, "geometry": { "type": "Point", "coordinates": [ 1.556405, 52.323175 ] } },
{ "type": "Feature", "properties": { "Contact ID": 2491, "Sort Name": "St Peter's Church, Beccles Road", "Contact Subtype": null, "Church/Organisation Profile: Church Postcode": "IP19 8NG", "Long": 1.525413, "Lat": 52.345989, "Church/Organisation Profile: Approved by IC": null, "Organisation Details: Date Trustees Approval": null, "Organisation Details: Welcome Email Date": null, "Denom": null, "Organisation Details: Denomination": null, "Church/Organisation Profile: Church Denomination": null, "field_13": "2348" }, "geometry": { "type": "Point", "coordinates": [ 1.525413, 52.345989 ] } },
{ "type": "Feature", "properties": { "Contact ID": 4004, "Sort Name": "St Peter's Church, Cowleigh Bank", "Contact Subtype": null, "Church/Organisation Profile: Church Postcode": "WR14 1QP", "Long": -2.338877, "Lat": 52.125522, "Church/Organisation Profile: Approved by IC": null, "Organisation Details: Date Trustees Approval": null, "Organisation Details: Welcome Email Date": null, "Denom": null, "Organisation Details: Denomination": null, "Church/Organisation Profile: Church Denomination": null, "field_13": "2374" }, "geometry": { "type": "Point", "coordinates": [ -2.338877, 52.125522 ] } },
{ "type": "Feature", "properties": { "Contact ID": 5793, "Sort Name": "St Peter's Church, East Blatchington", "Contact Subtype": null, "Church/Organisation Profile: Church Postcode": "BN25 2HE", "Long": 0.101832, "Lat": 50.779102, "Church/Organisation Profile: Approved by IC": null, "Organisation Details: Date Trustees Approval": null, "Organisation Details: Welcome Email Date": null, "Denom": "Church of England", "Organisation Details: Denomination": null, "Church/Organisation Profile: Church Denomination": null, "field_13": "6717" }, "geometry": { "type": "Point", "coordinates": [ 0.101832, 50.779102 ] } },
{ "type": "Feature", "properties": { "Contact ID": 235781, "Sort Name": "St Peter's Church, Fairwater", "Contact Subtype": null, "Church/Organisation Profile: Church Postcode": "CF5 3DW", "Long": -3.245612, "Lat": 51.489474, "Church/Organisation Profile: Approved by IC": null, "Organisation Details: Date Trustees Approval": null, "Organisation Details: Welcome Email Date": null, "Denom": "Church in Wales", "Organisation Details: Denomination": null, "Church/Organisation Profile: Church Denomination": null, "field_13": "20464" }, "geometry": { "type": "Point", "coordinates": [ -3.245612, 51.489474 ] } },
{ "type": "Feature", "properties": { "Contact ID": 6435, "Sort Name": "St Peter's Church, Hall Green", "Contact Subtype": null, "Church/Organisation Profile: Church Postcode": "B28 0BT", "Long": -1.851013, "Lat": 52.42401, "Church/Organisation Profile: Approved by IC": null, "Organisation Details: Date Trustees Approval": null, "Organisation Details: Welcome Email Date": null, "Denom": "Church of England", "Organisation Details: Denomination": null, "Church/Organisation Profile: Church Denomination": null, "field_13": "9240" }, "geometry": { "type": "Point", "coordinates": [ -1.851013, 52.42401 ] } },
{ "type": "Feature", "properties": { "Contact ID": 5648, "Sort Name": "St Peter's Church, Sheringham", "Contact Subtype": null, "Church/Organisation Profile: Church Postcode": "NR26 8QS", "Long": 1.208906, "Lat": 52.942824, "Church/Organisation Profile: Approved by IC": null, "Organisation Details: Date Trustees Approval": null, "Organisation Details: Welcome Email Date": null, "Denom": "Church of England", "Organisation Details: Denomination": null, "Church/Organisation Profile: Church Denomination": null, "field_13": "4641" }, "geometry": { "type": "Point", "coordinates": [ 1.208906, 52.942824 ] } },
{ "type": "Feature", "properties": { "Contact ID": 234672, "Sort Name": "St Peter's Cradley (Halas)", "Contact Subtype": null, "Church/Organisation Profile: Church Postcode": "B63 2UL", "Long": -2.086745, "Lat": 52.463179, "Church/Organisation Profile: Approved by IC": null, "Organisation Details: Date Trustees Approval": null, "Organisation Details: Welcome Email Date": null, "Denom": null, "Organisation Details: Denomination": null, "Church/Organisation Profile: Church Denomination": null, "field_13": "6684" }, "geometry": { "type": "Point", "coordinates": [ -2.086745, 52.463179 ] } },
{ "type": "Feature", "properties": { "Contact ID": 6046, "Sort Name": "St Peter's Didcot", "Contact Subtype": null, "Church/Organisation Profile: Church Postcode": "OX11 8PX", "Long": -1.245619, "Lat": 51.605731, "Church/Organisation Profile: Approved by IC": null, "Organisation Details: Date Trustees Approval": null, "Organisation Details: Welcome Email Date": null, "Denom": "Church of England", "Organisation Details: Denomination": null, "Church/Organisation Profile: Church Denomination": null, "field_13": "5691" }, "geometry": { "type": "Point", "coordinates": [ -1.245619, 51.605731 ] } },
{ "type": "Feature", "properties": { "Contact ID": 3954, "Sort Name": "St Peter's Evercreech", "Contact Subtype": null, "Church/Organisation Profile: Church Postcode": "BA4 6HZ", "Long": -2.503827, "Lat": 51.146874, "Church/Organisation Profile: Approved by IC": null, "Organisation Details: Date Trustees Approval": null, "Organisation Details: Welcome Email Date": null, "Denom": null, "Organisation Details: Denomination": null, "Church/Organisation Profile: Church Denomination": null, "field_13": "3513" }, "geometry": { "type": "Point", "coordinates": [ -2.503827, 51.146874 ] } },
{ "type": "Feature", "properties": { "Contact ID": 6797, "Sort Name": "St Peter's Hale", "Contact Subtype": null, "Church/Organisation Profile: Church Postcode": "WA15 9SS", "Long": -2.342115, "Lat": 53.375655, "Church/Organisation Profile: Approved by IC": null, "Organisation Details: Date Trustees Approval": null, "Organisation Details: Welcome Email Date": null, "Denom": "Church of England", "Organisation Details: Denomination": null, "Church/Organisation Profile: Church Denomination": null, "field_13": "8112" }, "geometry": { "type": "Point", "coordinates": [ -2.342115, 53.375655 ] } },
{ "type": "Feature", "properties": { "Contact ID": 2766, "Sort Name": "St Peter's Harton South Shields", "Contact Subtype": null, "Church/Organisation Profile: Church Postcode": "NE34 6AH", "Long": -1.413131, "Lat": 54.976366, "Church/Organisation Profile: Approved by IC": null, "Organisation Details: Date Trustees Approval": null, "Organisation Details: Welcome Email Date": null, "Denom": null, "Organisation Details: Denomination": null, "Church/Organisation Profile: Church Denomination": null, "field_13": "2151" }, "geometry": { "type": "Point", "coordinates": [ -1.413131, 54.976366 ] } },
{ "type": "Feature", "properties": { "Contact ID": 5929, "Sort Name": "St Peter's Lapal (Halas)", "Contact Subtype": null, "Church/Organisation Profile: Church Postcode": "B62 0BH", "Long": -2.022301, "Lat": 52.450874, "Church/Organisation Profile: Approved by IC": null, "Organisation Details: Date Trustees Approval": null, "Organisation Details: Welcome Email Date": null, "Denom": "Church of England", "Organisation Details: Denomination": null, "Church/Organisation Profile: Church Denomination": null, "field_13": "6681" }, "geometry": { "type": "Point", "coordinates": [ -2.022301, 52.450874 ] } },
{ "type": "Feature", "properties": { "Contact ID": 3994, "Sort Name": "St Peter's Luton", "Contact Subtype": null, "Church/Organisation Profile: Church Postcode": "LU1", "Long": 0.0, "Lat": 0.0, "Church/Organisation Profile: Approved by IC": null, "Organisation Details: Date Trustees Approval": null, "Organisation Details: Welcome Email Date": null, "Denom": null, "Organisation Details: Denomination": null, "Church/Organisation Profile: Church Denomination": null, "field_13": "2239" }, "geometry": { "type": "Point", "coordinates": [ 0.0, 0.0 ] } },
{ "type": "Feature", "properties": { "Contact ID": 3950, "Sort Name": "St Peter's Maney", "Contact Subtype": null, "Church/Organisation Profile: Church Postcode": "B72 1LT", "Long": -1.827355, "Lat": 52.554612, "Church/Organisation Profile: Approved by IC": null, "Organisation Details: Date Trustees Approval": null, "Organisation Details: Welcome Email Date": null, "Denom": "Church of England", "Organisation Details: Denomination": null, "Church/Organisation Profile: Church Denomination": null, "field_13": "5571" }, "geometry": { "type": "Point", "coordinates": [ -1.827355, 52.554612 ] } },
{ "type": "Feature", "properties": { "Contact ID": 2318, "Sort Name": "St Peter's Mill End", "Contact Subtype": null, "Church/Organisation Profile: Church Postcode": "WD3 7HQ", "Long": -0.489085, "Lat": 51.637674, "Church/Organisation Profile: Approved by IC": null, "Organisation Details: Date Trustees Approval": null, "Organisation Details: Welcome Email Date": null, "Denom": null, "Organisation Details: Denomination": null, "Church/Organisation Profile: Church Denomination": null, "field_13": "2156" }, "geometry": { "type": "Point", "coordinates": [ -0.489085, 51.637674 ] } },
{ "type": "Feature", "properties": { "Contact ID": 265253, "Sort Name": "St Peter's Monkseaton", "Contact Subtype": null, "Church/Organisation Profile: Church Postcode": "NE25 8ET", "Long": -1.468296, "Lat": 55.040286, "Church/Organisation Profile: Approved by IC": null, "Organisation Details: Date Trustees Approval": null, "Organisation Details: Welcome Email Date": null, "Denom": "Church of England", "Organisation Details: Denomination": null, "Church/Organisation Profile: Church Denomination": null, "field_13": "21065" }, "geometry": { "type": "Point", "coordinates": [ -1.468296, 55.040286 ] } },
{ "type": "Feature", "properties": { "Contact ID": 2679, "Sort Name": "St Peter's Penhill", "Contact Subtype": null, "Church/Organisation Profile: Church Postcode": "SN2 5DU", "Long": -1.780949, "Lat": 51.590684, "Church/Organisation Profile: Approved by IC": null, "Organisation Details: Date Trustees Approval": null, "Organisation Details: Welcome Email Date": null, "Denom": "Church of England", "Organisation Details: Denomination": null, "Church/Organisation Profile: Church Denomination": null, "field_13": "6149" }, "geometry": { "type": "Point", "coordinates": [ -1.780949, 51.590684 ] } },
{ "type": "Feature", "properties": { "Contact ID": 235088, "Sort Name": "St Peter's South Shore, Blackpool", "Contact Subtype": null, "Church/Organisation Profile: Church Postcode": "FY4 2EU", "Long": -3.044362, "Lat": 53.790062, "Church/Organisation Profile: Approved by IC": null, "Organisation Details: Date Trustees Approval": null, "Organisation Details: Welcome Email Date": null, "Denom": null, "Organisation Details: Denomination": null, "Church/Organisation Profile: Church Denomination": null, "field_13": "4585" }, "geometry": { "type": "Point", "coordinates": [ -3.044362, 53.790062 ] } },
{ "type": "Feature", "properties": { "Contact ID": 2294, "Sort Name": "St Peter's Stetchworth (Raddesley)", "Contact Subtype": null, "Church/Organisation Profile: Church Postcode": "CB8 9TN", "Long": 0.401181, "Lat": 52.205625, "Church/Organisation Profile: Approved by IC": null, "Organisation Details: Date Trustees Approval": null, "Organisation Details: Welcome Email Date": null, "Denom": null, "Organisation Details: Denomination": null, "Church/Organisation Profile: Church Denomination": null, "field_13": "2125" }, "geometry": { "type": "Point", "coordinates": [ 0.401181, 52.205625 ] } },
{ "type": "Feature", "properties": { "Contact ID": 2332, "Sort Name": "St Peter's Whitstable", "Contact Subtype": null, "Church/Organisation Profile: Church Postcode": "CT5 1HN", "Long": 1.026867, "Lat": 51.360945, "Church/Organisation Profile: Approved by IC": null, "Organisation Details: Date Trustees Approval": null, "Organisation Details: Welcome Email Date": null, "Denom": "Church of England", "Organisation Details: Denomination": null, "Church/Organisation Profile: Church Denomination": null, "field_13": "6328" }, "geometry": { "type": "Point", "coordinates": [ 1.026867, 51.360945 ] } },
{ "type": "Feature", "properties": { "Contact ID": 2788, "Sort Name": "St Peter's, Blackley", "Contact Subtype": null, "Church/Organisation Profile: Church Postcode": "M9 6PE", "Long": -2.217426, "Lat": 53.525175, "Church/Organisation Profile: Approved by IC": null, "Organisation Details: Date Trustees Approval": null, "Organisation Details: Welcome Email Date": null, "Denom": null, "Organisation Details: Denomination": null, "Church/Organisation Profile: Church Denomination": null, "field_13": "2213" }, "geometry": { "type": "Point", "coordinates": [ -2.217426, 53.525175 ] } },
{ "type": "Feature", "properties": { "Contact ID": 3991, "Sort Name": "St Peter's, Carlton", "Contact Subtype": null, "Church/Organisation Profile: Church Postcode": "CB8 9LA", "Long": 0.0, "Lat": 0.0, "Church/Organisation Profile: Approved by IC": null, "Organisation Details: Date Trustees Approval": null, "Organisation Details: Welcome Email Date": null, "Denom": null, "Organisation Details: Denomination": null, "Church/Organisation Profile: Church Denomination": null, "field_13": "2121" }, "geometry": { "type": "Point", "coordinates": [ 0.0, 0.0 ] } },
{ "type": "Feature", "properties": { "Contact ID": 6484, "Sort Name": "St Peter's, Falstone", "Contact Subtype": null, "Church/Organisation Profile: Church Postcode": "NE47 5AU", "Long": -2.208388, "Lat": 55.006193, "Church/Organisation Profile: Approved by IC": null, "Organisation Details: Date Trustees Approval": null, "Organisation Details: Welcome Email Date": null, "Denom": "Church of England", "Organisation Details: Denomination": null, "Church/Organisation Profile: Church Denomination": null, "field_13": "7097" }, "geometry": { "type": "Point", "coordinates": [ -2.208388, 55.006193 ] } },
{ "type": "Feature", "properties": { "Contact ID": 265288, "Sort Name": "St Peter's, Filton", "Contact Subtype": null, "Church/Organisation Profile: Church Postcode": "BS34 7BQ", "Long": -2.574087, "Lat": 51.509447, "Church/Organisation Profile: Approved by IC": null, "Organisation Details: Date Trustees Approval": null, "Organisation Details: Welcome Email Date": null, "Denom": "Church of England", "Organisation Details: Denomination": null, "Church/Organisation Profile: Church Denomination": null, "field_13": "21434" }, "geometry": { "type": "Point", "coordinates": [ -2.574087, 51.509447 ] } },
{ "type": "Feature", "properties": { "Contact ID": 5894, "Sort Name": "St Peter's, Hammersmith", "Contact Subtype": null, "Church/Organisation Profile: Church Postcode": "W6 9BE", "Long": -0.24234, "Lat": 51.492249, "Church/Organisation Profile: Approved by IC": null, "Organisation Details: Date Trustees Approval": null, "Organisation Details: Welcome Email Date": null, "Denom": "Church of England", "Organisation Details: Denomination": null, "Church/Organisation Profile: Church Denomination": null, "field_13": "5267" }, "geometry": { "type": "Point", "coordinates": [ -0.24234, 51.492249 ] } },
{ "type": "Feature", "properties": { "Contact ID": 2592, "Sort Name": "St Peter's, Pembury", "Contact Subtype": null, "Church/Organisation Profile: Church Postcode": "TN2 4PD", "Long": 0.324949, "Lat": 51.141764, "Church/Organisation Profile: Approved by IC": null, "Organisation Details: Date Trustees Approval": null, "Organisation Details: Welcome Email Date": null, "Denom": "Church of England", "Organisation Details: Denomination": null, "Church/Organisation Profile: Church Denomination": null, "field_13": "3599" }, "geometry": { "type": "Point", "coordinates": [ 0.324949, 51.141764 ] } },
{ "type": "Feature", "properties": { "Contact ID": 6442, "Sort Name": "St Peter's, South Weald", "Contact Subtype": null, "Church/Organisation Profile: Church Postcode": "CM14 5QJ", "Long": 0.268852, "Lat": 51.621256, "Church/Organisation Profile: Approved by IC": null, "Organisation Details: Date Trustees Approval": null, "Organisation Details: Welcome Email Date": null, "Denom": "Church of England", "Organisation Details: Denomination": null, "Church/Organisation Profile: Church Denomination": null, "field_13": "6946" }, "geometry": { "type": "Point", "coordinates": [ 0.268852, 51.621256 ] } },
{ "type": "Feature", "properties": { "Contact ID": 6778, "Sort Name": "St Peter's, Wolvercote", "Contact Subtype": null, "Church/Organisation Profile: Church Postcode": "OX2 8AQ", "Long": -1.28009, "Lat": 51.785265, "Church/Organisation Profile: Approved by IC": null, "Organisation Details: Date Trustees Approval": null, "Organisation Details: Welcome Email Date": null, "Denom": "Church of England", "Organisation Details: Denomination": null, "Church/Organisation Profile: Church Denomination": null, "field_13": "8055" }, "geometry": { "type": "Point", "coordinates": [ -1.28009, 51.785265 ] } },
{ "type": "Feature", "properties": { "Contact ID": 6603, "Sort Name": "St Philip & St James, Alderley Edge (Cheshire)", "Contact Subtype": null, "Church/Organisation Profile: Church Postcode": "SK9 7QE", "Long": -2.238246, "Lat": 53.305113, "Church/Organisation Profile: Approved by IC": null, "Organisation Details: Date Trustees Approval": null, "Organisation Details: Welcome Email Date": null, "Denom": null, "Organisation Details: Denomination": null, "Church/Organisation Profile: Church Denomination": null, "field_13": "7478" }, "geometry": { "type": "Point", "coordinates": [ -2.238246, 53.305113 ] } },
{ "type": "Feature", "properties": { "Contact ID": 85725, "Sort Name": "St Philip and St James Church Worcester", "Contact Subtype": null, "Church/Organisation Profile: Church Postcode": "WR2 6PW", "Long": -2.253862, "Lat": 52.220201, "Church/Organisation Profile: Approved by IC": null, "Organisation Details: Date Trustees Approval": null, "Organisation Details: Welcome Email Date": null, "Denom": "Church of England", "Organisation Details: Denomination": null, "Church/Organisation Profile: Church Denomination": null, "field_13": "9375" }, "geometry": { "type": "Point", "coordinates": [ -2.253862, 52.220201 ] } },
{ "type": "Feature", "properties": { "Contact ID": 2331, "Sort Name": "St Philip and St James Leckhampton", "Contact Subtype": null, "Church/Organisation Profile: Church Postcode": "GL50 2DL", "Long": -2.082418, "Lat": 51.888057, "Church/Organisation Profile: Approved by IC": null, "Organisation Details: Date Trustees Approval": null, "Organisation Details: Welcome Email Date": null, "Denom": null, "Organisation Details: Denomination": null, "Church/Organisation Profile: Church Denomination": null, "field_13": "2168" }, "geometry": { "type": "Point", "coordinates": [ -2.082418, 51.888057 ] } },
{ "type": "Feature", "properties": { "Contact ID": 2681, "Sort Name": "St Philip Hove", "Contact Subtype": null, "Church/Organisation Profile: Church Postcode": "BN3 5RA", "Long": -0.188762, "Lat": 50.830931, "Church/Organisation Profile: Approved by IC": null, "Organisation Details: Date Trustees Approval": null, "Organisation Details: Welcome Email Date": null, "Denom": null, "Organisation Details: Denomination": null, "Church/Organisation Profile: Church Denomination": null, "field_13": "2538" }, "geometry": { "type": "Point", "coordinates": [ -0.188762, 50.830931 ] } },
{ "type": "Feature", "properties": { "Contact ID": 235536, "Sort Name": "St Philip's Bilton Grange", "Contact Subtype": null, "Church/Organisation Profile: Church Postcode": "HU9 4JG", "Long": -0.263058, "Lat": 53.768036, "Church/Organisation Profile: Approved by IC": null, "Organisation Details: Date Trustees Approval": null, "Organisation Details: Welcome Email Date": null, "Denom": "Church of England", "Organisation Details: Denomination": null, "Church/Organisation Profile: Church Denomination": null, "field_13": "12600" }, "geometry": { "type": "Point", "coordinates": [ -0.263058, 53.768036 ] } },
{ "type": "Feature", "properties": { "Contact ID": 235700, "Sort Name": "St Philip's Reigate", "Contact Subtype": null, "Church/Organisation Profile: Church Postcode": "RH2 9HA", "Long": -0.211994, "Lat": 51.241622, "Church/Organisation Profile: Approved by IC": null, "Organisation Details: Date Trustees Approval": null, "Organisation Details: Welcome Email Date": null, "Denom": "Church of England", "Organisation Details: Denomination": null, "Church/Organisation Profile: Church Denomination": null, "field_13": "20465" }, "geometry": { "type": "Point", "coordinates": [ -0.211994, 51.241622 ] } },
{ "type": "Feature", "properties": { "Contact ID": 85717, "Sort Name": "St Philips Leicester", "Contact Subtype": null, "Church/Organisation Profile: Church Postcode": "LE2 1HN", "Long": -1.104926, "Lat": 52.624727, "Church/Organisation Profile: Approved by IC": null, "Organisation Details: Date Trustees Approval": null, "Organisation Details: Welcome Email Date": null, "Denom": null, "Organisation Details: Denomination": null, "Church/Organisation Profile: Church Denomination": null, "field_13": "9347" }, "geometry": { "type": "Point", "coordinates": [ -1.104926, 52.624727 ] } },
{ "type": "Feature", "properties": { "Contact ID": 6724, "Sort Name": "St Pol de Leon", "Contact Subtype": null, "Church/Organisation Profile: Church Postcode": "TR19 6TY", "Long": -5.545271, "Lat": 50.089122, "Church/Organisation Profile: Approved by IC": null, "Organisation Details: Date Trustees Approval": null, "Organisation Details: Welcome Email Date": null, "Denom": "Church of England", "Organisation Details: Denomination": null, "Church/Organisation Profile: Church Denomination": null, "field_13": "7846" }, "geometry": { "type": "Point", "coordinates": [ -5.545271, 50.089122 ] } },
{ "type": "Feature", "properties": { "Contact ID": 2791, "Sort Name": "St Richard of Chichester, Wythenshawe", "Contact Subtype": null, "Church/Organisation Profile: Church Postcode": "M22 5DJ", "Long": -2.249142, "Lat": 53.380003, "Church/Organisation Profile: Approved by IC": null, "Organisation Details: Date Trustees Approval": null, "Organisation Details: Welcome Email Date": null, "Denom": null, "Organisation Details: Denomination": null, "Church/Organisation Profile: Church Denomination": null, "field_13": "2220" }, "geometry": { "type": "Point", "coordinates": [ -2.249142, 53.380003 ] } },
{ "type": "Feature", "properties": { "Contact ID": 3987, "Sort Name": "St Richard's Seacroft, Leeds", "Contact Subtype": null, "Church/Organisation Profile: Church Postcode": "LS14 1BX", "Long": -1.469059, "Lat": 53.828008, "Church/Organisation Profile: Approved by IC": null, "Organisation Details: Date Trustees Approval": null, "Organisation Details: Welcome Email Date": null, "Denom": null, "Organisation Details: Denomination": null, "Church/Organisation Profile: Church Denomination": null, "field_13": "2416" }, "geometry": { "type": "Point", "coordinates": [ -1.469059, 53.828008 ] } },
{ "type": "Feature", "properties": { "Contact ID": 234781, "Sort Name": "St Rychwyn, Llanrhychwyn (Bro Gwydr)", "Contact Subtype": null, "Church/Organisation Profile: Church Postcode": "LL27 0YJ", "Long": -3.830895, "Lat": 53.140152, "Church/Organisation Profile: Approved by IC": null, "Organisation Details: Date Trustees Approval": null, "Organisation Details: Welcome Email Date": null, "Denom": null, "Organisation Details: Denomination": null, "Church/Organisation Profile: Church Denomination": null, "field_13": "8947" }, "geometry": { "type": "Point", "coordinates": [ -3.830895, 53.140152 ] } },
{ "type": "Feature", "properties": { "Contact ID": 2749, "Sort Name": "St Saviour Brockley Hill", "Contact Subtype": null, "Church/Organisation Profile: Church Postcode": "SE23 1JN", "Long": -0.042971, "Lat": 51.44571, "Church/Organisation Profile: Approved by IC": null, "Organisation Details: Date Trustees Approval": null, "Organisation Details: Welcome Email Date": null, "Denom": null, "Organisation Details: Denomination": null, "Church/Organisation Profile: Church Denomination": null, "field_13": "2606" }, "geometry": { "type": "Point", "coordinates": [ -0.042971, 51.44571 ] } },
{ "type": "Feature", "properties": { "Contact ID": 2656, "Sort Name": "St Saviour Eltham", "Contact Subtype": null, "Church/Organisation Profile: Church Postcode": "SE9 5JH", "Long": 0.037195, "Lat": 51.44751, "Church/Organisation Profile: Approved by IC": null, "Organisation Details: Date Trustees Approval": null, "Organisation Details: Welcome Email Date": null, "Denom": null, "Organisation Details: Denomination": null, "Church/Organisation Profile: Church Denomination": null, "field_13": "2513" }, "geometry": { "type": "Point", "coordinates": [ 0.037195, 51.44751 ] } },
{ "type": "Feature", "properties": { "Contact ID": 2762, "Sort Name": "St Saviour's, Bridge of Allan", "Contact Subtype": null, "Church/Organisation Profile: Church Postcode": "FK9 4AT", "Long": -3.947436, "Lat": 56.152918, "Church/Organisation Profile: Approved by IC": null, "Organisation Details: Date Trustees Approval": null, "Organisation Details: Welcome Email Date": null, "Denom": "Scottish Episcopal Church", "Organisation Details: Denomination": null, "Church/Organisation Profile: Church Denomination": null, "field_13": "2080" }, "geometry": { "type": "Point", "coordinates": [ -3.947436, 56.152918 ] } },
{ "type": "Feature", "properties": { "Contact ID": 2384, "Sort Name": "St Stephen & St Agnes, Windsor", "Contact Subtype": null, "Church/Organisation Profile: Church Postcode": "SL4 5EA", "Long": -0.619487, "Lat": 51.482539, "Church/Organisation Profile: Approved by IC": null, "Organisation Details: Date Trustees Approval": null, "Organisation Details: Welcome Email Date": null, "Denom": "Church of England", "Organisation Details: Denomination": null, "Church/Organisation Profile: Church Denomination": null, "field_13": "C2235" }, "geometry": { "type": "Point", "coordinates": [ -0.619487, 51.482539 ] } },
{ "type": "Feature", "properties": { "Contact ID": 2382, "Sort Name": "St Stephen Lindley (Huddersfield)", "Contact Subtype": null, "Church/Organisation Profile: Church Postcode": "HD3 3JB", "Long": -1.822994, "Lat": 53.659804, "Church/Organisation Profile: Approved by IC": null, "Organisation Details: Date Trustees Approval": null, "Organisation Details: Welcome Email Date": null, "Denom": null, "Organisation Details: Denomination": null, "Church/Organisation Profile: Church Denomination": null, "field_13": "2233" }, "geometry": { "type": "Point", "coordinates": [ -1.822994, 53.659804 ] } },
{ "type": "Feature", "properties": { "Contact ID": 2611, "Sort Name": "St Stephen Norbury & Thornton Heath", "Contact Subtype": null, "Church/Organisation Profile: Church Postcode": "CR7 7NH", "Long": -0.115792, "Lat": 51.401571, "Church/Organisation Profile: Approved by IC": null, "Organisation Details: Date Trustees Approval": null, "Organisation Details: Welcome Email Date": null, "Denom": "Church of England", "Organisation Details: Denomination": null, "Church/Organisation Profile: Church Denomination": null, "field_13": "2468" }, "geometry": { "type": "Point", "coordinates": [ -0.115792, 51.401571 ] } },
{ "type": "Feature", "properties": { "Contact ID": 2449, "Sort Name": "St Stephen's Canterbury", "Contact Subtype": null, "Church/Organisation Profile: Church Postcode": "CT2 7AB", "Long": 1.078633, "Lat": 51.291579, "Church/Organisation Profile: Approved by IC": null, "Organisation Details: Date Trustees Approval": null, "Organisation Details: Welcome Email Date": null, "Denom": null, "Organisation Details: Denomination": null, "Church/Organisation Profile: Church Denomination": null, "field_13": "2300" }, "geometry": { "type": "Point", "coordinates": [ 1.078633, 51.291579 ] } },
{ "type": "Feature", "properties": { "Contact ID": 2533, "Sort Name": "St Stephen's Church (Lansdown) Bath", "Contact Subtype": null, "Church/Organisation Profile: Church Postcode": "BA1 5SX", "Long": -2.363588, "Lat": 51.392821, "Church/Organisation Profile: Approved by IC": null, "Organisation Details: Date Trustees Approval": null, "Organisation Details: Welcome Email Date": null, "Denom": null, "Organisation Details: Denomination": null, "Church/Organisation Profile: Church Denomination": null, "field_13": "2390" }, "geometry": { "type": "Point", "coordinates": [ -2.363588, 51.392821 ] } },
{ "type": "Feature", "properties": { "Contact ID": 235478, "Sort Name": "St Stephen's, Bristol", "Contact Subtype": null, "Church/Organisation Profile: Church Postcode": "BS1 1EQ", "Long": -2.595575, "Lat": 51.454473, "Church/Organisation Profile: Approved by IC": null, "Organisation Details: Date Trustees Approval": null, "Organisation Details: Welcome Email Date": null, "Denom": "Church of England", "Organisation Details: Denomination": null, "Church/Organisation Profile: Church Denomination": null, "field_13": "12601" }, "geometry": { "type": "Point", "coordinates": [ -2.595575, 51.454473 ] } },
{ "type": "Feature", "properties": { "Contact ID": 3968, "Sort Name": "St Swithun Hither Green, Lewisham", "Contact Subtype": null, "Church/Organisation Profile: Church Postcode": "SE13 6QE", "Long": -0.00707, "Lat": 51.452551, "Church/Organisation Profile: Approved by IC": null, "Organisation Details: Date Trustees Approval": null, "Organisation Details: Welcome Email Date": null, "Denom": null, "Organisation Details: Denomination": null, "Church/Organisation Profile: Church Denomination": null, "field_13": "3536" }, "geometry": { "type": "Point", "coordinates": [ -0.00707, 51.452551 ] } },
{ "type": "Feature", "properties": { "Contact ID": 2618, "Sort Name": "St Swithun's Sheffield", "Contact Subtype": null, "Church/Organisation Profile: Church Postcode": "S2 1JP", "Long": -1.428824, "Lat": 53.366235, "Church/Organisation Profile: Approved by IC": null, "Organisation Details: Date Trustees Approval": null, "Organisation Details: Welcome Email Date": null, "Denom": null, "Organisation Details: Denomination": null, "Church/Organisation Profile: Church Denomination": null, "field_13": "C2475" }, "geometry": { "type": "Point", "coordinates": [ -1.428824, 53.366235 ] } },
{ "type": "Feature", "properties": { "Contact ID": 235436, "Sort Name": "St Swithun's Sheffield Manor", "Contact Subtype": null, "Church/Organisation Profile: Church Postcode": "S2 1JP", "Long": -1.428824, "Lat": 53.366235, "Church/Organisation Profile: Approved by IC": null, "Organisation Details: Date Trustees Approval": null, "Organisation Details: Welcome Email Date": null, "Denom": null, "Organisation Details: Denomination": null, "Church/Organisation Profile: Church Denomination": null, "field_13": "2475" }, "geometry": { "type": "Point", "coordinates": [ -1.428824, 53.366235 ] } },
{ "type": "Feature", "properties": { "Contact ID": 5819, "Sort Name": "St Tegfedd's, Llandegfedd", "Contact Subtype": null, "Church/Organisation Profile: Church Postcode": "NP18 1JA", "Long": -2.956439, "Lat": 51.655497, "Church/Organisation Profile: Approved by IC": null, "Organisation Details: Date Trustees Approval": null, "Organisation Details: Welcome Email Date": null, "Denom": "Church in Wales", "Organisation Details: Denomination": null, "Church/Organisation Profile: Church Denomination": null, "field_13": "5073" }, "geometry": { "type": "Point", "coordinates": [ -2.956439, 51.655497 ] } },
{ "type": "Feature", "properties": { "Contact ID": 85669, "Sort Name": "St Thomas and St James Churches, Osbaldwick and Murton, York", "Contact Subtype": null, "Church/Organisation Profile: Church Postcode": "YO10 3BA", "Long": -1.035749, "Lat": 53.958659, "Church/Organisation Profile: Approved by IC": null, "Organisation Details: Date Trustees Approval": null, "Organisation Details: Welcome Email Date": null, "Denom": null, "Organisation Details: Denomination": null, "Church/Organisation Profile: Church Denomination": null, "field_13": "9226" }, "geometry": { "type": "Point", "coordinates": [ -1.035749, 53.958659 ] } },
{ "type": "Feature", "properties": { "Contact ID": 2643, "Sort Name": "St Thomas Clapton Common (Stamford Hill)", "Contact Subtype": null, "Church/Organisation Profile: Church Postcode": "E5 9BW", "Long": -0.065015, "Lat": 51.570283, "Church/Organisation Profile: Approved by IC": null, "Organisation Details: Date Trustees Approval": null, "Organisation Details: Welcome Email Date": null, "Denom": null, "Organisation Details: Denomination": null, "Church/Organisation Profile: Church Denomination": null, "field_13": "2500" }, "geometry": { "type": "Point", "coordinates": [ -0.065015, 51.570283 ] } },
{ "type": "Feature", "properties": { "Contact ID": 2644, "Sort Name": "St Thomas Finsbury Park", "Contact Subtype": null, "Church/Organisation Profile: Church Postcode": "N4 2QP", "Long": -0.103635, "Lat": 51.559404, "Church/Organisation Profile: Approved by IC": null, "Organisation Details: Date Trustees Approval": null, "Organisation Details: Welcome Email Date": null, "Denom": null, "Organisation Details: Denomination": null, "Church/Organisation Profile: Church Denomination": null, "field_13": "2501" }, "geometry": { "type": "Point", "coordinates": [ -0.103635, 51.559404 ] } },
{ "type": "Feature", "properties": { "Contact ID": 265389, "Sort Name": "St Thomas Lydiate and Downholland", "Contact Subtype": null, "Church/Organisation Profile: Church Postcode": "L31 4HL", "Long": -2.966227, "Lat": 53.543723, "Church/Organisation Profile: Approved by IC": null, "Organisation Details: Date Trustees Approval": null, "Organisation Details: Welcome Email Date": null, "Denom": "Church of England", "Organisation Details: Denomination": null, "Church/Organisation Profile: Church Denomination": null, "field_13": "22240" }, "geometry": { "type": "Point", "coordinates": [ -2.966227, 53.543723 ] } },
{ "type": "Feature", "properties": { "Contact ID": 6101, "Sort Name": "St Thomas Mellor", "Contact Subtype": null, "Church/Organisation Profile: Church Postcode": "SK6 5LY", "Long": -2.024953, "Lat": 53.395298, "Church/Organisation Profile: Approved by IC": null, "Organisation Details: Date Trustees Approval": null, "Organisation Details: Welcome Email Date": null, "Denom": "Church of England", "Organisation Details: Denomination": null, "Church/Organisation Profile: Church Denomination": null, "field_13": "5874" }, "geometry": { "type": "Point", "coordinates": [ -2.024953, 53.395298 ] } },
{ "type": "Feature", "properties": { "Contact ID": 2317, "Sort Name": "St Thomas of Canterbury West Hyde", "Contact Subtype": null, "Church/Organisation Profile: Church Postcode": "WD3 9XL", "Long": -0.511415, "Lat": 51.615515, "Church/Organisation Profile: Approved by IC": null, "Organisation Details: Date Trustees Approval": null, "Organisation Details: Welcome Email Date": null, "Denom": null, "Organisation Details: Denomination": null, "Church/Organisation Profile: Church Denomination": null, "field_13": "2154" }, "geometry": { "type": "Point", "coordinates": [ -0.511415, 51.615515 ] } },
{ "type": "Feature", "properties": { "Contact ID": 2772, "Sort Name": "St Thomas Pendleton", "Contact Subtype": null, "Church/Organisation Profile: Church Postcode": "M6 6PE", "Long": -2.283778, "Lat": 53.493019, "Church/Organisation Profile: Approved by IC": null, "Organisation Details: Date Trustees Approval": null, "Organisation Details: Welcome Email Date": null, "Denom": "Church of England", "Organisation Details: Denomination": null, "Church/Organisation Profile: Church Denomination": null, "field_13": "2057" }, "geometry": { "type": "Point", "coordinates": [ -2.283778, 53.493019 ] } },
{ "type": "Feature", "properties": { "Contact ID": 234325, "Sort Name": "St Thomas the Apostle, Elson, Gosport", "Contact Subtype": null, "Church/Organisation Profile: Church Postcode": "PO12 4EZ", "Long": -1.149223, "Lat": 50.813887, "Church/Organisation Profile: Approved by IC": null, "Organisation Details: Date Trustees Approval": null, "Organisation Details: Welcome Email Date": null, "Denom": null, "Organisation Details: Denomination": null, "Church/Organisation Profile: Church Denomination": null, "field_13": "20582" }, "geometry": { "type": "Point", "coordinates": [ -1.149223, 50.813887 ] } },
{ "type": "Feature", "properties": { "Contact ID": 2259, "Sort Name": "St Thomas Wells with Horrington", "Contact Subtype": null, "Church/Organisation Profile: Church Postcode": "BA5 2UZ", "Long": -2.637988, "Lat": 51.212474, "Church/Organisation Profile: Approved by IC": null, "Organisation Details: Date Trustees Approval": null, "Organisation Details: Welcome Email Date": null, "Denom": null, "Organisation Details: Denomination": null, "Church/Organisation Profile: Church Denomination": null, "field_13": "2086" }, "geometry": { "type": "Point", "coordinates": [ -2.637988, 51.212474 ] } },
{ "type": "Feature", "properties": { "Contact ID": 6240, "Sort Name": "St Thomas, Charlton", "Contact Subtype": null, "Church/Organisation Profile: Church Postcode": "SE7", "Long": 0.0, "Lat": 0.0, "Church/Organisation Profile: Approved by IC": null, "Organisation Details: Date Trustees Approval": null, "Organisation Details: Welcome Email Date": null, "Denom": "Church of England", "Organisation Details: Denomination": null, "Church/Organisation Profile: Church Denomination": null, "field_13": "6390" }, "geometry": { "type": "Point", "coordinates": [ 0.0, 0.0 ] } },
{ "type": "Feature", "properties": { "Contact ID": 6479, "Sort Name": "St Thomas, Helmshore", "Contact Subtype": null, "Church/Organisation Profile: Church Postcode": "BB4 4JR", "Long": -2.329592, "Lat": 53.688055, "Church/Organisation Profile: Approved by IC": null, "Organisation Details: Date Trustees Approval": null, "Organisation Details: Welcome Email Date": null, "Denom": null, "Organisation Details: Denomination": null, "Church/Organisation Profile: Church Denomination": null, "field_13": "7069" }, "geometry": { "type": "Point", "coordinates": [ -2.329592, 53.688055 ] } },
{ "type": "Feature", "properties": { "Contact ID": 2240, "Sort Name": "St Thomas' Moorside", "Contact Subtype": null, "Church/Organisation Profile: Church Postcode": "OL1 4SJ", "Long": -2.076219, "Lat": 53.564116, "Church/Organisation Profile: Approved by IC": null, "Organisation Details: Date Trustees Approval": null, "Organisation Details: Welcome Email Date": null, "Denom": null, "Organisation Details: Denomination": null, "Church/Organisation Profile: Church Denomination": null, "field_13": "2065" }, "geometry": { "type": "Point", "coordinates": [ -2.076219, 53.564116 ] } },
{ "type": "Feature", "properties": { "Contact ID": 265171, "Sort Name": "St Thomas's Church, Walton", "Contact Subtype": null, "Church/Organisation Profile: Church Postcode": "ST17 0LE", "Long": -2.063341, "Lat": 52.787419, "Church/Organisation Profile: Approved by IC": null, "Organisation Details: Date Trustees Approval": null, "Organisation Details: Welcome Email Date": null, "Denom": "Church of England", "Organisation Details: Denomination": null, "Church/Organisation Profile: Church Denomination": null, "field_13": "21075" }, "geometry": { "type": "Point", "coordinates": [ -2.063341, 52.787419 ] } },
{ "type": "Feature", "properties": { "Contact ID": 234785, "Sort Name": "St Tudclud, Penmachno (Bro Gwydr)", "Contact Subtype": null, "Church/Organisation Profile: Church Postcode": "LL24 0UR", "Long": -3.805999, "Lat": 53.039194, "Church/Organisation Profile: Approved by IC": null, "Organisation Details: Date Trustees Approval": null, "Organisation Details: Welcome Email Date": null, "Denom": "Church in Wales", "Organisation Details: Denomination": null, "Church/Organisation Profile: Church Denomination": null, "field_13": "8948" }, "geometry": { "type": "Point", "coordinates": [ -3.805999, 53.039194 ] } },
{ "type": "Feature", "properties": { "Contact ID": 2569, "Sort Name": "St Werburgh Spondon", "Contact Subtype": null, "Church/Organisation Profile: Church Postcode": "DE21 7LL", "Long": -1.409324, "Lat": 52.920713, "Church/Organisation Profile: Approved by IC": null, "Organisation Details: Date Trustees Approval": null, "Organisation Details: Welcome Email Date": null, "Denom": null, "Organisation Details: Denomination": null, "Church/Organisation Profile: Church Denomination": null, "field_13": "2426" }, "geometry": { "type": "Point", "coordinates": [ -1.409324, 52.920713 ] } },
{ "type": "Feature", "properties": { "Contact ID": 2595, "Sort Name": "St Werburgh's Church, Chorlton-cum-Hardy,", "Contact Subtype": null, "Church/Organisation Profile: Church Postcode": "M21 0UH", "Long": -2.269489, "Lat": 53.442879, "Church/Organisation Profile: Approved by IC": null, "Organisation Details: Date Trustees Approval": null, "Organisation Details: Welcome Email Date": null, "Denom": null, "Organisation Details: Denomination": null, "Church/Organisation Profile: Church Denomination": null, "field_13": "C2452" }, "geometry": { "type": "Point", "coordinates": [ -2.269489, 53.442879 ] } },
{ "type": "Feature", "properties": { "Contact ID": 2782, "Sort Name": "St Wilfred's Northenden", "Contact Subtype": null, "Church/Organisation Profile: Church Postcode": "M22 4NQ", "Long": -2.252087, "Lat": 53.40751, "Church/Organisation Profile: Approved by IC": null, "Organisation Details: Date Trustees Approval": null, "Organisation Details: Welcome Email Date": null, "Denom": null, "Organisation Details: Denomination": null, "Church/Organisation Profile: Church Denomination": null, "field_13": "2197" }, "geometry": { "type": "Point", "coordinates": [ -2.252087, 53.40751 ] } },
{ "type": "Feature", "properties": { "Contact ID": 235586, "Sort Name": "St Wilfrid's Standish", "Contact Subtype": null, "Church/Organisation Profile: Church Postcode": "WN6 0XA", "Long": -2.658976, "Lat": 53.587589, "Church/Organisation Profile: Approved by IC": null, "Organisation Details: Date Trustees Approval": null, "Organisation Details: Welcome Email Date": null, "Denom": "Church of England", "Organisation Details: Denomination": null, "Church/Organisation Profile: Church Denomination": null, "field_13": "20484" }, "geometry": { "type": "Point", "coordinates": [ -2.658976, 53.587589 ] } },
{ "type": "Feature", "properties": { "Contact ID": 2409, "Sort Name": "St Wulframs Grantham", "Contact Subtype": null, "Church/Organisation Profile: Church Postcode": "NG31 6RR", "Long": -0.64236, "Lat": 52.914942, "Church/Organisation Profile: Approved by IC": null, "Organisation Details: Date Trustees Approval": null, "Organisation Details: Welcome Email Date": null, "Denom": null, "Organisation Details: Denomination": null, "Church/Organisation Profile: Church Denomination": null, "field_13": "2260" }, "geometry": { "type": "Point", "coordinates": [ -0.64236, 52.914942 ] } },
{ "type": "Feature", "properties": { "Contact ID": 2659, "Sort Name": "St Wulstan's Warndon", "Contact Subtype": null, "Church/Organisation Profile: Church Postcode": "WR4 9PA", "Long": -2.186982, "Lat": 52.210059, "Church/Organisation Profile: Approved by IC": null, "Organisation Details: Date Trustees Approval": null, "Organisation Details: Welcome Email Date": null, "Denom": null, "Organisation Details: Denomination": null, "Church/Organisation Profile: Church Denomination": null, "field_13": "2516" }, "geometry": { "type": "Point", "coordinates": [ -2.186982, 52.210059 ] } },
{ "type": "Feature", "properties": { "Contact ID": 2604, "Sort Name": "St. Andrew and St. Teilo, Cathays, Cardiff", "Contact Subtype": null, "Church/Organisation Profile: Church Postcode": "CF24 4DX", "Long": -3.17833, "Lat": 51.492741, "Church/Organisation Profile: Approved by IC": null, "Organisation Details: Date Trustees Approval": null, "Organisation Details: Welcome Email Date": null, "Denom": null, "Organisation Details: Denomination": null, "Church/Organisation Profile: Church Denomination": null, "field_13": "C2461" }, "geometry": { "type": "Point", "coordinates": [ -3.17833, 51.492741 ] } },
{ "type": "Feature", "properties": { "Contact ID": 265449, "Sort Name": "St. Andrew's Methodist Church", "Contact Subtype": null, "Church/Organisation Profile: Church Postcode": "B79 8HY", "Long": -1.698395, "Lat": 52.644299, "Church/Organisation Profile: Approved by IC": null, "Organisation Details: Date Trustees Approval": null, "Organisation Details: Welcome Email Date": null, "Denom": "Methodist Church", "Organisation Details: Denomination": null, "Church/Organisation Profile: Church Denomination": null, "field_13": "21840" }, "geometry": { "type": "Point", "coordinates": [ -1.698395, 52.644299 ] } },
{ "type": "Feature", "properties": { "Contact ID": 234336, "Sort Name": "St. Barnabas, Ealing", "Contact Subtype": null, "Church/Organisation Profile: Church Postcode": "W5 1QG", "Long": -0.308138, "Lat": 51.527019, "Church/Organisation Profile: Approved by IC": null, "Organisation Details: Date Trustees Approval": null, "Organisation Details: Welcome Email Date": null, "Denom": "Church of England", "Organisation Details: Denomination": null, "Church/Organisation Profile: Church Denomination": null, "field_13": "12255" }, "geometry": { "type": "Point", "coordinates": [ -0.308138, 51.527019 ] } },
{ "type": "Feature", "properties": { "Contact ID": 235738, "Sort Name": "St. Cuthbert's, Colburn and St. John's Hipswell - 2 Churches in One Parish", "Contact Subtype": null, "Church/Organisation Profile: Church Postcode": "DL8", "Long": 0.0, "Lat": 0.0, "Church/Organisation Profile: Approved by IC": null, "Organisation Details: Date Trustees Approval": null, "Organisation Details: Welcome Email Date": null, "Denom": "Church of England", "Organisation Details: Denomination": null, "Church/Organisation Profile: Church Denomination": null, "field_13": "20466" }, "geometry": { "type": "Point", "coordinates": [ 0.0, 0.0 ] } },
{ "type": "Feature", "properties": { "Contact ID": 89060, "Sort Name": "St. Giles Rowley Regis", "Contact Subtype": null, "Church/Organisation Profile: Church Postcode": "B65 9EP", "Long": -2.044318, "Lat": 52.484311, "Church/Organisation Profile: Approved by IC": null, "Organisation Details: Date Trustees Approval": null, "Organisation Details: Welcome Email Date": null, "Denom": "Church of England", "Organisation Details: Denomination": null, "Church/Organisation Profile: Church Denomination": null, "field_13": "9575" }, "geometry": { "type": "Point", "coordinates": [ -2.044318, 52.484311 ] } },
{ "type": "Feature", "properties": { "Contact ID": 6805, "Sort Name": "St. John the Baptist Church, Little Hulton", "Contact Subtype": null, "Church/Organisation Profile: Church Postcode": "M28 3RE", "Long": -2.403499, "Lat": 53.530974, "Church/Organisation Profile: Approved by IC": null, "Organisation Details: Date Trustees Approval": null, "Organisation Details: Welcome Email Date": null, "Denom": "Church of England", "Organisation Details: Denomination": null, "Church/Organisation Profile: Church Denomination": null, "field_13": "8133" }, "geometry": { "type": "Point", "coordinates": [ -2.403499, 53.530974 ] } },
{ "type": "Feature", "properties": { "Contact ID": 2268, "Sort Name": "St. John the Baptist, Loughton", "Contact Subtype": null, "Church/Organisation Profile: Church Postcode": "IG10 1PD", "Long": 0.065142, "Lat": 51.651625, "Church/Organisation Profile: Approved by IC": null, "Organisation Details: Date Trustees Approval": null, "Organisation Details: Welcome Email Date": null, "Denom": null, "Organisation Details: Denomination": null, "Church/Organisation Profile: Church Denomination": null, "field_13": "2098" }, "geometry": { "type": "Point", "coordinates": [ 0.065142, 51.651625 ] } },
{ "type": "Feature", "properties": { "Contact ID": 6744, "Sort Name": "St. John the Evangelist, Shirley", "Contact Subtype": null, "Church/Organisation Profile: Church Postcode": "CR0 5EE", "Long": -0.053381, "Lat": 51.372106, "Church/Organisation Profile: Approved by IC": null, "Organisation Details: Date Trustees Approval": null, "Organisation Details: Welcome Email Date": null, "Denom": "Church of England", "Organisation Details: Denomination": null, "Church/Organisation Profile: Church Denomination": null, "field_13": "7930" }, "geometry": { "type": "Point", "coordinates": [ -0.053381, 51.372106 ] } },
{ "type": "Feature", "properties": { "Contact ID": 4003, "Sort Name": "St. Kenelms Church, Enstone", "Contact Subtype": null, "Church/Organisation Profile: Church Postcode": "OX7 4NL", "Long": -1.4493, "Lat": 51.922278, "Church/Organisation Profile: Approved by IC": null, "Organisation Details: Date Trustees Approval": null, "Organisation Details: Welcome Email Date": null, "Denom": "Anglican", "Organisation Details: Denomination": null, "Church/Organisation Profile: Church Denomination": null, "field_13": "6449" }, "geometry": { "type": "Point", "coordinates": [ -1.4493, 51.922278 ] } },
{ "type": "Feature", "properties": { "Contact ID": 2541, "Sort Name": "St. Margaret of Antioch, Toxteth.", "Contact Subtype": null, "Church/Organisation Profile: Church Postcode": "L8 1TG", "Long": -2.96571, "Lat": 53.395502, "Church/Organisation Profile: Approved by IC": null, "Organisation Details: Date Trustees Approval": null, "Organisation Details: Welcome Email Date": null, "Denom": "Church of England", "Organisation Details: Denomination": null, "Church/Organisation Profile: Church Denomination": null, "field_13": "2398" }, "geometry": { "type": "Point", "coordinates": [ -2.96571, 53.395502 ] } },
{ "type": "Feature", "properties": { "Contact ID": 6924, "Sort Name": "St. Martin's Canterbury", "Contact Subtype": null, "Church/Organisation Profile: Church Postcode": "CT1 1QJ", "Long": 1.092821, "Lat": 51.278783, "Church/Organisation Profile: Approved by IC": null, "Organisation Details: Date Trustees Approval": null, "Organisation Details: Welcome Email Date": null, "Denom": "Church of England", "Organisation Details: Denomination": null, "Church/Organisation Profile: Church Denomination": null, "field_13": "6497" }, "geometry": { "type": "Point", "coordinates": [ 1.092821, 51.278783 ] } },
{ "type": "Feature", "properties": { "Contact ID": 235645, "Sort Name": "St. Mary Magdalene Church. Alsager", "Contact Subtype": null, "Church/Organisation Profile: Church Postcode": "ST7 2EW", "Long": -2.305665, "Lat": 53.096094, "Church/Organisation Profile: Approved by IC": null, "Organisation Details: Date Trustees Approval": null, "Organisation Details: Welcome Email Date": null, "Denom": "Church of England", "Organisation Details: Denomination": null, "Church/Organisation Profile: Church Denomination": null, "field_13": "12290" }, "geometry": { "type": "Point", "coordinates": [ -2.305665, 53.096094 ] } },
{ "type": "Feature", "properties": { "Contact ID": 265352, "Sort Name": "St. Mary Magdalene with St. James, Norwich", "Contact Subtype": null, "Church/Organisation Profile: Church Postcode": "NR3 4TF", "Long": 1.302966, "Lat": 52.640451, "Church/Organisation Profile: Approved by IC": null, "Organisation Details: Date Trustees Approval": null, "Organisation Details: Welcome Email Date": null, "Denom": "Church of England", "Organisation Details: Denomination": null, "Church/Organisation Profile: Church Denomination": null, "field_13": "22235" }, "geometry": { "type": "Point", "coordinates": [ 1.302966, 52.640451 ] } },
{ "type": "Feature", "properties": { "Contact ID": 265355, "Sort Name": "St. Mary-the-Less Church, Allerton Bywater, Leeds", "Contact Subtype": null, "Church/Organisation Profile: Church Postcode": "WF10 2DL", "Long": -1.368943, "Lat": 53.74566, "Church/Organisation Profile: Approved by IC": null, "Organisation Details: Date Trustees Approval": null, "Organisation Details: Welcome Email Date": null, "Denom": "Church of England", "Organisation Details: Denomination": null, "Church/Organisation Profile: Church Denomination": null, "field_13": "22237" }, "geometry": { "type": "Point", "coordinates": [ -1.368943, 53.74566 ] } },
{ "type": "Feature", "properties": { "Contact ID": 2565, "Sort Name": "St. Mary's Builth Wells", "Contact Subtype": null, "Church/Organisation Profile: Church Postcode": "LD2 3BT", "Long": -3.405115, "Lat": 52.150073, "Church/Organisation Profile: Approved by IC": null, "Organisation Details: Date Trustees Approval": null, "Organisation Details: Welcome Email Date": null, "Denom": "Church in Wales", "Organisation Details: Denomination": null, "Church/Organisation Profile: Church Denomination": null, "field_13": "2422" }, "geometry": { "type": "Point", "coordinates": [ -3.405115, 52.150073 ] } },
{ "type": "Feature", "properties": { "Contact ID": 235622, "Sort Name": "St. Mary's Church, Barton upon Humber", "Contact Subtype": null, "Church/Organisation Profile: Church Postcode": "DN18 5AA", "Long": -0.448999, "Lat": 53.685646, "Church/Organisation Profile: Approved by IC": null, "Organisation Details: Date Trustees Approval": null, "Organisation Details: Welcome Email Date": null, "Denom": null, "Organisation Details: Denomination": null, "Church/Organisation Profile: Church Denomination": null, "field_13": "20485" }, "geometry": { "type": "Point", "coordinates": [ -0.448999, 53.685646 ] } },
{ "type": "Feature", "properties": { "Contact ID": 265301, "Sort Name": "St. Mary's Church, Bexley", "Contact Subtype": null, "Church/Organisation Profile: Church Postcode": "DA5 3LX", "Long": 0.154984, "Lat": 51.440313, "Church/Organisation Profile: Approved by IC": null, "Organisation Details: Date Trustees Approval": null, "Organisation Details: Welcome Email Date": null, "Denom": "Church of England", "Organisation Details: Denomination": null, "Church/Organisation Profile: Church Denomination": null, "field_13": "21440" }, "geometry": { "type": "Point", "coordinates": [ 0.154984, 51.440313 ] } },
{ "type": "Feature", "properties": { "Contact ID": 265468, "Sort Name": "St. Mary's Cockerton", "Contact Subtype": null, "Church/Organisation Profile: Church Postcode": "DL3 9EG", "Long": -1.581369, "Lat": 54.533818, "Church/Organisation Profile: Approved by IC": null, "Organisation Details: Date Trustees Approval": null, "Organisation Details: Welcome Email Date": null, "Denom": "Church of England", "Organisation Details: Denomination": null, "Church/Organisation Profile: Church Denomination": null, "field_13": "22247" }, "geometry": { "type": "Point", "coordinates": [ -1.581369, 54.533818 ] } },
{ "type": "Feature", "properties": { "Contact ID": 6697, "Sort Name": "St. Mary's Old Basing & Lychpit, Basingstoke", "Contact Subtype": null, "Church/Organisation Profile: Church Postcode": "RG21 4AS", "Long": -1.080733, "Lat": 51.264294, "Church/Organisation Profile: Approved by IC": null, "Organisation Details: Date Trustees Approval": null, "Organisation Details: Welcome Email Date": null, "Denom": "Church of England", "Organisation Details: Denomination": null, "Church/Organisation Profile: Church Denomination": null, "field_13": "7758" }, "geometry": { "type": "Point", "coordinates": [ -1.080733, 51.264294 ] } },
{ "type": "Feature", "properties": { "Contact ID": 181983, "Sort Name": "St. Mary's Westfield", "Contact Subtype": null, "Church/Organisation Profile: Church Postcode": "CA14 3TS", "Long": -3.560698, "Lat": 54.630855, "Church/Organisation Profile: Approved by IC": null, "Organisation Details: Date Trustees Approval": null, "Organisation Details: Welcome Email Date": null, "Denom": "c of e", "Organisation Details: Denomination": null, "Church/Organisation Profile: Church Denomination": null, "field_13": "10327" }, "geometry": { "type": "Point", "coordinates": [ -3.560698, 54.630855 ] } },
{ "type": "Feature", "properties": { "Contact ID": 235512, "Sort Name": "St. Matthew's Church, High Brooms", "Contact Subtype": null, "Church/Organisation Profile: Church Postcode": "TN4 9BW", "Long": 0.274173, "Lat": 51.150902, "Church/Organisation Profile: Approved by IC": null, "Organisation Details: Date Trustees Approval": null, "Organisation Details: Welcome Email Date": null, "Denom": "Church of England", "Organisation Details: Denomination": null, "Church/Organisation Profile: Church Denomination": null, "field_13": "12605" }, "geometry": { "type": "Point", "coordinates": [ 0.274173, 51.150902 ] } },
{ "type": "Feature", "properties": { "Contact ID": 234630, "Sort Name": "St. Michael & All Angels Cathays (Roath & Cathays MA, Cardiff)", "Contact Subtype": null, "Church/Organisation Profile: Church Postcode": "CF24 4LA", "Long": -3.184856, "Lat": 51.497774, "Church/Organisation Profile: Approved by IC": null, "Organisation Details: Date Trustees Approval": null, "Organisation Details: Welcome Email Date": null, "Denom": "Church in Wales", "Organisation Details: Denomination": null, "Church/Organisation Profile: Church Denomination": null, "field_13": "2392" }, "geometry": { "type": "Point", "coordinates": [ -3.184856, 51.497774 ] } },
{ "type": "Feature", "properties": { "Contact ID": 2535, "Sort Name": "St. Michael's & All Angels Anglican Church   Parish of Cathays, Cardiff", "Contact Subtype": null, "Church/Organisation Profile: Church Postcode": "CF14 3JL", "Long": -3.18337, "Lat": 51.497663, "Church/Organisation Profile: Approved by IC": null, "Organisation Details: Date Trustees Approval": null, "Organisation Details: Welcome Email Date": null, "Denom": null, "Organisation Details: Denomination": null, "Church/Organisation Profile: Church Denomination": null, "field_13": "C2392" }, "geometry": { "type": "Point", "coordinates": [ -3.18337, 51.497663 ] } },
{ "type": "Feature", "properties": { "Contact ID": 2261, "Sort Name": "St. Michael's Headingley", "Contact Subtype": null, "Church/Organisation Profile: Church Postcode": "LS6 3AW", "Long": -1.577349, "Lat": 53.819359, "Church/Organisation Profile: Approved by IC": null, "Organisation Details: Date Trustees Approval": null, "Organisation Details: Welcome Email Date": null, "Denom": null, "Organisation Details: Denomination": null, "Church/Organisation Profile: Church Denomination": null, "field_13": "2088" }, "geometry": { "type": "Point", "coordinates": [ -1.577349, 53.819359 ] } },
{ "type": "Feature", "properties": { "Contact ID": 85675, "Sort Name": "St. Paul's, Wooburn", "Contact Subtype": null, "Church/Organisation Profile: Church Postcode": "HP10", "Long": 0.0, "Lat": 0.0, "Church/Organisation Profile: Approved by IC": null, "Organisation Details: Date Trustees Approval": null, "Organisation Details: Welcome Email Date": null, "Denom": "Church of England", "Organisation Details: Denomination": null, "Church/Organisation Profile: Church Denomination": null, "field_13": "9236" }, "geometry": { "type": "Point", "coordinates": [ 0.0, 0.0 ] } },
{ "type": "Feature", "properties": { "Contact ID": 6429, "Sort Name": "St. Peter & St. John, Lowestoft", "Contact Subtype": null, "Church/Organisation Profile: Church Postcode": "NR33 0ED", "Long": 1.739225, "Lat": 52.462588, "Church/Organisation Profile: Approved by IC": null, "Organisation Details: Date Trustees Approval": null, "Organisation Details: Welcome Email Date": null, "Denom": "Church of England", "Organisation Details: Denomination": null, "Church/Organisation Profile: Church Denomination": null, "field_13": "7342" }, "geometry": { "type": "Point", "coordinates": [ 1.739225, 52.462588 ] } },
{ "type": "Feature", "properties": { "Contact ID": 124932, "Sort Name": "St. Peter's Withington", "Contact Subtype": null, "Church/Organisation Profile: Church Postcode": "HR1 3QE", "Long": -2.636007, "Lat": 52.088761, "Church/Organisation Profile: Approved by IC": null, "Organisation Details: Date Trustees Approval": null, "Organisation Details: Welcome Email Date": null, "Denom": "Church of England", "Organisation Details: Denomination": null, "Church/Organisation Profile: Church Denomination": null, "field_13": "9600" }, "geometry": { "type": "Point", "coordinates": [ -2.636007, 52.088761 ] } },
{ "type": "Feature", "properties": { "Contact ID": 235580, "Sort Name": "St. Saviour's, Coalpit Heath", "Contact Subtype": null, "Church/Organisation Profile: Church Postcode": "BS36 2RP", "Long": -2.474635, "Lat": 51.524917, "Church/Organisation Profile: Approved by IC": null, "Organisation Details: Date Trustees Approval": null, "Organisation Details: Welcome Email Date": null, "Denom": "Church of England", "Organisation Details: Denomination": null, "Church/Organisation Profile: Church Denomination": null, "field_13": "20486" }, "geometry": { "type": "Point", "coordinates": [ -2.474635, 51.524917 ] } },
{ "type": "Feature", "properties": { "Contact ID": 6687, "Sort Name": "St. Stephen's, Great Haywood Stafford", "Contact Subtype": null, "Church/Organisation Profile: Church Postcode": "ST18 0TF", "Long": -2.002325, "Lat": 52.797981, "Church/Organisation Profile: Approved by IC": null, "Organisation Details: Date Trustees Approval": null, "Organisation Details: Welcome Email Date": null, "Denom": "Church of England", "Organisation Details: Denomination": null, "Church/Organisation Profile: Church Denomination": null, "field_13": "7732" }, "geometry": { "type": "Point", "coordinates": [ -2.002325, 52.797981 ] } },
{ "type": "Feature", "properties": { "Contact ID": 4006, "Sort Name": "St. Thomas' Church Boston", "Contact Subtype": null, "Church/Organisation Profile: Church Postcode": "PE21 7EJ", "Long": -0.030544, "Lat": 52.965769, "Church/Organisation Profile: Approved by IC": null, "Organisation Details: Date Trustees Approval": null, "Organisation Details: Welcome Email Date": null, "Denom": null, "Organisation Details: Denomination": null, "Church/Organisation Profile: Church Denomination": null, "field_13": "2430" }, "geometry": { "type": "Point", "coordinates": [ -0.030544, 52.965769 ] } },
{ "type": "Feature", "properties": { "Contact ID": 265233, "Sort Name": "Stephen Hill Methodist Church, Crosspool", "Contact Subtype": null, "Church/Organisation Profile: Church Postcode": "S10 5PL", "Long": -1.52115, "Lat": 53.380186, "Church/Organisation Profile: Approved by IC": null, "Organisation Details: Date Trustees Approval": null, "Organisation Details: Welcome Email Date": null, "Denom": null, "Organisation Details: Denomination": null, "Church/Organisation Profile: Church Denomination": null, "field_13": "21076" }, "geometry": { "type": "Point", "coordinates": [ -1.52115, 53.380186 ] } },
{ "type": "Feature", "properties": { "Contact ID": 181826, "Sort Name": "Stirling Methodist Church", "Contact Subtype": null, "Church/Organisation Profile: Church Postcode": "FK8 1TB", "Long": -3.961651, "Lat": 56.135196, "Church/Organisation Profile: Approved by IC": null, "Organisation Details: Date Trustees Approval": null, "Organisation Details: Welcome Email Date": null, "Denom": "Methodist", "Organisation Details: Denomination": null, "Church/Organisation Profile: Church Denomination": null, "field_13": "9926" }, "geometry": { "type": "Point", "coordinates": [ -3.961651, 56.135196 ] } },
{ "type": "Feature", "properties": { "Contact ID": 3960, "Sort Name": "Stoneygate Baptist Church", "Contact Subtype": null, "Church/Organisation Profile: Church Postcode": "LE2 3ND", "Long": -1.105705, "Lat": 52.614772, "Church/Organisation Profile: Approved by IC": null, "Organisation Details: Date Trustees Approval": null, "Organisation Details: Welcome Email Date": null, "Denom": "Baptist", "Organisation Details: Denomination": null, "Church/Organisation Profile: Church Denomination": null, "field_13": "3519" }, "geometry": { "type": "Point", "coordinates": [ -1.105705, 52.614772 ] } },
{ "type": "Feature", "properties": { "Contact ID": 3952, "Sort Name": "Sunderland Minster (St Michael & All Angels and St Benedict Biscop, Bishopwearmouth)", "Contact Subtype": null, "Church/Organisation Profile: Church Postcode": "SR1 3ET", "Long": -1.38845, "Lat": 54.906186, "Church/Organisation Profile: Approved by IC": null, "Organisation Details: Date Trustees Approval": null, "Organisation Details: Welcome Email Date": null, "Denom": "Church of England", "Organisation Details: Denomination": null, "Church/Organisation Profile: Church Denomination": null, "field_13": "3509" }, "geometry": { "type": "Point", "coordinates": [ -1.38845, 54.906186 ] } },
{ "type": "Feature", "properties": { "Contact ID": 2543, "Sort Name": "Syston Methodist Church", "Contact Subtype": null, "Church/Organisation Profile: Church Postcode": "LE7 1GP", "Long": -1.074446, "Lat": 52.699839, "Church/Organisation Profile: Approved by IC": null, "Organisation Details: Date Trustees Approval": null, "Organisation Details: Welcome Email Date": null, "Denom": "Methodist", "Organisation Details: Denomination": null, "Church/Organisation Profile: Church Denomination": null, "field_13": "2400" }, "geometry": { "type": "Point", "coordinates": [ -1.074446, 52.699839 ] } },
{ "type": "Feature", "properties": { "Contact ID": 2498, "Sort Name": "Tavistock URC", "Contact Subtype": null, "Church/Organisation Profile: Church Postcode": "PL19 8BD", "Long": -4.146675, "Lat": 50.54877, "Church/Organisation Profile: Approved by IC": null, "Organisation Details: Date Trustees Approval": null, "Organisation Details: Welcome Email Date": null, "Denom": "United Reformed Church", "Organisation Details: Denomination": null, "Church/Organisation Profile: Church Denomination": null, "field_13": "2355" }, "geometry": { "type": "Point", "coordinates": [ -4.146675, 50.54877 ] } },
{ "type": "Feature", "properties": { "Contact ID": 235525, "Sort Name": "Tewkesbury Abbey", "Contact Subtype": null, "Church/Organisation Profile: Church Postcode": "GL20 5RZ", "Long": -2.161104, "Lat": 51.991147, "Church/Organisation Profile: Approved by IC": null, "Organisation Details: Date Trustees Approval": null, "Organisation Details: Welcome Email Date": null, "Denom": "Church of England", "Organisation Details: Denomination": null, "Church/Organisation Profile: Church Denomination": null, "field_13": "12602" }, "geometry": { "type": "Point", "coordinates": [ -2.161104, 51.991147 ] } },
{ "type": "Feature", "properties": { "Contact ID": 235518, "Sort Name": "The Annunciation, Brighton", "Contact Subtype": null, "Church/Organisation Profile: Church Postcode": "BN2 9SR", "Long": -0.128551, "Lat": 50.829882, "Church/Organisation Profile: Approved by IC": null, "Organisation Details: Date Trustees Approval": null, "Organisation Details: Welcome Email Date": null, "Denom": "Church of England", "Organisation Details: Denomination": null, "Church/Organisation Profile: Church Denomination": null, "field_13": "12473" }, "geometry": { "type": "Point", "coordinates": [ -0.128551, 50.829882 ] } },
{ "type": "Feature", "properties": { "Contact ID": 2658, "Sort Name": "The Ascension, Hulme", "Contact Subtype": null, "Church/Organisation Profile: Church Postcode": "M15 5FQ", "Long": 0.0, "Lat": 0.0, "Church/Organisation Profile: Approved by IC": null, "Organisation Details: Date Trustees Approval": null, "Organisation Details: Welcome Email Date": null, "Denom": null, "Organisation Details: Denomination": null, "Church/Organisation Profile: Church Denomination": null, "field_13": "2515" }, "geometry": { "type": "Point", "coordinates": [ 0.0, 0.0 ] } },
{ "type": "Feature", "properties": { "Contact ID": 265165, "Sort Name": "The Cathedral and Metropolitical Church of St Peter in York", "Contact Subtype": null, "Church/Organisation Profile: Church Postcode": "YO1 7HH", "Long": -1.08191, "Lat": 53.961573, "Church/Organisation Profile: Approved by IC": null, "Organisation Details: Date Trustees Approval": null, "Organisation Details: Welcome Email Date": null, "Denom": "Church of England", "Organisation Details: Denomination": null, "Church/Organisation Profile: Church Denomination": null, "field_13": "21078" }, "geometry": { "type": "Point", "coordinates": [ -1.08191, 53.961573 ] } },
{ "type": "Feature", "properties": { "Contact ID": 265241, "Sort Name": "The Cathedral Church of St Woolos, Newport", "Contact Subtype": null, "Church/Organisation Profile: Church Postcode": "NP20 4ED", "Long": -2.999766, "Lat": 51.582681, "Church/Organisation Profile: Approved by IC": null, "Organisation Details: Date Trustees Approval": null, "Organisation Details: Welcome Email Date": null, "Denom": "Church in Wales", "Organisation Details: Denomination": null, "Church/Organisation Profile: Church Denomination": null, "field_13": "21079" }, "geometry": { "type": "Point", "coordinates": [ -2.999766, 51.582681 ] } },
{ "type": "Feature", "properties": { "Contact ID": 265232, "Sort Name": "The Church of St Columba's, Crosspool", "Contact Subtype": null, "Church/Organisation Profile: Church Postcode": "S10 5PL", "Long": -1.52115, "Lat": 53.380186, "Church/Organisation Profile: Approved by IC": null, "Organisation Details: Date Trustees Approval": null, "Organisation Details: Welcome Email Date": null, "Denom": "Church of England", "Organisation Details: Denomination": null, "Church/Organisation Profile: Church Denomination": null, "field_13": "21077" }, "geometry": { "type": "Point", "coordinates": [ -1.52115, 53.380186 ] } },
{ "type": "Feature", "properties": { "Contact ID": 181846, "Sort Name": "The Church of St John the Baptist", "Contact Subtype": null, "Church/Organisation Profile: Church Postcode": "CF10", "Long": 0.0, "Lat": 0.0, "Church/Organisation Profile: Approved by IC": null, "Organisation Details: Date Trustees Approval": null, "Organisation Details: Welcome Email Date": null, "Denom": null, "Organisation Details: Denomination": null, "Church/Organisation Profile: Church Denomination": null, "field_13": "9958" }, "geometry": { "type": "Point", "coordinates": [ 0.0, 0.0 ] } },
{ "type": "Feature", "properties": { "Contact ID": 2369, "Sort Name": "The Church of the Blessed Virgin Mary, Charlcombe,", "Contact Subtype": null, "Church/Organisation Profile: Church Postcode": "BA1 8DR", "Long": -2.361695, "Lat": 51.404274, "Church/Organisation Profile: Approved by IC": null, "Organisation Details: Date Trustees Approval": null, "Organisation Details: Welcome Email Date": null, "Denom": "Church of England", "Organisation Details: Denomination": null, "Church/Organisation Profile: Church Denomination": null, "field_13": "2218" }, "geometry": { "type": "Point", "coordinates": [ -2.361695, 51.404274 ] } },
{ "type": "Feature", "properties": { "Contact ID": 5941, "Sort Name": "The Church of the Resurrection and All Saints Caldy (West Kirby)", "Contact Subtype": null, "Church/Organisation Profile: Church Postcode": "CH48 2HZ", "Long": -3.163535, "Lat": 53.358689, "Church/Organisation Profile: Approved by IC": null, "Organisation Details: Date Trustees Approval": null, "Organisation Details: Welcome Email Date": null, "Denom": "Church of England", "Organisation Details: Denomination": null, "Church/Organisation Profile: Church Denomination": null, "field_13": "2441" }, "geometry": { "type": "Point", "coordinates": [ -3.163535, 53.358689 ] } },
{ "type": "Feature", "properties": { "Contact ID": 265163, "Sort Name": "The Gathering - Cardiff", "Contact Subtype": null, "Church/Organisation Profile: Church Postcode": "CF10 3BZ", "Long": -3.17311, "Lat": 51.484098, "Church/Organisation Profile: Approved by IC": null, "Organisation Details: Date Trustees Approval": null, "Organisation Details: Welcome Email Date": null, "Denom": "Other", "Organisation Details: Denomination": null, "Church/Organisation Profile: Church Denomination": null, "field_13": "21081" }, "geometry": { "type": "Point", "coordinates": [ -3.17311, 51.484098 ] } },
{ "type": "Feature", "properties": { "Contact ID": 265287, "Sort Name": "The Guild Church of St Margaret Pattens", "Contact Subtype": null, "Church/Organisation Profile: Church Postcode": "EC3M 1HS", "Long": -0.082926, "Lat": 51.510831, "Church/Organisation Profile: Approved by IC": null, "Organisation Details: Date Trustees Approval": null, "Organisation Details: Welcome Email Date": null, "Denom": null, "Organisation Details: Denomination": null, "Church/Organisation Profile: Church Denomination": null, "field_13": "21433" }, "geometry": { "type": "Point", "coordinates": [ -0.082926, 51.510831 ] } },
{ "type": "Feature", "properties": { "Contact ID": 265467, "Sort Name": "The Haven", "Contact Subtype": null, "Church/Organisation Profile: Church Postcode": "DL3 9EG", "Long": -1.581369, "Lat": 54.533818, "Church/Organisation Profile: Approved by IC": null, "Organisation Details: Date Trustees Approval": null, "Organisation Details: Welcome Email Date": null, "Denom": "Church of England", "Organisation Details: Denomination": null, "Church/Organisation Profile: Church Denomination": null, "field_13": "22246" }, "geometry": { "type": "Point", "coordinates": [ -1.581369, 54.533818 ] } },
{ "type": "Feature", "properties": { "Contact ID": 6757, "Sort Name": "The Hub, Beeding", "Contact Subtype": null, "Church/Organisation Profile: Church Postcode": "BN44 3HP", "Long": -0.304728, "Lat": 50.884546, "Church/Organisation Profile: Approved by IC": null, "Organisation Details: Date Trustees Approval": null, "Organisation Details: Welcome Email Date": null, "Denom": "Baptist", "Organisation Details: Denomination": null, "Church/Organisation Profile: Church Denomination": null, "field_13": "7965" }, "geometry": { "type": "Point", "coordinates": [ -0.304728, 50.884546 ] } },
{ "type": "Feature", "properties": { "Contact ID": 124952, "Sort Name": "The Maund Group of Churches", "Contact Subtype": null, "Church/Organisation Profile: Church Postcode": "HR4 0DF", "Long": -2.731861, "Lat": 52.059658, "Church/Organisation Profile: Approved by IC": null, "Organisation Details: Date Trustees Approval": null, "Organisation Details: Welcome Email Date": null, "Denom": "Church of England", "Organisation Details: Denomination": null, "Church/Organisation Profile: Church Denomination": null, "field_13": "9665" }, "geometry": { "type": "Point", "coordinates": [ -2.731861, 52.059658 ] } },
{ "type": "Feature", "properties": { "Contact ID": 235777, "Sort Name": "The Stocksbridge Christian Centre", "Contact Subtype": null, "Church/Organisation Profile: Church Postcode": "S36 1AS", "Long": -1.599271, "Lat": 53.473774, "Church/Organisation Profile: Approved by IC": null, "Organisation Details: Date Trustees Approval": null, "Organisation Details: Welcome Email Date": null, "Denom": "Methodist Church", "Organisation Details: Denomination": null, "Church/Organisation Profile: Church Denomination": null, "field_13": "20467" }, "geometry": { "type": "Point", "coordinates": [ -1.599271, 53.473774 ] } },
{ "type": "Feature", "properties": { "Contact ID": 3967, "Sort Name": "The United Church of St Mark Tattenham Corner", "Contact Subtype": null, "Church/Organisation Profile: Church Postcode": "KT18 5RD", "Long": -0.230927, "Lat": 51.308968, "Church/Organisation Profile: Approved by IC": null, "Organisation Details: Date Trustees Approval": null, "Organisation Details: Welcome Email Date": null, "Denom": "CofE/Meth", "Organisation Details: Denomination": null, "Church/Organisation Profile: Church Denomination": null, "field_13": "3533" }, "geometry": { "type": "Point", "coordinates": [ -0.230927, 51.308968 ] } },
{ "type": "Feature", "properties": { "Contact ID": 6950, "Sort Name": "Thornbury St Margaret's, Leeds", "Contact Subtype": null, "Church/Organisation Profile: Church Postcode": "BD3 8JX", "Long": -1.715433, "Lat": 53.799866, "Church/Organisation Profile: Approved by IC": null, "Organisation Details: Date Trustees Approval": null, "Organisation Details: Welcome Email Date": null, "Denom": "Church of England", "Organisation Details: Denomination": null, "Church/Organisation Profile: Church Denomination": null, "field_13": "8747" }, "geometry": { "type": "Point", "coordinates": [ -1.715433, 53.799866 ] } },
{ "type": "Feature", "properties": { "Contact ID": 235551, "Sort Name": "Tilehurst Methodist Church", "Contact Subtype": null, "Church/Organisation Profile: Church Postcode": "RG31 5AN", "Long": -1.038799, "Lat": 51.459632, "Church/Organisation Profile: Approved by IC": null, "Organisation Details: Date Trustees Approval": null, "Organisation Details: Welcome Email Date": null, "Denom": "Methodist Church", "Organisation Details: Denomination": null, "Church/Organisation Profile: Church Denomination": null, "field_13": "20919" }, "geometry": { "type": "Point", "coordinates": [ -1.038799, 51.459632 ] } },
{ "type": "Feature", "properties": { "Contact ID": 6740, "Sort Name": "Toton Methodist Church", "Contact Subtype": null, "Church/Organisation Profile: Church Postcode": "NG9 6GA", "Long": -1.256264, "Lat": 52.907503, "Church/Organisation Profile: Approved by IC": null, "Organisation Details: Date Trustees Approval": null, "Organisation Details: Welcome Email Date": null, "Denom": "Methodist", "Organisation Details: Denomination": null, "Church/Organisation Profile: Church Denomination": null, "field_13": "7898" }, "geometry": { "type": "Point", "coordinates": [ -1.256264, 52.907503 ] } },
{ "type": "Feature", "properties": { "Contact ID": 234860, "Sort Name": "Town Church of St Peter Port, Guernsey", "Contact Subtype": null, "Church/Organisation Profile: Church Postcode": "GY1 2JU", "Long": 0.0, "Lat": 0.0, "Church/Organisation Profile: Approved by IC": null, "Organisation Details: Date Trustees Approval": null, "Organisation Details: Welcome Email Date": null, "Denom": null, "Organisation Details: Denomination": null, "Church/Organisation Profile: Church Denomination": null, "field_13": "3522" }, "geometry": { "type": "Point", "coordinates": [ 0.0, 0.0 ] } },
{ "type": "Feature", "properties": { "Contact ID": 234644, "Sort Name": "Trinity Anglican Church Digby Canada", "Contact Subtype": null, "Church/Organisation Profile: Church Postcode": "B0S 1P0", "Long": 0.0, "Lat": 0.0, "Church/Organisation Profile: Approved by IC": null, "Organisation Details: Date Trustees Approval": null, "Organisation Details: Welcome Email Date": null, "Denom": "ACA", "Organisation Details: Denomination": null, "Church/Organisation Profile: Church Denomination": null, "field_13": "2496" }, "geometry": { "type": "Point", "coordinates": [ 0.0, 0.0 ] } },
{ "type": "Feature", "properties": { "Contact ID": 234649, "Sort Name": "Trinity Methodist Church Killamarsh (Sheffield)", "Contact Subtype": null, "Church/Organisation Profile: Church Postcode": "S21", "Long": 0.0, "Lat": 0.0, "Church/Organisation Profile: Approved by IC": null, "Organisation Details: Date Trustees Approval": null, "Organisation Details: Welcome Email Date": null, "Denom": "Methodist", "Organisation Details: Denomination": null, "Church/Organisation Profile: Church Denomination": null, "field_13": "2407" }, "geometry": { "type": "Point", "coordinates": [ 0.0, 0.0 ] } },
{ "type": "Feature", "properties": { "Contact ID": 2253, "Sort Name": "Trinity Methodist Shettleston", "Contact Subtype": null, "Church/Organisation Profile: Church Postcode": "G32 7PH", "Long": -4.168639, "Lat": 55.851465, "Church/Organisation Profile: Approved by IC": null, "Organisation Details: Date Trustees Approval": null, "Organisation Details: Welcome Email Date": null, "Denom": "Methodist", "Organisation Details: Denomination": null, "Church/Organisation Profile: Church Denomination": null, "field_13": "2079" }, "geometry": { "type": "Point", "coordinates": [ -4.168639, 55.851465 ] } },
{ "type": "Feature", "properties": { "Contact ID": 6427, "Sort Name": "Trinity Methodist, Long Eaton", "Contact Subtype": null, "Church/Organisation Profile: Church Postcode": "NG10 1HD", "Long": -1.26827, "Lat": 52.897393, "Church/Organisation Profile: Approved by IC": null, "Organisation Details: Date Trustees Approval": null, "Organisation Details: Welcome Email Date": null, "Denom": "Methodist", "Organisation Details: Denomination": null, "Church/Organisation Profile: Church Denomination": null, "field_13": "6909" }, "geometry": { "type": "Point", "coordinates": [ -1.26827, 52.897393 ] } },
{ "type": "Feature", "properties": { "Contact ID": 234393, "Sort Name": "Trinity URC, Lancaster", "Contact Subtype": null, "Church/Organisation Profile: Church Postcode": "LA1 4HL", "Long": -2.788296, "Lat": 54.035564, "Church/Organisation Profile: Approved by IC": null, "Organisation Details: Date Trustees Approval": null, "Organisation Details: Welcome Email Date": null, "Denom": null, "Organisation Details: Denomination": null, "Church/Organisation Profile: Church Denomination": null, "field_13": "8889" }, "geometry": { "type": "Point", "coordinates": [ -2.788296, 54.035564 ] } },
{ "type": "Feature", "properties": { "Contact ID": 2242, "Sort Name": "Trinity URC, Upminster", "Contact Subtype": null, "Church/Organisation Profile: Church Postcode": "RM14 2SJ", "Long": 0.249173, "Lat": 51.55692, "Church/Organisation Profile: Approved by IC": null, "Organisation Details: Date Trustees Approval": null, "Organisation Details: Welcome Email Date": null, "Denom": null, "Organisation Details: Denomination": null, "Church/Organisation Profile: Church Denomination": null, "field_13": "5820" }, "geometry": { "type": "Point", "coordinates": [ 0.249173, 51.55692 ] } },
{ "type": "Feature", "properties": { "Contact ID": 6032, "Sort Name": "Truro Methodist church", "Contact Subtype": null, "Church/Organisation Profile: Church Postcode": "TR1 1EP", "Long": -5.051589, "Lat": 50.264789, "Church/Organisation Profile: Approved by IC": null, "Organisation Details: Date Trustees Approval": null, "Organisation Details: Welcome Email Date": null, "Denom": "Methodist", "Organisation Details: Denomination": null, "Church/Organisation Profile: Church Denomination": null, "field_13": "5635" }, "geometry": { "type": "Point", "coordinates": [ -5.051589, 50.264789 ] } },
{ "type": "Feature", "properties": { "Contact ID": 6311, "Sort Name": "Union Church Heathfield", "Contact Subtype": null, "Church/Organisation Profile: Church Postcode": "TN21 8LB", "Long": 0.250479, "Lat": 50.970812, "Church/Organisation Profile: Approved by IC": null, "Organisation Details: Date Trustees Approval": null, "Organisation Details: Welcome Email Date": null, "Denom": "Baptist", "Organisation Details: Denomination": null, "Church/Organisation Profile: Church Denomination": null, "field_13": "6651" }, "geometry": { "type": "Point", "coordinates": [ 0.250479, 50.970812 ] } },
{ "type": "Feature", "properties": { "Contact ID": 6525, "Sort Name": "Union Church Margate", "Contact Subtype": null, "Church/Organisation Profile: Church Postcode": "CT9 1NR", "Long": 1.38387, "Lat": 51.387701, "Church/Organisation Profile: Approved by IC": null, "Organisation Details: Date Trustees Approval": null, "Organisation Details: Welcome Email Date": null, "Denom": "Methodist/URC", "Organisation Details: Denomination": null, "Church/Organisation Profile: Church Denomination": null, "field_13": "7204" }, "geometry": { "type": "Point", "coordinates": [ 1.38387, 51.387701 ] } },
{ "type": "Feature", "properties": { "Contact ID": 265445, "Sort Name": "United Reformed Church Chesham", "Contact Subtype": null, "Church/Organisation Profile: Church Postcode": "HP5 1BX", "Long": -0.611892, "Lat": 51.706082, "Church/Organisation Profile: Approved by IC": null, "Organisation Details: Date Trustees Approval": null, "Organisation Details: Welcome Email Date": null, "Denom": "United Reformed Church", "Organisation Details: Denomination": null, "Church/Organisation Profile: Church Denomination": null, "field_13": "22244" }, "geometry": { "type": "Point", "coordinates": [ -0.611892, 51.706082 ] } },
{ "type": "Feature", "properties": { "Contact ID": 2419, "Sort Name": "University of Winchester Chaplaincy", "Contact Subtype": null, "Church/Organisation Profile: Church Postcode": "SO22 4NR", "Long": -1.326729, "Lat": 51.059996, "Church/Organisation Profile: Approved by IC": null, "Organisation Details: Date Trustees Approval": null, "Organisation Details: Welcome Email Date": null, "Denom": null, "Organisation Details: Denomination": null, "Church/Organisation Profile: Church Denomination": null, "field_13": "2270" }, "geometry": { "type": "Point", "coordinates": [ -1.326729, 51.059996 ] } },
{ "type": "Feature", "properties": { "Contact ID": 4326, "Sort Name": "Vicars Cross URC, Chester", "Contact Subtype": null, "Church/Organisation Profile: Church Postcode": "CH3 5LL", "Long": -2.852972, "Lat": 53.195527, "Church/Organisation Profile: Approved by IC": null, "Organisation Details: Date Trustees Approval": null, "Organisation Details: Welcome Email Date": null, "Denom": "URC", "Organisation Details: Denomination": null, "Church/Organisation Profile: Church Denomination": null, "field_13": "3861" }, "geometry": { "type": "Point", "coordinates": [ -2.852972, 53.195527 ] } },
{ "type": "Feature", "properties": { "Contact ID": 2358, "Sort Name": "Victoria Methodist Bristol", "Contact Subtype": null, "Church/Organisation Profile: Church Postcode": "BS8 1NU", "Long": -2.608396, "Lat": 51.458579, "Church/Organisation Profile: Approved by IC": null, "Organisation Details: Date Trustees Approval": null, "Organisation Details: Welcome Email Date": null, "Denom": "Methodist", "Organisation Details: Denomination": null, "Church/Organisation Profile: Church Denomination": null, "field_13": "5457" }, "geometry": { "type": "Point", "coordinates": [ -2.608396, 51.458579 ] } },
{ "type": "Feature", "properties": { "Contact ID": 2760, "Sort Name": "Walmer Parish Churches", "Contact Subtype": null, "Church/Organisation Profile: Church Postcode": "CT14 7QA", "Long": 1.393403, "Lat": 51.201999, "Church/Organisation Profile: Approved by IC": null, "Organisation Details: Date Trustees Approval": null, "Organisation Details: Welcome Email Date": null, "Denom": "Church of England", "Organisation Details: Denomination": null, "Church/Organisation Profile: Church Denomination": null, "field_13": "3608" }, "geometry": { "type": "Point", "coordinates": [ 1.393403, 51.201999 ] } },
{ "type": "Feature", "properties": { "Contact ID": 6453, "Sort Name": "Wanstead URC", "Contact Subtype": null, "Church/Organisation Profile: Church Postcode": "E11 2HD", "Long": 0.027726, "Lat": 51.579922, "Church/Organisation Profile: Approved by IC": null, "Organisation Details: Date Trustees Approval": null, "Organisation Details: Welcome Email Date": null, "Denom": null, "Organisation Details: Denomination": null, "Church/Organisation Profile: Church Denomination": null, "field_13": "6993" }, "geometry": { "type": "Point", "coordinates": [ 0.027726, 51.579922 ] } },
{ "type": "Feature", "properties": { "Contact ID": 2213, "Sort Name": "Wardle Village Church, Rochdale", "Contact Subtype": null, "Church/Organisation Profile: Church Postcode": "OL12 9PE", "Long": -2.134818, "Lat": 53.650018, "Church/Organisation Profile: Approved by IC": null, "Organisation Details: Date Trustees Approval": null, "Organisation Details: Welcome Email Date": null, "Denom": "LEP (Church of England & Methodist)", "Organisation Details: Denomination": null, "Church/Organisation Profile: Church Denomination": null, "field_13": "3605" }, "geometry": { "type": "Point", "coordinates": [ -2.134818, 53.650018 ] } },
{ "type": "Feature", "properties": { "Contact ID": 2208, "Sort Name": "Watling Valley Ecumenical Partnership", "Contact Subtype": null, "Church/Organisation Profile: Church Postcode": "MK4 1NA", "Long": -0.769978, "Lat": 52.008529, "Church/Organisation Profile: Approved by IC": null, "Organisation Details: Date Trustees Approval": null, "Organisation Details: Welcome Email Date": null, "Denom": null, "Organisation Details: Denomination": null, "Church/Organisation Profile: Church Denomination": null, "field_13": "3600" }, "geometry": { "type": "Point", "coordinates": [ -0.769978, 52.008529 ] } },
{ "type": "Feature", "properties": { "Contact ID": 181957, "Sort Name": "Well Street United Church", "Contact Subtype": null, "Church/Organisation Profile: Church Postcode": "MK18 1ET", "Long": -0.989002, "Lat": 51.997612, "Church/Organisation Profile: Approved by IC": null, "Organisation Details: Date Trustees Approval": null, "Organisation Details: Welcome Email Date": null, "Denom": "LEP - Baptist, Methodist, URC", "Organisation Details: Denomination": null, "Church/Organisation Profile: Church Denomination": null, "field_13": "10232" }, "geometry": { "type": "Point", "coordinates": [ -0.989002, 51.997612 ] } },
{ "type": "Feature", "properties": { "Contact ID": 265345, "Sort Name": "Wesley Hall Methodist Church", "Contact Subtype": null, "Church/Organisation Profile: Church Postcode": "S10 1UD", "Long": -1.50833, "Lat": 53.383873, "Church/Organisation Profile: Approved by IC": null, "Organisation Details: Date Trustees Approval": null, "Organisation Details: Welcome Email Date": null, "Denom": "Methodist Church", "Organisation Details: Denomination": null, "Church/Organisation Profile: Church Denomination": null, "field_13": "6025" }, "geometry": { "type": "Point", "coordinates": [ -1.50833, 53.383873 ] } },
{ "type": "Feature", "properties": { "Contact ID": 235061, "Sort Name": "Wesley Memorial Church, Oxford", "Contact Subtype": null, "Church/Organisation Profile: Church Postcode": "OX1 2DH", "Long": -1.260813, "Lat": 51.753037, "Church/Organisation Profile: Approved by IC": null, "Organisation Details: Date Trustees Approval": null, "Organisation Details: Welcome Email Date": null, "Denom": "Methodist", "Organisation Details: Denomination": null, "Church/Organisation Profile: Church Denomination": null, "field_13": "4567" }, "geometry": { "type": "Point", "coordinates": [ -1.260813, 51.753037 ] } },
{ "type": "Feature", "properties": { "Contact ID": 89006, "Sort Name": "Wesley Methodist Cambridge", "Contact Subtype": null, "Church/Organisation Profile: Church Postcode": "CB1 1LG", "Long": 0.125482, "Lat": 52.207163, "Church/Organisation Profile: Approved by IC": null, "Organisation Details: Date Trustees Approval": null, "Organisation Details: Welcome Email Date": null, "Denom": "Methodist", "Organisation Details: Denomination": null, "Church/Organisation Profile: Church Denomination": null, "field_13": "9447" }, "geometry": { "type": "Point", "coordinates": [ 0.125482, 52.207163 ] } },
{ "type": "Feature", "properties": { "Contact ID": 2511, "Sort Name": "Wesley Methodist Chester", "Contact Subtype": null, "Church/Organisation Profile: Church Postcode": "CH1 1DA", "Long": -2.888091, "Lat": 53.18985, "Church/Organisation Profile: Approved by IC": null, "Organisation Details: Date Trustees Approval": null, "Organisation Details: Welcome Email Date": null, "Denom": "Methodist", "Organisation Details: Denomination": null, "Church/Organisation Profile: Church Denomination": null, "field_13": "2368" }, "geometry": { "type": "Point", "coordinates": [ -2.888091, 53.18985 ] } },
{ "type": "Feature", "properties": { "Contact ID": 235742, "Sort Name": "Wesley Methodist Church, Cardiff", "Contact Subtype": null, "Church/Organisation Profile: Church Postcode": "CF5 1BA", "Long": -3.213061, "Lat": 51.482469, "Church/Organisation Profile: Approved by IC": null, "Organisation Details: Date Trustees Approval": null, "Organisation Details: Welcome Email Date": null, "Denom": "Methodist Church", "Organisation Details: Denomination": null, "Church/Organisation Profile: Church Denomination": null, "field_13": "20468" }, "geometry": { "type": "Point", "coordinates": [ -3.213061, 51.482469 ] } },
{ "type": "Feature", "properties": { "Contact ID": 2322, "Sort Name": "Wesley Methodist, Leigh on Sea", "Contact Subtype": null, "Church/Organisation Profile: Church Postcode": "SS9 1SJ", "Long": 0.654784, "Lat": 51.543146, "Church/Organisation Profile: Approved by IC": null, "Organisation Details: Date Trustees Approval": null, "Organisation Details: Welcome Email Date": null, "Denom": "Methodist", "Organisation Details: Denomination": null, "Church/Organisation Profile: Church Denomination": null, "field_13": "C2159" }, "geometry": { "type": "Point", "coordinates": [ 0.654784, 51.543146 ] } },
{ "type": "Feature", "properties": { "Contact ID": 2600, "Sort Name": "Whitton, St Mary & St Botolph, Ipswich", "Contact Subtype": null, "Church/Organisation Profile: Church Postcode": "IP1 6LT", "Long": 1.134515, "Lat": 52.086126, "Church/Organisation Profile: Approved by IC": null, "Organisation Details: Date Trustees Approval": null, "Organisation Details: Welcome Email Date": null, "Denom": null, "Organisation Details: Denomination": null, "Church/Organisation Profile: Church Denomination": null, "field_13": "2457" }, "geometry": { "type": "Point", "coordinates": [ 1.134515, 52.086126 ] } },
{ "type": "Feature", "properties": { "Contact ID": 4008, "Sort Name": "William Temple Church Sheffield", "Contact Subtype": null, "Church/Organisation Profile: Church Postcode": "S2 1QT", "Long": -1.427753, "Lat": 53.374373, "Church/Organisation Profile: Approved by IC": null, "Organisation Details: Date Trustees Approval": null, "Organisation Details: Welcome Email Date": null, "Denom": null, "Organisation Details: Denomination": null, "Church/Organisation Profile: Church Denomination": null, "field_13": "2474" }, "geometry": { "type": "Point", "coordinates": [ -1.427753, 53.374373 ] } },
{ "type": "Feature", "properties": { "Contact ID": 2777, "Sort Name": "William Temple Church, Wythenshawe", "Contact Subtype": null, "Church/Organisation Profile: Church Postcode": "M22 0BU", "Long": -2.263477, "Lat": 53.376448, "Church/Organisation Profile: Approved by IC": null, "Organisation Details: Date Trustees Approval": null, "Organisation Details: Welcome Email Date": null, "Denom": null, "Organisation Details: Denomination": null, "Church/Organisation Profile: Church Denomination": null, "field_13": "2192" }, "geometry": { "type": "Point", "coordinates": [ -2.263477, 53.376448 ] } },
{ "type": "Feature", "properties": { "Contact ID": 2325, "Sort Name": "Winchmore Hill URC", "Contact Subtype": null, "Church/Organisation Profile: Church Postcode": "N21 3NU", "Long": -0.099427, "Lat": 51.631923, "Church/Organisation Profile: Approved by IC": null, "Organisation Details: Date Trustees Approval": null, "Organisation Details: Welcome Email Date": null, "Denom": "United Reformed Church", "Organisation Details: Denomination": null, "Church/Organisation Profile: Church Denomination": null, "field_13": "2162" }, "geometry": { "type": "Point", "coordinates": [ -0.099427, 51.631923 ] } },
{ "type": "Feature", "properties": { "Contact ID": 235514, "Sort Name": "Windsor Baptist Church", "Contact Subtype": null, "Church/Organisation Profile: Church Postcode": "SL4 1EH", "Long": -0.61129, "Lat": 51.479781, "Church/Organisation Profile: Approved by IC": null, "Organisation Details: Date Trustees Approval": null, "Organisation Details: Welcome Email Date": null, "Denom": "Baptist Union", "Organisation Details: Denomination": null, "Church/Organisation Profile: Church Denomination": null, "field_13": "12603" }, "geometry": { "type": "Point", "coordinates": [ -0.61129, 51.479781 ] } },
{ "type": "Feature", "properties": { "Contact ID": 3974, "Sort Name": "Woodstock Methodist Church", "Contact Subtype": null, "Church/Organisation Profile: Church Postcode": "OX20 1TT", "Long": -1.354417, "Lat": 51.848266, "Church/Organisation Profile: Approved by IC": null, "Organisation Details: Date Trustees Approval": null, "Organisation Details: Welcome Email Date": null, "Denom": "Methodist", "Organisation Details: Denomination": null, "Church/Organisation Profile: Church Denomination": null, "field_13": "3769" }, "geometry": { "type": "Point", "coordinates": [ -1.354417, 51.848266 ] } },
{ "type": "Feature", "properties": { "Contact ID": 6733, "Sort Name": "Worcester Baptist Church", "Contact Subtype": null, "Church/Organisation Profile: Church Postcode": "WR1 1LN", "Long": -2.220326, "Lat": 52.196461, "Church/Organisation Profile: Approved by IC": null, "Organisation Details: Date Trustees Approval": null, "Organisation Details: Welcome Email Date": null, "Denom": "Baptist", "Organisation Details: Denomination": null, "Church/Organisation Profile: Church Denomination": null, "field_13": "7868" }, "geometry": { "type": "Point", "coordinates": [ -2.220326, 52.196461 ] } },
{ "type": "Feature", "properties": { "Contact ID": 4323, "Sort Name": "Wylde Green URC", "Contact Subtype": null, "Church/Organisation Profile: Church Postcode": "B73 5SW", "Long": -1.836198, "Lat": 52.548448, "Church/Organisation Profile: Approved by IC": null, "Organisation Details: Date Trustees Approval": null, "Organisation Details: Welcome Email Date": null, "Denom": "United Reformed Church", "Organisation Details: Denomination": null, "Church/Organisation Profile: Church Denomination": null, "field_13": "3858" }, "geometry": { "type": "Point", "coordinates": [ -1.836198, 52.548448 ] } }
]
}
